{
  "type": "FeatureCollection",
  "properties": {
    "source": "Derived from authoritative sink-filled DEM",
    "minimum_upstream_area_km2": 0.25,
    "major_channel_threshold_km2": 5.0
  },
  "features": [
    {
      "type": "Feature",
      "properties": {
        "channel_class": "drainage",
        "upstream_area_km2": 0.835,
        "source": "HydroSim D8 flow accumulation"
      },
      "geometry": {
        "type": "LineString",
        "coordinates": [
          [
            39.916791200558684,
            21.527833522251427
          ],
          [
            39.91707745031046,
            21.52728989533007
          ],
          [
            39.916493046625845,
            21.526480025121042
          ],
          [
            39.91328995461199,
            21.523787314204203
          ],
          [
            39.91299522942178,
            21.522975844881636
          ]
        ]
      }
    },
    {
      "type": "Feature",
      "properties": {
        "channel_class": "drainage",
        "upstream_area_km2": 0.364,
        "source": "HydroSim D8 flow accumulation"
      },
      "geometry": {
        "type": "LineString",
        "coordinates": [
          [
            39.93416337260753,
            21.526653065118047
          ],
          [
            39.933003046438984,
            21.52638853076258
          ]
        ]
      }
    },
    {
      "type": "Feature",
      "properties": {
        "channel_class": "drainage",
        "upstream_area_km2": 1.896,
        "source": "HydroSim D8 flow accumulation"
      },
      "geometry": {
        "type": "LineString",
        "coordinates": [
          [
            39.933003046438984,
            21.52638853076258
          ],
          [
            39.932425479450536,
            21.526662785199406
          ],
          [
            39.93068240577074,
            21.52585943736313
          ],
          [
            39.929816912951615,
            21.52640631472915
          ],
          [
            39.92749972290175,
            21.52641921032479
          ],
          [
            39.92662561928284,
            21.525610987094527
          ],
          [
            39.92489116625687,
            21.5261626623674
          ],
          [
            39.92286191362157,
            21.525902870590144
          ],
          [
            39.922286038974185,
            21.526448107804022
          ],
          [
            39.92054814239495,
            21.526457704108978
          ],
          [
            39.91705873693601,
            21.524308700994084
          ],
          [
            39.916482845856365,
            21.524853918829024
          ],
          [
            39.914441749112434,
            21.522696898019042
          ]
        ]
      }
    },
    {
      "type": "Feature",
      "properties": {
        "channel_class": "drainage",
        "upstream_area_km2": 1.029,
        "source": "HydroSim D8 flow accumulation"
      },
      "geometry": {
        "type": "LineString",
        "coordinates": [
          [
            39.92834972646364,
            21.523433193107323
          ],
          [
            39.927485958806336,
            21.52425107525159
          ],
          [
            39.92486714827459,
            21.52236842269116
          ],
          [
            39.92457922206822,
            21.522641044722683
          ],
          [
            39.923706870635336,
            21.522103821727203
          ],
          [
            39.922843083557105,
            21.522921680616406
          ],
          [
            39.92110181233911,
            21.522389246306314
          ],
          [
            39.92052594419076,
            21.52293447741208
          ],
          [
            39.91936737386384,
            21.522940863749334
          ],
          [
            39.91792767341953,
            21.52430392372555
          ],
          [
            39.91676909138808,
            21.524310292411805
          ],
          [
            39.9150210341637,
            21.522693722985245
          ]
        ]
      }
    },
    {
      "type": "Feature",
      "properties": {
        "channel_class": "major",
        "upstream_area_km2": 5.008,
        "source": "HydroSim D8 flow accumulation"
      },
      "geometry": {
        "type": "LineString",
        "coordinates": [
          [
            39.91299522942178,
            21.522975844881636
          ],
          [
            39.91009373185019,
            21.522178610092517
          ],
          [
            39.907182169459894,
            21.519755212155637
          ],
          [
            39.906311576680736,
            21.519488913849642
          ],
          [
            39.90486842632576,
            21.520309827325455
          ],
          [
            39.90457711015335,
            21.520040378516626
          ]
        ]
      }
    },
    {
      "type": "Feature",
      "properties": {
        "channel_class": "drainage",
        "upstream_area_km2": 3.527,
        "source": "HydroSim D8 flow accumulation"
      },
      "geometry": {
        "type": "LineString",
        "coordinates": [
          [
            39.914441749112434,
            21.522696898019042
          ],
          [
            39.91299522942178,
            21.522975844881636
          ]
        ]
      }
    },
    {
      "type": "Feature",
      "properties": {
        "channel_class": "drainage",
        "upstream_area_km2": 1.528,
        "source": "HydroSim D8 flow accumulation"
      },
      "geometry": {
        "type": "LineString",
        "coordinates": [
          [
            39.9150210341637,
            21.522693722985245
          ],
          [
            39.914441749112434,
            21.522696898019042
          ]
        ]
      }
    },
    {
      "type": "Feature",
      "properties": {
        "channel_class": "drainage",
        "upstream_area_km2": 0.624,
        "source": "HydroSim D8 flow accumulation"
      },
      "geometry": {
        "type": "LineString",
        "coordinates": [
          [
            39.90777827967227,
            21.522462247958245
          ],
          [
            39.90719562917517,
            21.521923360760347
          ],
          [
            39.906618027422795,
            21.52219752710631
          ],
          [
            39.90516477972823,
            21.521392331749194
          ],
          [
            39.904290826141015,
            21.520583985598233
          ],
          [
            39.90457711015335,
            21.520040378516626
          ]
        ]
      }
    },
    {
      "type": "Feature",
      "properties": {
        "channel_class": "drainage",
        "upstream_area_km2": 0.274,
        "source": "HydroSim D8 flow accumulation"
      },
      "geometry": {
        "type": "LineString",
        "coordinates": [
          [
            39.92863247965763,
            21.522347514152198
          ],
          [
            39.92834972646364,
            21.523433193107323
          ]
        ]
      }
    },
    {
      "type": "Feature",
      "properties": {
        "channel_class": "drainage",
        "upstream_area_km2": 0.333,
        "source": "HydroSim D8 flow accumulation"
      },
      "geometry": {
        "type": "LineString",
        "coordinates": [
          [
            39.93239434783592,
            21.521784487465442
          ],
          [
            39.93239780646968,
            21.52232652068983
          ],
          [
            39.93124615386254,
            21.523417055960927
          ],
          [
            39.930087583227994,
            21.523423516849874
          ],
          [
            39.929504849637944,
            21.522884710679733
          ],
          [
            39.92834972646364,
            21.523433193107323
          ]
        ]
      }
    },
    {
      "type": "Feature",
      "properties": {
        "channel_class": "drainage",
        "upstream_area_km2": 0.758,
        "source": "HydroSim D8 flow accumulation"
      },
      "geometry": {
        "type": "LineString",
        "coordinates": [
          [
            39.89646723353438,
            21.52008413347761
          ],
          [
            39.89558669125748,
            21.518191661657944
          ],
          [
            39.89673858031901,
            21.51710136385392
          ],
          [
            39.89615599116185,
            21.516562435604605
          ],
          [
            39.896146021783835,
            21.514936318205134
          ],
          [
            39.895563443676465,
            21.51439738737402
          ],
          [
            39.895851410401896,
            21.514124813801413
          ],
          [
            39.895265517257414,
            21.51304384231789
          ]
        ]
      }
    },
    {
      "type": "Feature",
      "properties": {
        "channel_class": "major",
        "upstream_area_km2": 5.688,
        "source": "HydroSim D8 flow accumulation"
      },
      "geometry": {
        "type": "LineString",
        "coordinates": [
          [
            39.90457711015335,
            21.520040378516626
          ],
          [
            39.90370316807953,
            21.519232028761675
          ],
          [
            39.90283425830784,
            21.51923673091842
          ]
        ]
      }
    },
    {
      "type": "Feature",
      "properties": {
        "channel_class": "drainage",
        "upstream_area_km2": 0.474,
        "source": "HydroSim D8 flow accumulation"
      },
      "geometry": {
        "type": "LineString",
        "coordinates": [
          [
            39.92166571090428,
            21.51994689100782
          ],
          [
            39.92167083872336,
            21.5207599434858
          ],
          [
            39.9202311812413,
            21.52212302215512
          ],
          [
            39.9182019909882,
            21.52186317128443
          ],
          [
            39.916762289474285,
            21.523226221388526
          ],
          [
            39.9150210341637,
            21.522693722985245
          ]
        ]
      }
    },
    {
      "type": "Feature",
      "properties": {
        "channel_class": "major",
        "upstream_area_km2": 8.443,
        "source": "HydroSim D8 flow accumulation"
      },
      "geometry": {
        "type": "LineString",
        "coordinates": [
          [
            39.90283425830784,
            21.51923673091842
          ],
          [
            39.902542947962885,
            21.518967278318414
          ]
        ]
      }
    },
    {
      "type": "Feature",
      "properties": {
        "channel_class": "drainage",
        "upstream_area_km2": 0.59,
        "source": "HydroSim D8 flow accumulation"
      },
      "geometry": {
        "type": "LineString",
        "coordinates": [
          [
            39.93730082873643,
            21.519046744253355
          ],
          [
            39.93702683486549,
            21.521487517227555
          ],
          [
            39.9344356873466,
            21.523941279861457
          ],
          [
            39.93473226614443,
            21.52502372322129
          ],
          [
            39.9341529750885,
            21.525026967000436
          ],
          [
            39.933003046438984,
            21.52638853076258
          ]
        ]
      }
    },
    {
      "type": "Feature",
      "properties": {
        "channel_class": "major",
        "upstream_area_km2": 9.142,
        "source": "HydroSim D8 flow accumulation"
      },
      "geometry": {
        "type": "LineString",
        "coordinates": [
          [
            39.902542947962885,
            21.518967278318414
          ],
          [
            39.90080011949062,
            21.51816360853689
          ],
          [
            39.89992120317982,
            21.51654217996243
          ],
          [
            39.89700825542257,
            21.513847573562092
          ]
        ]
      }
    },
    {
      "type": "Feature",
      "properties": {
        "channel_class": "drainage",
        "upstream_area_km2": 0.971,
        "source": "HydroSim D8 flow accumulation"
      },
      "geometry": {
        "type": "LineString",
        "coordinates": [
          [
            39.88948455611908,
            21.514971944173183
          ],
          [
            39.88860578358055,
            21.51335045038922
          ],
          [
            39.884526420714764,
            21.509306674258873
          ],
          [
            39.884514945046,
            21.50740952959995
          ],
          [
            39.88305868874359,
            21.506062089421768
          ],
          [
            39.88305214303061,
            21.50497800596157
          ]
        ]
      }
    },
    {
      "type": "Feature",
      "properties": {
        "channel_class": "drainage",
        "upstream_area_km2": 2.619,
        "source": "HydroSim D8 flow accumulation"
      },
      "geometry": {
        "type": "LineString",
        "coordinates": [
          [
            39.91381332010921,
            21.514840544972785
          ],
          [
            39.91093056017126,
            21.517024521217785
          ],
          [
            39.909482401863286,
            21.517032417565083
          ],
          [
            39.90890650903899,
            21.517577609709146
          ],
          [
            39.90600849918479,
            21.51732233633882
          ],
          [
            39.904274056775556,
            21.517873797135437
          ],
          [
            39.90283425830784,
            21.51923673091842
          ]
        ]
      }
    },
    {
      "type": "Feature",
      "properties": {
        "channel_class": "drainage",
        "upstream_area_km2": 1.76,
        "source": "HydroSim D8 flow accumulation"
      },
      "geometry": {
        "type": "LineString",
        "coordinates": [
          [
            39.917868095987394,
            21.51481830051098
          ],
          [
            39.91381332010921,
            21.514840544972785
          ]
        ]
      }
    },
    {
      "type": "Feature",
      "properties": {
        "channel_class": "drainage",
        "upstream_area_km2": 0.747,
        "source": "HydroSim D8 flow accumulation"
      },
      "geometry": {
        "type": "LineString",
        "coordinates": [
          [
            39.88224054564796,
            21.514468325398212
          ],
          [
            39.883101245905515,
            21.513108628438665
          ],
          [
            39.883091423479186,
            21.511482504584713
          ],
          [
            39.88192639276866,
            21.510404544886896
          ],
          [
            39.881044466039754,
            21.508240964793828
          ],
          [
            39.879879476627195,
            21.50716298900064
          ],
          [
            39.88015930430156,
            21.50553533646211
          ],
          [
            39.878420008319424,
            21.505273464405544
          ]
        ]
      }
    },
    {
      "type": "Feature",
      "properties": {
        "channel_class": "major",
        "upstream_area_km2": 9.498,
        "source": "HydroSim D8 flow accumulation"
      },
      "geometry": {
        "type": "LineString",
        "coordinates": [
          [
            39.89700825542257,
            21.513847573562092
          ],
          [
            39.896134392030234,
            21.513039180833474
          ],
          [
            39.895265517257414,
            21.51304384231789
          ]
        ]
      }
    },
    {
      "type": "Feature",
      "properties": {
        "channel_class": "drainage",
        "upstream_area_km2": 0.309,
        "source": "HydroSim D8 flow accumulation"
      },
      "geometry": {
        "type": "LineString",
        "coordinates": [
          [
            39.89990118162177,
            21.51328994820162
          ],
          [
            39.89845305588469,
            21.513297747587067
          ],
          [
            39.897589172281755,
            21.514115479768616
          ],
          [
            39.89700825542257,
            21.513847573562092
          ]
        ]
      }
    },
    {
      "type": "Feature",
      "properties": {
        "channel_class": "drainage",
        "upstream_area_km2": 0.464,
        "source": "HydroSim D8 flow accumulation"
      },
      "geometry": {
        "type": "LineString",
        "coordinates": [
          [
            39.9094587950067,
            21.513238157324036
          ],
          [
            39.90946553929318,
            21.514322231856987
          ],
          [
            39.90831376976434,
            21.515412613759217
          ],
          [
            39.906870670686864,
            21.51623354313358
          ],
          [
            39.906001779502084,
            21.516238261153536
          ],
          [
            39.902542947962885,
            21.518967278318414
          ]
        ]
      }
    },
    {
      "type": "Feature",
      "properties": {
        "channel_class": "drainage",
        "upstream_area_km2": 0.77,
        "source": "HydroSim D8 flow accumulation"
      },
      "geometry": {
        "type": "LineString",
        "coordinates": [
          [
            39.925967331841974,
            21.51314741200439
          ],
          [
            39.924234735519065,
            21.513970093541037
          ],
          [
            39.917868095987394,
            21.51481830051098
          ]
        ]
      }
    },
    {
      "type": "Feature",
      "properties": {
        "channel_class": "major",
        "upstream_area_km2": 10.803,
        "source": "HydroSim D8 flow accumulation"
      },
      "geometry": {
        "type": "LineString",
        "coordinates": [
          [
            39.895265517257414,
            21.51304384231789
          ],
          [
            39.893224895231334,
            21.510886542287746
          ],
          [
            39.89264565347543,
            21.510889640058043
          ],
          [
            39.89118928910683,
            21.50954227512691
          ],
          [
            39.891184333703755,
            21.508729214679263
          ],
          [
            39.8882733484857,
            21.506305462834636
          ],
          [
            39.887113255593,
            21.506040600221525
          ],
          [
            39.88624934752574,
            21.506858275136633
          ],
          [
            39.88450674891235,
            21.506054426004876
          ],
          [
            39.88391769684962,
            21.504431368015503
          ],
          [
            39.88305214303061,
            21.50497800596157
          ]
        ]
      }
    },
    {
      "type": "Feature",
      "properties": {
        "channel_class": "drainage",
        "upstream_area_km2": 0.364,
        "source": "HydroSim D8 flow accumulation"
      },
      "geometry": {
        "type": "LineString",
        "coordinates": [
          [
            39.900463739249886,
            21.510576631248426
          ],
          [
            39.89959821521154,
            21.511123353690287
          ],
          [
            39.89901397418945,
            21.510313415052913
          ]
        ]
      }
    },
    {
      "type": "Feature",
      "properties": {
        "channel_class": "drainage",
        "upstream_area_km2": 1.43,
        "source": "HydroSim D8 flow accumulation"
      },
      "geometry": {
        "type": "LineString",
        "coordinates": [
          [
            39.89901397418945,
            21.510313415052913
          ],
          [
            39.89843140500716,
            21.509774493662835
          ],
          [
            39.897855496953156,
            21.510319648590546
          ],
          [
            39.89640906141043,
            21.510598448931688
          ],
          [
            39.89378757018607,
            21.50817324307596
          ]
        ]
      }
    },
    {
      "type": "Feature",
      "properties": {
        "channel_class": "drainage",
        "upstream_area_km2": 0.535,
        "source": "HydroSim D8 flow accumulation"
      },
      "geometry": {
        "type": "LineString",
        "coordinates": [
          [
            39.91436206298449,
            21.5099590437102
          ],
          [
            39.914368842492635,
            21.5110431171844
          ],
          [
            39.913792991271514,
            21.5115883250944
          ],
          [
            39.91381332010921,
            21.514840544972785
          ]
        ]
      }
    },
    {
      "type": "Feature",
      "properties": {
        "channel_class": "drainage",
        "upstream_area_km2": 0.411,
        "source": "HydroSim D8 flow accumulation"
      },
      "geometry": {
        "type": "LineString",
        "coordinates": [
          [
            39.878158064892865,
            21.509882347157514
          ],
          [
            39.87873404740599,
            21.509337257682724
          ],
          [
            39.87843465972001,
            21.507712654951224
          ],
          [
            39.87901063293217,
            21.50716756470873
          ],
          [
            39.87900737484238,
            21.50662552247625
          ],
          [
            39.87813365202259,
            21.50581702993355
          ],
          [
            39.878420008319424,
            21.505273464405544
          ]
        ]
      }
    },
    {
      "type": "Feature",
      "properties": {
        "channel_class": "drainage",
        "upstream_area_km2": 0.661,
        "source": "HydroSim D8 flow accumulation"
      },
      "geometry": {
        "type": "LineString",
        "coordinates": [
          [
            39.873516045553075,
            21.50855154666673
          ],
          [
            39.87466803204113,
            21.507461396878185
          ],
          [
            39.87407260247538,
            21.504754214814756
          ],
          [
            39.87493656911322,
            21.503936600796415
          ],
          [
            39.874933326658685,
            21.503394557761442
          ]
        ]
      }
    },
    {
      "type": "Feature",
      "properties": {
        "channel_class": "drainage",
        "upstream_area_km2": 2.269,
        "source": "HydroSim D8 flow accumulation"
      },
      "geometry": {
        "type": "LineString",
        "coordinates": [
          [
            39.89378757018607,
            21.50817324307596
          ],
          [
            39.89261918235249,
            21.506553319167537
          ],
          [
            39.89087985697132,
            21.506291578112606
          ],
          [
            39.88942355573753,
            21.50494419490257
          ],
          [
            39.88941861131449,
            21.504131133616273
          ],
          [
            39.888251950549794,
            21.502782196152538
          ],
          [
            39.88504989385615,
            21.500088899592754
          ],
          [
            39.8850400563086,
            21.498462774063494
          ]
        ]
      }
    },
    {
      "type": "Feature",
      "properties": {
        "channel_class": "drainage",
        "upstream_area_km2": 0.264,
        "source": "HydroSim D8 flow accumulation"
      },
      "geometry": {
        "type": "LineString",
        "coordinates": [
          [
            39.8949410557712,
            21.50735397860229
          ],
          [
            39.89378757018607,
            21.50817324307596
          ]
        ]
      }
    },
    {
      "type": "Feature",
      "properties": {
        "channel_class": "drainage",
        "upstream_area_km2": 0.841,
        "source": "HydroSim D8 flow accumulation"
      },
      "geometry": {
        "type": "LineString",
        "coordinates": [
          [
            39.92331965151784,
            21.506657423821903
          ],
          [
            39.92101813292651,
            21.509109379569082
          ],
          [
            39.921028375925275,
            21.510735486850976
          ],
          [
            39.917868095987394,
            21.51481830051098
          ]
        ]
      }
    },
    {
      "type": "Feature",
      "properties": {
        "channel_class": "drainage",
        "upstream_area_km2": 1.301,
        "source": "HydroSim D8 flow accumulation"
      },
      "geometry": {
        "type": "LineString",
        "coordinates": [
          [
            39.878420008319424,
            21.505273464405544
          ],
          [
            39.87725506203522,
            21.504195468457926
          ],
          [
            39.87551578610739,
            21.50393356539013
          ],
          [
            39.874933326658685,
            21.503394557761442
          ]
        ]
      }
    },
    {
      "type": "Feature",
      "properties": {
        "channel_class": "major",
        "upstream_area_km2": 12.04,
        "source": "HydroSim D8 flow accumulation"
      },
      "geometry": {
        "type": "LineString",
        "coordinates": [
          [
            39.88305214303061,
            21.50497800596157
          ],
          [
            39.881306317388024,
            21.503632079824307
          ],
          [
            39.878989457178385,
            21.503644289560707
          ],
          [
            39.87840698659133,
            21.50310529442596
          ],
          [
            39.878691708850056,
            21.502290707186216
          ],
          [
            39.87810924490484,
            21.50175171070559
          ],
          [
            39.877245309074446,
            21.5025693403078
          ],
          [
            39.87521806899548,
            21.502579975794976
          ]
        ]
      }
    },
    {
      "type": "Feature",
      "properties": {
        "channel_class": "drainage",
        "upstream_area_km2": 0.833,
        "source": "HydroSim D8 flow accumulation"
      },
      "geometry": {
        "type": "LineString",
        "coordinates": [
          [
            39.9056416404105,
            21.50485703385117
          ],
          [
            39.903617733306646,
            21.505410053794634
          ],
          [
            39.90102627792837,
            21.50786331225855
          ],
          [
            39.900169113950625,
            21.50976513457531
          ],
          [
            39.89930526039057,
            21.510582874916604
          ],
          [
            39.89901397418945,
            21.510313415052913
          ]
        ]
      }
    },
    {
      "type": "Feature",
      "properties": {
        "channel_class": "drainage",
        "upstream_area_km2": 1.973,
        "source": "HydroSim D8 flow accumulation"
      },
      "geometry": {
        "type": "LineString",
        "coordinates": [
          [
            39.874933326658685,
            21.503394557761442
          ],
          [
            39.87521806899548,
            21.502579975794976
          ]
        ]
      }
    },
    {
      "type": "Feature",
      "properties": {
        "channel_class": "major",
        "upstream_area_km2": 14.755,
        "source": "HydroSim D8 flow accumulation"
      },
      "geometry": {
        "type": "LineString",
        "coordinates": [
          [
            39.87521806899548,
            21.502579975794976
          ],
          [
            39.87462427304562,
            21.500143815460007
          ],
          [
            39.87577132008269,
            21.49824059461238
          ],
          [
            39.874313616440816,
            21.496622049084714
          ],
          [
            39.8748863225168,
            21.495534929751834
          ]
        ]
      }
    },
    {
      "type": "Feature",
      "properties": {
        "channel_class": "drainage",
        "upstream_area_km2": 0.523,
        "source": "HydroSim D8 flow accumulation"
      },
      "geometry": {
        "type": "LineString",
        "coordinates": [
          [
            39.91459744239278,
            21.501284865247097
          ],
          [
            39.915159688113185,
            21.498571506169522
          ]
        ]
      }
    },
    {
      "type": "Feature",
      "properties": {
        "channel_class": "drainage",
        "upstream_area_km2": 0.26,
        "source": "HydroSim D8 flow accumulation"
      },
      "geometry": {
        "type": "LineString",
        "coordinates": [
          [
            39.916328251976886,
            21.50019126736165
          ],
          [
            39.91632485679058,
            21.49964923023631
          ]
        ]
      }
    },
    {
      "type": "Feature",
      "properties": {
        "channel_class": "drainage",
        "upstream_area_km2": 0.568,
        "source": "HydroSim D8 flow accumulation"
      },
      "geometry": {
        "type": "LineString",
        "coordinates": [
          [
            39.91632485679058,
            21.49964923023631
          ],
          [
            39.915159688113185,
            21.498571506169522
          ]
        ]
      }
    },
    {
      "type": "Feature",
      "properties": {
        "channel_class": "drainage",
        "upstream_area_km2": 0.274,
        "source": "HydroSim D8 flow accumulation"
      },
      "geometry": {
        "type": "LineString",
        "coordinates": [
          [
            39.91748154387108,
            21.49937185307518
          ],
          [
            39.91632485679058,
            21.49964923023631
          ]
        ]
      }
    },
    {
      "type": "Feature",
      "properties": {
        "channel_class": "drainage",
        "upstream_area_km2": 0.781,
        "source": "HydroSim D8 flow accumulation"
      },
      "geometry": {
        "type": "LineString",
        "coordinates": [
          [
            39.90560640353119,
            21.499165628468848
          ],
          [
            39.904441314806135,
            21.498087826642678
          ],
          [
            39.90241248019147,
            21.497827770355116
          ],
          [
            39.89513448293872,
            21.49163325661848
          ],
          [
            39.89455863088704,
            21.492178399289386
          ]
        ]
      }
    },
    {
      "type": "Feature",
      "properties": {
        "channel_class": "drainage",
        "upstream_area_km2": 2.587,
        "source": "HydroSim D8 flow accumulation"
      },
      "geometry": {
        "type": "LineString",
        "coordinates": [
          [
            39.915159688113185,
            21.498571506169522
          ],
          [
            39.914851452439564,
            21.49559188606122
          ],
          [
            39.917442458178805,
            21.49313842538826
          ],
          [
            39.91656352244761,
            21.491517080821293
          ],
          [
            39.917130795697695,
            21.48961677117391
          ],
          [
            39.91653976282793,
            21.487722816509674
          ],
          [
            39.91595722485063,
            21.487183953916123
          ],
          [
            39.91653127851647,
            21.486367721689383
          ],
          [
            39.915078343695185,
            21.485562598539143
          ],
          [
            39.915654091434305,
            21.48501738832859
          ],
          [
            39.91507156776345,
            21.48447852197652
          ],
          [
            39.91505801717812,
            21.482310368423622
          ],
          [
            39.915923314106166,
            21.481763572063468
          ]
        ]
      }
    },
    {
      "type": "Feature",
      "properties": {
        "channel_class": "drainage",
        "upstream_area_km2": 3.226,
        "source": "HydroSim D8 flow accumulation"
      },
      "geometry": {
        "type": "LineString",
        "coordinates": [
          [
            39.8850400563086,
            21.498462774063494
          ],
          [
            39.88532473315907,
            21.497648176642613
          ],
          [
            39.88473734840034,
            21.496296140120446
          ],
          [
            39.88357243135814,
            21.495218186240717
          ],
          [
            39.88356915836193,
            21.494676143900648
          ],
          [
            39.880951430747,
            21.49279275765676
          ],
          [
            39.88123448892342,
            21.491707144814274
          ],
          [
            39.878613590790934,
            21.48928167506972
          ],
          [
            39.879186237740036,
            21.488194542118695
          ]
        ]
      }
    },
    {
      "type": "Feature",
      "properties": {
        "channel_class": "drainage",
        "upstream_area_km2": 0.523,
        "source": "HydroSim D8 flow accumulation"
      },
      "geometry": {
        "type": "LineString",
        "coordinates": [
          [
            39.88735518687743,
            21.498179462429693
          ],
          [
            39.88649132491981,
            21.498997137712294
          ],
          [
            39.88562253127811,
            21.49900174615603
          ],
          [
            39.8850400563086,
            21.498462774063494
          ]
        ]
      }
    },
    {
      "type": "Feature",
      "properties": {
        "channel_class": "drainage",
        "upstream_area_km2": 0.522,
        "source": "HydroSim D8 flow accumulation"
      },
      "geometry": {
        "type": "LineString",
        "coordinates": [
          [
            39.899226941692845,
            21.497844948611476
          ],
          [
            39.898055255347884,
            21.49568301987462
          ],
          [
            39.89455863088704,
            21.492178399289386
          ]
        ]
      }
    },
    {
      "type": "Feature",
      "properties": {
        "channel_class": "drainage",
        "upstream_area_km2": 0.293,
        "source": "HydroSim D8 flow accumulation"
      },
      "geometry": {
        "type": "LineString",
        "coordinates": [
          [
            39.877505651677396,
            21.497689432949187
          ],
          [
            39.876636863693605,
            21.497693994397814
          ],
          [
            39.8763407744587,
            21.49661142737201
          ],
          [
            39.8748863225168,
            21.495534929751834
          ]
        ]
      }
    },
    {
      "type": "Feature",
      "properties": {
        "channel_class": "drainage",
        "upstream_area_km2": 0.662,
        "source": "HydroSim D8 flow accumulation"
      },
      "geometry": {
        "type": "LineString",
        "coordinates": [
          [
            39.84680520123599,
            21.49730581677762
          ],
          [
            39.8473749786997,
            21.49567673747306
          ],
          [
            39.847072833314556,
            21.493510015682332
          ],
          [
            39.84850506961001,
            21.490792430556013
          ]
        ]
      }
    },
    {
      "type": "Feature",
      "properties": {
        "channel_class": "drainage",
        "upstream_area_km2": 0.339,
        "source": "HydroSim D8 flow accumulation"
      },
      "geometry": {
        "type": "LineString",
        "coordinates": [
          [
            39.92818110674337,
            21.496873496029675
          ],
          [
            39.929620448335726,
            21.495510356326523
          ]
        ]
      }
    },
    {
      "type": "Feature",
      "properties": {
        "channel_class": "drainage",
        "upstream_area_km2": 1.236,
        "source": "HydroSim D8 flow accumulation"
      },
      "geometry": {
        "type": "LineString",
        "coordinates": [
          [
            39.86562417888294,
            21.49639626974851
          ],
          [
            39.86417780770353,
            21.496674788769404
          ],
          [
            39.86216182165098,
            21.49858242136842
          ],
          [
            39.860134628686346,
            21.4985928719486
          ],
          [
            39.85868981442982,
            21.499142367273844
          ],
          [
            39.85725134163325,
            21.50077594202614
          ],
          [
            39.855793810377456,
            21.499157229324293
          ],
          [
            39.85578905430038,
            21.498344160169772
          ],
          [
            39.85693951276213,
            21.496983106594453
          ],
          [
            39.856353975553525,
            21.495901984323755
          ]
        ]
      }
    },
    {
      "type": "Feature",
      "properties": {
        "channel_class": "drainage",
        "upstream_area_km2": 0.336,
        "source": "HydroSim D8 flow accumulation"
      },
      "geometry": {
        "type": "LineString",
        "coordinates": [
          [
            39.931361422809665,
            21.496042713871134
          ],
          [
            39.92991348057917,
            21.496050779969412
          ],
          [
            39.929620448335726,
            21.495510356326523
          ]
        ]
      }
    },
    {
      "type": "Feature",
      "properties": {
        "channel_class": "drainage",
        "upstream_area_km2": 2.259,
        "source": "HydroSim D8 flow accumulation"
      },
      "geometry": {
        "type": "LineString",
        "coordinates": [
          [
            39.856353975553525,
            21.495901984323755
          ],
          [
            39.855197183213036,
            21.496178941301654
          ],
          [
            39.854035640531784,
            21.495642820614314
          ],
          [
            39.848794654125186,
            21.490790959789244
          ]
        ]
      }
    },
    {
      "type": "Feature",
      "properties": {
        "channel_class": "drainage",
        "upstream_area_km2": 1.258,
        "source": "HydroSim D8 flow accumulation"
      },
      "geometry": {
        "type": "LineString",
        "coordinates": [
          [
            39.929620448335726,
            21.495510356326523
          ],
          [
            39.92815875831908,
            21.493350264471506
          ],
          [
            39.92495621120663,
            21.49065774857165
          ]
        ]
      }
    },
    {
      "type": "Feature",
      "properties": {
        "channel_class": "major",
        "upstream_area_km2": 15.187,
        "source": "HydroSim D8 flow accumulation"
      },
      "geometry": {
        "type": "LineString",
        "coordinates": [
          [
            39.8748863225168,
            21.495534929751834
          ],
          [
            39.87488308164134,
            21.494992886164834
          ],
          [
            39.87574698804918,
            21.494175269121577
          ],
          [
            39.875740500475565,
            21.493091181985733
          ]
        ]
      }
    },
    {
      "type": "Feature",
      "properties": {
        "channel_class": "drainage",
        "upstream_area_km2": 0.562,
        "source": "HydroSim D8 flow accumulation"
      },
      "geometry": {
        "type": "LineString",
        "coordinates": [
          [
            39.860691506760844,
            21.49479556981991
          ],
          [
            39.85692998915804,
            21.495356968270944
          ],
          [
            39.856353975553525,
            21.495901984323755
          ]
        ]
      }
    },
    {
      "type": "Feature",
      "properties": {
        "channel_class": "drainage",
        "upstream_area_km2": 0.514,
        "source": "HydroSim D8 flow accumulation"
      },
      "geometry": {
        "type": "LineString",
        "coordinates": [
          [
            39.886749714523546,
            21.493846203695743
          ],
          [
            39.88501054923062,
            21.493584395552073
          ],
          [
            39.88297199142613,
            21.49169797200923
          ],
          [
            39.88209180635596,
            21.489805410772533
          ],
          [
            39.88121817119808,
            21.488996929907962
          ],
          [
            39.88064064479801,
            21.48927100464623
          ],
          [
            39.880058227637754,
            21.48873201260789
          ]
        ]
      }
    },
    {
      "type": "Feature",
      "properties": {
        "channel_class": "drainage",
        "upstream_area_km2": 0.299,
        "source": "HydroSim D8 flow accumulation"
      },
      "geometry": {
        "type": "LineString",
        "coordinates": [
          [
            39.92468546911672,
            21.493640551255567
          ],
          [
            39.925838661703345,
            21.492821082154
          ],
          [
            39.92495621120663,
            21.49065774857165
          ]
        ]
      }
    },
    {
      "type": "Feature",
      "properties": {
        "channel_class": "drainage",
        "upstream_area_km2": 0.823,
        "source": "HydroSim D8 flow accumulation"
      },
      "geometry": {
        "type": "LineString",
        "coordinates": [
          [
            39.842149799552274,
            21.493534902745882
          ],
          [
            39.842127966525936,
            21.489740563331736
          ],
          [
            39.84270089091245,
            21.488653546400528
          ],
          [
            39.84211705181423,
            21.487843392971076
          ],
          [
            39.840670712137396,
            21.488121707442797
          ],
          [
            39.84008533089759,
            21.487040521900614
          ],
          [
            39.841526987413246,
            21.485949139399978
          ],
          [
            39.842386357014185,
            21.484318616187245
          ]
        ]
      }
    },
    {
      "type": "Feature",
      "properties": {
        "channel_class": "drainage",
        "upstream_area_km2": 0.255,
        "source": "HydroSim D8 flow accumulation"
      },
      "geometry": {
        "type": "LineString",
        "coordinates": [
          [
            39.875450913468995,
            21.493092699602233
          ],
          [
            39.875740500475565,
            21.493091181985733
          ]
        ]
      }
    },
    {
      "type": "Feature",
      "properties": {
        "channel_class": "major",
        "upstream_area_km2": 16.052,
        "source": "HydroSim D8 flow accumulation"
      },
      "geometry": {
        "type": "LineString",
        "coordinates": [
          [
            39.875740500475565,
            21.493091181985733
          ],
          [
            39.87631318295748,
            21.492004058137116
          ],
          [
            39.87601873143139,
            21.491192511183996
          ],
          [
            39.87687936224075,
            21.489832845248216
          ],
          [
            39.87658491245,
            21.48902129904287
          ],
          [
            39.87831100188451,
            21.487115023227144
          ]
        ]
      }
    },
    {
      "type": "Feature",
      "properties": {
        "channel_class": "drainage",
        "upstream_area_km2": 0.829,
        "source": "HydroSim D8 flow accumulation"
      },
      "geometry": {
        "type": "LineString",
        "coordinates": [
          [
            39.90672448198698,
            21.492654878234973
          ],
          [
            39.90497859992382,
            21.491309200030475
          ],
          [
            39.90497524830995,
            21.49076716061404
          ],
          [
            39.90351898236897,
            21.48941989696861
          ],
          [
            39.902069424068664,
            21.489156699495556
          ],
          [
            39.900904443055886,
            21.488078868020924
          ],
          [
            39.90061653543801,
            21.488351449029548
          ],
          [
            39.89857785956798,
            21.48646521918159
          ]
        ]
      }
    },
    {
      "type": "Feature",
      "properties": {
        "channel_class": "drainage",
        "upstream_area_km2": 1.778,
        "source": "HydroSim D8 flow accumulation"
      },
      "geometry": {
        "type": "LineString",
        "coordinates": [
          [
            39.89455863088704,
            21.492178399289386
          ],
          [
            39.892819474770064,
            21.491916672187134
          ],
          [
            39.89051270224809,
            21.493555159609908
          ],
          [
            39.88877024330657,
            21.492751349045964
          ],
          [
            39.887893265935716,
            21.491400863341358
          ],
          [
            39.88702616033146,
            21.491676498553414
          ],
          [
            39.8815012211362,
            21.48791131644552
          ]
        ]
      }
    },
    {
      "type": "Feature",
      "properties": {
        "channel_class": "drainage",
        "upstream_area_km2": 1.777,
        "source": "HydroSim D8 flow accumulation"
      },
      "geometry": {
        "type": "LineString",
        "coordinates": [
          [
            39.92495621120663,
            21.49065774857165
          ],
          [
            39.924087476334414,
            21.490662555285287
          ],
          [
            39.92204847616599,
            21.488776624197587
          ],
          [
            39.92029228466357,
            21.485804996722095
          ]
        ]
      }
    },
    {
      "type": "Feature",
      "properties": {
        "channel_class": "drainage",
        "upstream_area_km2": 3.989,
        "source": "HydroSim D8 flow accumulation"
      },
      "geometry": {
        "type": "LineString",
        "coordinates": [
          [
            39.84850506961001,
            21.490792430556013
          ],
          [
            39.84705400962962,
            21.49025772899337
          ],
          [
            39.84501597139732,
            21.488370823646786
          ],
          [
            39.844414924816924,
            21.484579411753668
          ],
          [
            39.84383265556746,
            21.484040288077026
          ],
          [
            39.842386357014185,
            21.484318616187245
          ]
        ]
      }
    },
    {
      "type": "Feature",
      "properties": {
        "channel_class": "drainage",
        "upstream_area_km2": 2.598,
        "source": "HydroSim D8 flow accumulation"
      },
      "geometry": {
        "type": "LineString",
        "coordinates": [
          [
            39.848794654125186,
            21.490790959789244
          ],
          [
            39.84850506961001,
            21.490792430556013
          ]
        ]
      }
    },
    {
      "type": "Feature",
      "properties": {
        "channel_class": "drainage",
        "upstream_area_km2": 0.337,
        "source": "HydroSim D8 flow accumulation"
      },
      "geometry": {
        "type": "LineString",
        "coordinates": [
          [
            39.8511050253669,
            21.489695080956032
          ],
          [
            39.848794654125186,
            21.490790959789244
          ]
        ]
      }
    },
    {
      "type": "Feature",
      "properties": {
        "channel_class": "drainage",
        "upstream_area_km2": 0.389,
        "source": "HydroSim D8 flow accumulation"
      },
      "geometry": {
        "type": "LineString",
        "coordinates": [
          [
            39.886432220745526,
            21.489240382267834
          ],
          [
            39.8852739063794,
            21.489246522797288
          ],
          [
            39.88469147288895,
            21.48870754748967
          ],
          [
            39.88411395458381,
            21.48898163398078
          ],
          [
            39.88236668259284,
            21.487364688693457
          ],
          [
            39.8815012211362,
            21.48791131644552
          ]
        ]
      }
    },
    {
      "type": "Feature",
      "properties": {
        "channel_class": "drainage",
        "upstream_area_km2": 2.724,
        "source": "HydroSim D8 flow accumulation"
      },
      "geometry": {
        "type": "LineString",
        "coordinates": [
          [
            39.880058227637754,
            21.48873201260789
          ],
          [
            39.879186237740036,
            21.488194542118695
          ]
        ]
      }
    },
    {
      "type": "Feature",
      "properties": {
        "channel_class": "major",
        "upstream_area_km2": 5.962,
        "source": "HydroSim D8 flow accumulation"
      },
      "geometry": {
        "type": "LineString",
        "coordinates": [
          [
            39.879186237740036,
            21.488194542118695
          ],
          [
            39.87831100188451,
            21.487115023227144
          ]
        ]
      }
    },
    {
      "type": "Feature",
      "properties": {
        "channel_class": "drainage",
        "upstream_area_km2": 0.419,
        "source": "HydroSim D8 flow accumulation"
      },
      "geometry": {
        "type": "LineString",
        "coordinates": [
          [
            39.898877416744895,
            21.48808978366206
          ],
          [
            39.89857785956798,
            21.48646521918159
          ]
        ]
      }
    },
    {
      "type": "Feature",
      "properties": {
        "channel_class": "drainage",
        "upstream_area_km2": 0.43,
        "source": "HydroSim D8 flow accumulation"
      },
      "geometry": {
        "type": "LineString",
        "coordinates": [
          [
            39.865864063898286,
            21.48799307011895
          ],
          [
            39.8664384066818,
            21.487177000333702
          ],
          [
            39.866142416478255,
            21.4860944106186
          ],
          [
            39.866716750629735,
            21.485278339996317
          ],
          [
            39.86670551981414,
            21.48338118082705
          ],
          [
            39.86583360888566,
            21.482843637580526
          ]
        ]
      }
    },
    {
      "type": "Feature",
      "properties": {
        "channel_class": "drainage",
        "upstream_area_km2": 2.2,
        "source": "HydroSim D8 flow accumulation"
      },
      "geometry": {
        "type": "LineString",
        "coordinates": [
          [
            39.8815012211362,
            21.48791131644552
          ],
          [
            39.880058227637754,
            21.48873201260789
          ]
        ]
      }
    },
    {
      "type": "Feature",
      "properties": {
        "channel_class": "major",
        "upstream_area_km2": 22.351,
        "source": "HydroSim D8 flow accumulation"
      },
      "geometry": {
        "type": "LineString",
        "coordinates": [
          [
            39.87831100188451,
            21.487115023227144
          ],
          [
            39.87685500990094,
            21.485767516878692
          ],
          [
            39.87596845547866,
            21.482790829771996
          ]
        ]
      }
    },
    {
      "type": "Feature",
      "properties": {
        "channel_class": "drainage",
        "upstream_area_km2": 0.588,
        "source": "HydroSim D8 flow accumulation"
      },
      "geometry": {
        "type": "LineString",
        "coordinates": [
          [
            39.85948698389535,
            21.48694186517335
          ],
          [
            39.85947743688762,
            21.48531572598583
          ],
          [
            39.860330229610085,
            21.48260102414721
          ]
        ]
      }
    },
    {
      "type": "Feature",
      "properties": {
        "channel_class": "drainage",
        "upstream_area_km2": 0.363,
        "source": "HydroSim D8 flow accumulation"
      },
      "geometry": {
        "type": "LineString",
        "coordinates": [
          [
            39.9226139601759,
            21.486605279726174
          ],
          [
            39.92145056058002,
            21.48579861444494
          ],
          [
            39.92029228466357,
            21.485804996722095
          ]
        ]
      }
    },
    {
      "type": "Feature",
      "properties": {
        "channel_class": "drainage",
        "upstream_area_km2": 2.281,
        "source": "HydroSim D8 flow accumulation"
      },
      "geometry": {
        "type": "LineString",
        "coordinates": [
          [
            39.89857785956798,
            21.48646521918159
          ],
          [
            39.897990403177545,
            21.48511323015679
          ],
          [
            39.898273321226114,
            21.484027592349683
          ],
          [
            39.89623805462919,
            21.48268337107989
          ],
          [
            39.894211100416925,
            21.48269422753227
          ],
          [
            39.8912923545628,
            21.478915399301695
          ],
          [
            39.89158026232025,
            21.47864283409474
          ],
          [
            39.89099620138294,
            21.47783285826304
          ]
        ]
      }
    },
    {
      "type": "Feature",
      "properties": {
        "channel_class": "drainage",
        "upstream_area_km2": 2.288,
        "source": "HydroSim D8 flow accumulation"
      },
      "geometry": {
        "type": "LineString",
        "coordinates": [
          [
            39.92029228466357,
            21.485804996722095
          ],
          [
            39.919420173296224,
            21.485267740577434
          ],
          [
            39.917958738664275,
            21.483107547813233
          ],
          [
            39.91679878589976,
            21.482842886059398
          ],
          [
            39.915923314106166,
            21.481763572063468
          ]
        ]
      }
    },
    {
      "type": "Feature",
      "properties": {
        "channel_class": "drainage",
        "upstream_area_km2": 0.593,
        "source": "HydroSim D8 flow accumulation"
      },
      "geometry": {
        "type": "LineString",
        "coordinates": [
          [
            39.88293275601116,
            21.485193457783698
          ],
          [
            39.88177447256711,
            21.4851995729633
          ],
          [
            39.88119206817183,
            21.484660584206313
          ],
          [
            39.880328247375175,
            21.485478227370947
          ],
          [
            39.87857943266732,
            21.48359021706917
          ],
          [
            39.87596845547866,
            21.482790829771996
          ]
        ]
      }
    },
    {
      "type": "Feature",
      "properties": {
        "channel_class": "major",
        "upstream_area_km2": 5.654,
        "source": "HydroSim D8 flow accumulation"
      },
      "geometry": {
        "type": "LineString",
        "coordinates": [
          [
            39.842386357014185,
            21.484318616187245
          ],
          [
            39.8400573388561,
            21.48216207880917
          ],
          [
            39.83773769219259,
            21.481631655596296
          ],
          [
            39.83772373815698,
            21.47919243136259
          ],
          [
            39.8359879105066,
            21.479472153934665
          ],
          [
            39.83541187651449,
            21.480017099325295
          ],
          [
            39.834820388422095,
            21.477851791281445
          ],
          [
            39.83394707879472,
            21.47704305112588
          ]
        ]
      }
    },
    {
      "type": "Feature",
      "properties": {
        "channel_class": "drainage",
        "upstream_area_km2": 0.848,
        "source": "HydroSim D8 flow accumulation"
      },
      "geometry": {
        "type": "LineString",
        "coordinates": [
          [
            39.905802061974214,
            21.483986959153356
          ],
          [
            39.904052947880935,
            21.482099225884745
          ],
          [
            39.90347382179339,
            21.482102357230357
          ],
          [
            39.90143520074239,
            21.480216159091132
          ],
          [
            39.90084941287859,
            21.479135199566226
          ],
          [
            39.89911539584898,
            21.479686594110394
          ],
          [
            39.89795051390602,
            21.478608737444027
          ],
          [
            39.89766261850624,
            21.478881313210128
          ],
          [
            39.896501071513846,
            21.478345487243907
          ],
          [
            39.895349474289254,
            21.479435777855848
          ],
          [
            39.89273023065625,
            21.477281547528573
          ]
        ]
      }
    },
    {
      "type": "Feature",
      "properties": {
        "channel_class": "drainage",
        "upstream_area_km2": 0.392,
        "source": "HydroSim D8 flow accumulation"
      },
      "geometry": {
        "type": "LineString",
        "coordinates": [
          [
            39.87133699945245,
            21.483086069165477
          ],
          [
            39.87162011359495,
            21.482000469578693
          ],
          [
            39.871037758395,
            21.481461443525927
          ],
          [
            39.87016906521818,
            21.48146596809191
          ]
        ]
      }
    },
    {
      "type": "Feature",
      "properties": {
        "channel_class": "major",
        "upstream_area_km2": 42.311,
        "source": "HydroSim D8 flow accumulation"
      },
      "geometry": {
        "type": "LineString",
        "coordinates": [
          [
            39.86583360888566,
            21.482843637580526
          ],
          [
            39.86438257122667,
            21.482309085476228
          ]
        ]
      }
    },
    {
      "type": "Feature",
      "properties": {
        "channel_class": "major",
        "upstream_area_km2": 22.974,
        "source": "HydroSim D8 flow accumulation"
      },
      "geometry": {
        "type": "LineString",
        "coordinates": [
          [
            39.87596845547866,
            21.482790829771996
          ],
          [
            39.875965212710035,
            21.48224878551626
          ]
        ]
      }
    },
    {
      "type": "Feature",
      "properties": {
        "channel_class": "drainage",
        "upstream_area_km2": 0.283,
        "source": "HydroSim D8 flow accumulation"
      },
      "geometry": {
        "type": "LineString",
        "coordinates": [
          [
            39.85685541865601,
            21.482618873656286
          ],
          [
            39.857425031961505,
            21.480989762847617
          ]
        ]
      }
    },
    {
      "type": "Feature",
      "properties": {
        "channel_class": "major",
        "upstream_area_km2": 43.747,
        "source": "HydroSim D8 flow accumulation"
      },
      "geometry": {
        "type": "LineString",
        "coordinates": [
          [
            39.860330229610085,
            21.48260102414721
          ],
          [
            39.857425031961505,
            21.480989762847617
          ]
        ]
      }
    },
    {
      "type": "Feature",
      "properties": {
        "channel_class": "major",
        "upstream_area_km2": 43.016,
        "source": "HydroSim D8 flow accumulation"
      },
      "geometry": {
        "type": "LineString",
        "coordinates": [
          [
            39.86438257122667,
            21.482309085476228
          ],
          [
            39.86294112739164,
            21.483400658778947
          ],
          [
            39.86206763373615,
            21.48259207231046
          ],
          [
            39.860330229610085,
            21.48260102414721
          ]
        ]
      }
    },
    {
      "type": "Feature",
      "properties": {
        "channel_class": "major",
        "upstream_area_km2": 41.129,
        "source": "HydroSim D8 flow accumulation"
      },
      "geometry": {
        "type": "LineString",
        "coordinates": [
          [
            39.875965212710035,
            21.48224878551626
          ],
          [
            39.874805331185144,
            21.481983829395674
          ],
          [
            39.873347806779215,
            21.480365266471313
          ],
          [
            39.87190161011346,
            21.480643847036205
          ],
          [
            39.87132571003936,
            21.48118891183128
          ],
          [
            39.87074497080203,
            21.48092090711764
          ],
          [
            39.87016906521818,
            21.48146596809191
          ]
        ]
      }
    },
    {
      "type": "Feature",
      "properties": {
        "channel_class": "major",
        "upstream_area_km2": 5.025,
        "source": "HydroSim D8 flow accumulation"
      },
      "geometry": {
        "type": "LineString",
        "coordinates": [
          [
            39.915923314106166,
            21.481763572063468
          ],
          [
            39.91504616181384,
            21.480413233597123
          ],
          [
            39.913893000693655,
            21.481232628081155
          ],
          [
            39.91068929375659,
            21.478268796423237
          ],
          [
            39.90895028176363,
            21.478007231988254
          ]
        ]
      }
    },
    {
      "type": "Feature",
      "properties": {
        "channel_class": "drainage",
        "upstream_area_km2": 0.281,
        "source": "HydroSim D8 flow accumulation"
      },
      "geometry": {
        "type": "LineString",
        "coordinates": [
          [
            39.92547882561455,
            21.481710937478667
          ],
          [
            39.924892857235044,
            21.480630068936776
          ]
        ]
      }
    },
    {
      "type": "Feature",
      "properties": {
        "channel_class": "major",
        "upstream_area_km2": 41.853,
        "source": "HydroSim D8 flow accumulation"
      },
      "geometry": {
        "type": "LineString",
        "coordinates": [
          [
            39.87016906521818,
            21.48146596809191
          ],
          [
            39.86958832682443,
            21.48119795933359
          ],
          [
            39.86583360888566,
            21.482843637580526
          ]
        ]
      }
    },
    {
      "type": "Feature",
      "properties": {
        "channel_class": "major",
        "upstream_area_km2": 44.965,
        "source": "HydroSim D8 flow accumulation"
      },
      "geometry": {
        "type": "LineString",
        "coordinates": [
          [
            39.857425031961505,
            21.480989762847617
          ],
          [
            39.858568988863105,
            21.478544606298698
          ],
          [
            39.857693961306786,
            21.47746497114047
          ],
          [
            39.85653256123356,
            21.47692886199058
          ],
          [
            39.855955032078505,
            21.47720285176485
          ],
          [
            39.855372752212936,
            21.476663768255932
          ],
          [
            39.855361673266536,
            21.474766601459475
          ],
          [
            39.85477782404659,
            21.473956491411624
          ],
          [
            39.85477149835049,
            21.47287239563311
          ],
          [
            39.85389653350828,
            21.47179273781564
          ],
          [
            39.85388231749909,
            21.469353520921022
          ]
        ]
      }
    },
    {
      "type": "Feature",
      "properties": {
        "channel_class": "drainage",
        "upstream_area_km2": 0.704,
        "source": "HydroSim D8 flow accumulation"
      },
      "geometry": {
        "type": "LineString",
        "coordinates": [
          [
            39.924892857235044,
            21.480630068936776
          ],
          [
            39.92257468151916,
            21.480371851535942
          ],
          [
            39.921702595441865,
            21.479834606099338
          ],
          [
            39.92112007176576,
            21.47929576055898
          ],
          [
            39.921690655511654,
            21.477937474256017
          ]
        ]
      }
    },
    {
      "type": "Feature",
      "properties": {
        "channel_class": "drainage",
        "upstream_area_km2": 0.287,
        "source": "HydroSim D8 flow accumulation"
      },
      "geometry": {
        "type": "LineString",
        "coordinates": [
          [
            39.92518241564448,
            21.480628466516038
          ],
          [
            39.924892857235044,
            21.480630068936776
          ]
        ]
      }
    },
    {
      "type": "Feature",
      "properties": {
        "channel_class": "drainage",
        "upstream_area_km2": 0.501,
        "source": "HydroSim D8 flow accumulation"
      },
      "geometry": {
        "type": "LineString",
        "coordinates": [
          [
            39.82730406960237,
            21.480057422568358
          ],
          [
            39.82497838926828,
            21.47844271629252
          ],
          [
            39.82295754771017,
            21.47953681067648
          ],
          [
            39.82093059800876,
            21.47954677712627
          ],
          [
            39.820348432918166,
            21.479007567875605
          ]
        ]
      }
    },
    {
      "type": "Feature",
      "properties": {
        "channel_class": "drainage",
        "upstream_area_km2": 0.329,
        "source": "HydroSim D8 flow accumulation"
      },
      "geometry": {
        "type": "LineString",
        "coordinates": [
          [
            39.91011860526995,
            21.479627048791055
          ],
          [
            39.908665771855254,
            21.47882186562968
          ],
          [
            39.90895028176363,
            21.478007231988254
          ]
        ]
      }
    },
    {
      "type": "Feature",
      "properties": {
        "channel_class": "drainage",
        "upstream_area_km2": 0.347,
        "source": "HydroSim D8 flow accumulation"
      },
      "geometry": {
        "type": "LineString",
        "coordinates": [
          [
            39.82006190492111,
            21.479551040939963
          ],
          [
            39.820348432918166,
            21.479007567875605
          ]
        ]
      }
    },
    {
      "type": "Feature",
      "properties": {
        "channel_class": "drainage",
        "upstream_area_km2": 1.15,
        "source": "HydroSim D8 flow accumulation"
      },
      "geometry": {
        "type": "LineString",
        "coordinates": [
          [
            39.84959734793642,
            21.47940353941729
          ],
          [
            39.84929049778237,
            21.476423744787773
          ],
          [
            39.85015444655877,
            21.47560625714427
          ],
          [
            39.8498475959764,
            21.472626462311464
          ],
          [
            39.85042197309897,
            21.471810445116322
          ],
          [
            39.85041096100774,
            21.46991327476686
          ],
          [
            39.848091477885006,
            21.469382989316944
          ],
          [
            39.844593537467325,
            21.465335201264125
          ]
        ]
      }
    },
    {
      "type": "Feature",
      "properties": {
        "channel_class": "drainage",
        "upstream_area_km2": 0.275,
        "source": "HydroSim D8 flow accumulation"
      },
      "geometry": {
        "type": "LineString",
        "coordinates": [
          [
            39.88868797850879,
            21.479200294973435
          ],
          [
            39.888969311400196,
            21.47784364883712
          ]
        ]
      }
    },
    {
      "type": "Feature",
      "properties": {
        "channel_class": "drainage",
        "upstream_area_km2": 1.567,
        "source": "HydroSim D8 flow accumulation"
      },
      "geometry": {
        "type": "LineString",
        "coordinates": [
          [
            39.820348432918166,
            21.479007567875605
          ],
          [
            39.82092452103965,
            21.47846267265895
          ],
          [
            39.82062888439976,
            21.477379989664776
          ],
          [
            39.82120496526029,
            21.47683509361414
          ],
          [
            39.82147628444475,
            21.473581356613625
          ],
          [
            39.821180654928774,
            21.472498673785836
          ],
          [
            39.82001790215268,
            21.47169127862082
          ],
          [
            39.820592445757015,
            21.470875358551464
          ],
          [
            39.81971318991385,
            21.46898243352212
          ]
        ]
      }
    },
    {
      "type": "Feature",
      "properties": {
        "channel_class": "major",
        "upstream_area_km2": 17.689,
        "source": "HydroSim D8 flow accumulation"
      },
      "geometry": {
        "type": "LineString",
        "coordinates": [
          [
            39.879417210696744,
            21.47843623180609
          ],
          [
            39.87826548095554,
            21.47952640910441
          ],
          [
            39.877694482879306,
            21.480884561149765
          ],
          [
            39.875965212710035,
            21.48224878551626
          ]
        ]
      }
    },
    {
      "type": "Feature",
      "properties": {
        "channel_class": "drainage",
        "upstream_area_km2": 0.824,
        "source": "HydroSim D8 flow accumulation"
      },
      "geometry": {
        "type": "LineString",
        "coordinates": [
          [
            39.84148337538319,
            21.478360450728363
          ],
          [
            39.840029354734654,
            21.47728363283769
          ],
          [
            39.839741350206154,
            21.477556112417357
          ],
          [
            39.83741867894185,
            21.476483632006104
          ],
          [
            39.83510222169157,
            21.476495219047585
          ],
          [
            39.83394707879472,
            21.47704305112588
          ]
        ]
      }
    },
    {
      "type": "Feature",
      "properties": {
        "channel_class": "drainage",
        "upstream_area_km2": 0.252,
        "source": "HydroSim D8 flow accumulation"
      },
      "geometry": {
        "type": "LineString",
        "coordinates": [
          [
            39.87912602607953,
            21.478166732773055
          ],
          [
            39.879417210696744,
            21.47843623180609
          ]
        ]
      }
    },
    {
      "type": "Feature",
      "properties": {
        "channel_class": "major",
        "upstream_area_km2": 5.873,
        "source": "HydroSim D8 flow accumulation"
      },
      "geometry": {
        "type": "LineString",
        "coordinates": [
          [
            39.90895028176363,
            21.478007231988254
          ],
          [
            39.908367810755394,
            21.477468339963224
          ],
          [
            39.90576182805161,
            21.477482479595448
          ],
          [
            39.90575512387369,
            21.47639839917044
          ],
          [
            39.904302345671674,
            21.47559317580222
          ],
          [
            39.90025363853714,
            21.476428114495906
          ],
          [
            39.8993783254673,
            21.47534870737366
          ],
          [
            39.89706192426809,
            21.47536115222328
          ]
        ]
      }
    },
    {
      "type": "Feature",
      "properties": {
        "channel_class": "drainage",
        "upstream_area_km2": 1.874,
        "source": "HydroSim D8 flow accumulation"
      },
      "geometry": {
        "type": "LineString",
        "coordinates": [
          [
            39.921690655511654,
            21.477937474256017
          ],
          [
            39.920816883416265,
            21.477129204462887
          ],
          [
            39.91966548319847,
            21.478219656021064
          ],
          [
            39.918219411663365,
            21.47849863359943
          ],
          [
            39.91734735207595,
            21.477961364350225
          ],
          [
            39.91531878126941,
            21.477701455100267
          ],
          [
            39.91415210944785,
            21.476352695267522
          ],
          [
            39.912993905866244,
            21.47635902432098
          ],
          [
            39.91184076369714,
            21.477178404312717
          ],
          [
            39.90805977462071,
            21.47448869344046
          ]
        ]
      }
    },
    {
      "type": "Feature",
      "properties": {
        "channel_class": "major",
        "upstream_area_km2": 15.115,
        "source": "HydroSim D8 flow accumulation"
      },
      "geometry": {
        "type": "LineString",
        "coordinates": [
          [
            39.888969311400196,
            21.47784364883712
          ],
          [
            39.88809407028799,
            21.476764180212506
          ],
          [
            39.88519853162337,
            21.47677953680872
          ],
          [
            39.8828788314799,
            21.476249742352383
          ]
        ]
      }
    },
    {
      "type": "Feature",
      "properties": {
        "channel_class": "major",
        "upstream_area_km2": 14.144,
        "source": "HydroSim D8 flow accumulation"
      },
      "geometry": {
        "type": "LineString",
        "coordinates": [
          [
            39.89099620138294,
            21.47783285826304
          ],
          [
            39.888969311400196,
            21.47784364883712
          ]
        ]
      }
    },
    {
      "type": "Feature",
      "properties": {
        "channel_class": "major",
        "upstream_area_km2": 11.798,
        "source": "HydroSim D8 flow accumulation"
      },
      "geometry": {
        "type": "LineString",
        "coordinates": [
          [
            39.89273023065625,
            21.477281547528573
          ],
          [
            39.8918599170094,
            21.47701516282921
          ],
          [
            39.89099620138294,
            21.47783285826304
          ]
        ]
      }
    },
    {
      "type": "Feature",
      "properties": {
        "channel_class": "major",
        "upstream_area_km2": 7.249,
        "source": "HydroSim D8 flow accumulation"
      },
      "geometry": {
        "type": "LineString",
        "coordinates": [
          [
            39.83394707879472,
            21.47704305112588
          ],
          [
            39.83308302824805,
            21.477860458096163
          ],
          [
            39.83134105201511,
            21.477056030501775
          ],
          [
            39.83046315590827,
            21.475434194620473
          ],
          [
            39.83074041502603,
            21.47326455133878
          ],
          [
            39.82899390546914,
            21.47164701934771
          ],
          [
            39.828405614488794,
            21.470023734105226
          ],
          [
            39.82695177080076,
            21.468946795619942
          ]
        ]
      }
    },
    {
      "type": "Feature",
      "properties": {
        "channel_class": "drainage",
        "upstream_area_km2": 0.489,
        "source": "HydroSim D8 flow accumulation"
      },
      "geometry": {
        "type": "LineString",
        "coordinates": [
          [
            39.92544628441077,
            21.47656158525604
          ],
          [
            39.92371923775855,
            21.4781973056464
          ],
          [
            39.92255760827171,
            21.47766166389604
          ],
          [
            39.921690655511654,
            21.477937474256017
          ]
        ]
      }
    },
    {
      "type": "Feature",
      "properties": {
        "channel_class": "major",
        "upstream_area_km2": 17.0,
        "source": "HydroSim D8 flow accumulation"
      },
      "geometry": {
        "type": "LineString",
        "coordinates": [
          [
            39.8828788314799,
            21.476249742352383
          ],
          [
            39.8817255134015,
            21.47706892043348
          ],
          [
            39.881434327510334,
            21.476799425430354
          ],
          [
            39.879417210696744,
            21.47843623180609
          ]
        ]
      }
    },
    {
      "type": "Feature",
      "properties": {
        "channel_class": "major",
        "upstream_area_km2": 10.708,
        "source": "HydroSim D8 flow accumulation"
      },
      "geometry": {
        "type": "LineString",
        "coordinates": [
          [
            39.89706192426809,
            21.47536115222328
          ],
          [
            39.895903723041855,
            21.475367362616453
          ],
          [
            39.89446590138526,
            21.477001240175014
          ],
          [
            39.89330603336731,
            21.47673641199703
          ],
          [
            39.89273023065625,
            21.477281547528573
          ]
        ]
      }
    },
    {
      "type": "Feature",
      "properties": {
        "channel_class": "drainage",
        "upstream_area_km2": 3.102,
        "source": "HydroSim D8 flow accumulation"
      },
      "geometry": {
        "type": "LineString",
        "coordinates": [
          [
            39.90805977462071,
            21.47448869344046
          ],
          [
            39.90544546867313,
            21.473147725256702
          ],
          [
            39.9042906336724,
            21.473696033769365
          ],
          [
            39.903709868881265,
            21.473428144404995
          ],
          [
            39.9028462422123,
            21.47424589836423
          ],
          [
            39.90023531615347,
            21.47344688806857
          ]
        ]
      }
    },
    {
      "type": "Feature",
      "properties": {
        "channel_class": "drainage",
        "upstream_area_km2": 0.498,
        "source": "HydroSim D8 flow accumulation"
      },
      "geometry": {
        "type": "LineString",
        "coordinates": [
          [
            39.86665259118496,
            21.4744374245867
          ],
          [
            39.86607669439427,
            21.474982471532396
          ],
          [
            39.86610073414493,
            21.479047816835035
          ],
          [
            39.86438257122667,
            21.482309085476228
          ]
        ]
      }
    },
    {
      "type": "Feature",
      "properties": {
        "channel_class": "drainage",
        "upstream_area_km2": 1.683,
        "source": "HydroSim D8 flow accumulation"
      },
      "geometry": {
        "type": "LineString",
        "coordinates": [
          [
            39.883446495249636,
            21.47434953044288
          ],
          [
            39.8828788314799,
            21.476249742352383
          ]
        ]
      }
    },
    {
      "type": "Feature",
      "properties": {
        "channel_class": "drainage",
        "upstream_area_km2": 0.301,
        "source": "HydroSim D8 flow accumulation"
      },
      "geometry": {
        "type": "LineString",
        "coordinates": [
          [
            39.914717671168006,
            21.47418137186659
          ],
          [
            39.91384395932678,
            21.473373063096673
          ]
        ]
      }
    },
    {
      "type": "Feature",
      "properties": {
        "channel_class": "drainage",
        "upstream_area_km2": 4.646,
        "source": "HydroSim D8 flow accumulation"
      },
      "geometry": {
        "type": "LineString",
        "coordinates": [
          [
            39.898501363054926,
            21.473998274339348
          ],
          [
            39.89706192426809,
            21.47536115222328
          ]
        ]
      }
    },
    {
      "type": "Feature",
      "properties": {
        "channel_class": "drainage",
        "upstream_area_km2": 0.338,
        "source": "HydroSim D8 flow accumulation"
      },
      "geometry": {
        "type": "LineString",
        "coordinates": [
          [
            39.858541981842286,
            21.47393720536541
          ],
          [
            39.85709740090874,
            21.474486680609164
          ],
          [
            39.85593285971159,
            21.473408518559555
          ],
          [
            39.85650878961893,
            21.472863505400625
          ],
          [
            39.85621290512811,
            21.471780892848628
          ]
        ]
      }
    },
    {
      "type": "Feature",
      "properties": {
        "channel_class": "drainage",
        "upstream_area_km2": 4.28,
        "source": "HydroSim D8 flow accumulation"
      },
      "geometry": {
        "type": "LineString",
        "coordinates": [
          [
            39.90023531615347,
            21.47344688806857
          ],
          [
            39.8990821213452,
            21.474266182034395
          ],
          [
            39.898501363054926,
            21.473998274339348
          ]
        ]
      }
    },
    {
      "type": "Feature",
      "properties": {
        "channel_class": "drainage",
        "upstream_area_km2": 1.046,
        "source": "HydroSim D8 flow accumulation"
      },
      "geometry": {
        "type": "LineString",
        "coordinates": [
          [
            39.91384395932678,
            21.473373063096673
          ],
          [
            39.91182726599439,
            21.47501024690887
          ],
          [
            39.910089975256106,
            21.475019712761796
          ],
          [
            39.90863718871813,
            21.474214527293327
          ],
          [
            39.90805977462071,
            21.47448869344046
          ]
        ]
      }
    },
    {
      "type": "Feature",
      "properties": {
        "channel_class": "drainage",
        "upstream_area_km2": 0.352,
        "source": "HydroSim D8 flow accumulation"
      },
      "geometry": {
        "type": "LineString",
        "coordinates": [
          [
            39.89878592189978,
            21.473183655879
          ],
          [
            39.898501363054926,
            21.473998274339348
          ]
        ]
      }
    },
    {
      "type": "Feature",
      "properties": {
        "channel_class": "drainage",
        "upstream_area_km2": 0.784,
        "source": "HydroSim D8 flow accumulation"
      },
      "geometry": {
        "type": "LineString",
        "coordinates": [
          [
            39.843186413913514,
            21.472389153103546
          ],
          [
            39.84317393546493,
            21.470220954465365
          ],
          [
            39.842591729685864,
            21.46968182353031
          ],
          [
            39.84287815470632,
            21.46913831454987
          ],
          [
            39.84171064481323,
            21.46751799783454
          ],
          [
            39.84228193382941,
            21.466159957166404
          ],
          [
            39.84227103029097,
            21.464262781534377
          ]
        ]
      }
    },
    {
      "type": "Feature",
      "properties": {
        "channel_class": "drainage",
        "upstream_area_km2": 0.766,
        "source": "HydroSim D8 flow accumulation"
      },
      "geometry": {
        "type": "LineString",
        "coordinates": [
          [
            39.90978022831865,
            21.471769049641043
          ],
          [
            39.90717266981355,
            21.471512187547575
          ],
          [
            39.90601785440644,
            21.472060507415307
          ],
          [
            39.90426888623657,
            21.4701727688367
          ],
          [
            39.90224210961768,
            21.470183716611576
          ]
        ]
      }
    },
    {
      "type": "Feature",
      "properties": {
        "channel_class": "drainage",
        "upstream_area_km2": 1.079,
        "source": "HydroSim D8 flow accumulation"
      },
      "geometry": {
        "type": "LineString",
        "coordinates": [
          [
            39.85621290512811,
            21.471780892848628
          ],
          [
            39.85620656951833,
            21.470696797195792
          ],
          [
            39.85504206583067,
            21.469618627237885
          ],
          [
            39.85388231749909,
            21.469353520921022
          ]
        ]
      }
    },
    {
      "type": "Feature",
      "properties": {
        "channel_class": "drainage",
        "upstream_area_km2": 0.578,
        "source": "HydroSim D8 flow accumulation"
      },
      "geometry": {
        "type": "LineString",
        "coordinates": [
          [
            39.87908048377576,
            21.470578112198105
          ],
          [
            39.879373279407694,
            21.471118634323904
          ],
          [
            39.881404973195366,
            21.471921029527827
          ],
          [
            39.883446495249636,
            21.47434953044288
          ]
        ]
      }
    },
    {
      "type": "Feature",
      "properties": {
        "channel_class": "drainage",
        "upstream_area_km2": 1.15,
        "source": "HydroSim D8 flow accumulation"
      },
      "geometry": {
        "type": "LineString",
        "coordinates": [
          [
            39.90224210961768,
            21.470183716611576
          ],
          [
            39.90109061845853,
            21.471274044086954
          ],
          [
            39.90110062047451,
            21.472900167764973
          ],
          [
            39.90023531615347,
            21.47344688806857
          ]
        ]
      }
    },
    {
      "type": "Feature",
      "properties": {
        "channel_class": "drainage",
        "upstream_area_km2": 1.046,
        "source": "HydroSim D8 flow accumulation"
      },
      "geometry": {
        "type": "LineString",
        "coordinates": [
          [
            39.89065720931751,
            21.469703761296515
          ],
          [
            39.88978694458414,
            21.46943736387714
          ],
          [
            39.888347464882905,
            21.47080016872295
          ],
          [
            39.88718765579887,
            21.47053529581969
          ],
          [
            39.88632558955041,
            21.471623989048542
          ],
          [
            39.88459323618781,
            21.472446254066014
          ],
          [
            39.88459814582221,
            21.47325931949808
          ],
          [
            39.883446495249636,
            21.47434953044288
          ]
        ]
      }
    },
    {
      "type": "Feature",
      "properties": {
        "channel_class": "drainage",
        "upstream_area_km2": 0.593,
        "source": "HydroSim D8 flow accumulation"
      },
      "geometry": {
        "type": "LineString",
        "coordinates": [
          [
            39.915847053905814,
            21.469567699866992
          ],
          [
            39.915559210146775,
            21.46984030494163
          ],
          [
            39.91672584021831,
            21.471189057375753
          ],
          [
            39.91557784094964,
            21.4728215199542
          ],
          [
            39.91441797404755,
            21.472556838303994
          ],
          [
            39.91384395932678,
            21.473373063096673
          ]
        ]
      }
    },
    {
      "type": "Feature",
      "properties": {
        "channel_class": "drainage",
        "upstream_area_km2": 0.306,
        "source": "HydroSim D8 flow accumulation"
      },
      "geometry": {
        "type": "LineString",
        "coordinates": [
          [
            39.819426677778225,
            21.469525905592455
          ],
          [
            39.81971318991385,
            21.46898243352212
          ]
        ]
      }
    },
    {
      "type": "Feature",
      "properties": {
        "channel_class": "major",
        "upstream_area_km2": 46.578,
        "source": "HydroSim D8 flow accumulation"
      },
      "geometry": {
        "type": "LineString",
        "coordinates": [
          [
            39.85388231749909,
            21.469353520921022
          ],
          [
            39.8503999501287,
            21.468016103981906
          ],
          [
            39.84662184401875,
            21.465595979135685
          ],
          [
            39.84517104340308,
            21.465061251194022
          ],
          [
            39.844593537467325,
            21.465335201264125
          ]
        ]
      }
    },
    {
      "type": "Feature",
      "properties": {
        "channel_class": "drainage",
        "upstream_area_km2": 0.622,
        "source": "HydroSim D8 flow accumulation"
      },
      "geometry": {
        "type": "LineString",
        "coordinates": [
          [
            39.86054177076817,
            21.46931938442932
          ],
          [
            39.8573742625788,
            21.472317005943964
          ],
          [
            39.85621290512811,
            21.471780892848628
          ]
        ]
      }
    },
    {
      "type": "Feature",
      "properties": {
        "channel_class": "drainage",
        "upstream_area_km2": 0.283,
        "source": "HydroSim D8 flow accumulation"
      },
      "geometry": {
        "type": "LineString",
        "coordinates": [
          [
            39.90281283895309,
            21.46882548834259
          ],
          [
            39.90224210961768,
            21.470183716611576
          ]
        ]
      }
    },
    {
      "type": "Feature",
      "properties": {
        "channel_class": "drainage",
        "upstream_area_km2": 2.083,
        "source": "HydroSim D8 flow accumulation"
      },
      "geometry": {
        "type": "LineString",
        "coordinates": [
          [
            39.81971318991385,
            21.46898243352212
          ],
          [
            39.82028924240715,
            21.46843754103
          ],
          [
            39.819705609127205,
            21.467627300790614
          ],
          [
            39.82027710525025,
            21.466269328725474
          ],
          [
            39.82026952030264,
            21.46491419574658
          ],
          [
            39.819685901871644,
            21.464103954649882
          ]
        ]
      }
    },
    {
      "type": "Feature",
      "properties": {
        "channel_class": "major",
        "upstream_area_km2": 8.605,
        "source": "HydroSim D8 flow accumulation"
      },
      "geometry": {
        "type": "LineString",
        "coordinates": [
          [
            39.82695177080076,
            21.468946795619942
          ],
          [
            39.82608008594136,
            21.468409036509435
          ],
          [
            39.826361985749415,
            21.467052475469576
          ],
          [
            39.824906661136325,
            21.465704491136663
          ],
          [
            39.824039574962605,
            21.465979799318443
          ],
          [
            39.8220036923756,
            21.46436361395764
          ],
          [
            39.819685901871644,
            21.464103954649882
          ]
        ]
      }
    },
    {
      "type": "Feature",
      "properties": {
        "channel_class": "drainage",
        "upstream_area_km2": 0.487,
        "source": "HydroSim D8 flow accumulation"
      },
      "geometry": {
        "type": "LineString",
        "coordinates": [
          [
            39.83303062629834,
            21.46864559209064
          ],
          [
            39.83100229539065,
            21.46838465004733
          ],
          [
            39.83042782033365,
            21.46920060395077
          ],
          [
            39.82695177080076,
            21.468946795619942
          ]
        ]
      }
    },
    {
      "type": "Feature",
      "properties": {
        "channel_class": "drainage",
        "upstream_area_km2": 0.989,
        "source": "HydroSim D8 flow accumulation"
      },
      "geometry": {
        "type": "LineString",
        "coordinates": [
          [
            39.870666033418026,
            21.467640791091743
          ],
          [
            39.8689255963496,
            21.46710778006508
          ],
          [
            39.86747951971902,
            21.46738631866982
          ],
          [
            39.865735893734374,
            21.46631122720185
          ],
          [
            39.863418017557166,
            21.466052177619094
          ],
          [
            39.86225350093684,
            21.464974057830265
          ]
        ]
      }
    },
    {
      "type": "Feature",
      "properties": {
        "channel_class": "major",
        "upstream_area_km2": 47.812,
        "source": "HydroSim D8 flow accumulation"
      },
      "geometry": {
        "type": "LineString",
        "coordinates": [
          [
            39.844593537467325,
            21.465335201264125
          ],
          [
            39.84372337355281,
            21.465068560289794
          ],
          [
            39.84284853671754,
            21.463988839445868
          ],
          [
            39.84227103029097,
            21.464262781534377
          ]
        ]
      }
    },
    {
      "type": "Feature",
      "properties": {
        "channel_class": "drainage",
        "upstream_area_km2": 1.979,
        "source": "HydroSim D8 flow accumulation"
      },
      "geometry": {
        "type": "LineString",
        "coordinates": [
          [
            39.86225350093684,
            21.464974057830265
          ],
          [
            39.86138171761431,
            21.4644364859693
          ],
          [
            39.859063876607486,
            21.464177374727434
          ],
          [
            39.85790257907217,
            21.463641270906088
          ],
          [
            39.85760829138557,
            21.46282968345383
          ],
          [
            39.855869536983164,
            21.462567556943963
          ],
          [
            39.85441557641316,
            21.461490860463048
          ],
          [
            39.85383810278093,
            21.461764841533935
          ]
        ]
      }
    },
    {
      "type": "Feature",
      "properties": {
        "channel_class": "drainage",
        "upstream_area_km2": 0.485,
        "source": "HydroSim D8 flow accumulation"
      },
      "geometry": {
        "type": "LineString",
        "coordinates": [
          [
            39.8043450343493,
            21.464991535570956
          ],
          [
            39.805210666369774,
            21.464445300840648
          ],
          [
            39.805785267304294,
            21.463629429241646
          ],
          [
            39.805494243829415,
            21.46335979613801
          ],
          [
            39.80635837089667,
            21.462542528161098
          ]
        ]
      }
    },
    {
      "type": "Feature",
      "properties": {
        "channel_class": "drainage",
        "upstream_area_km2": 0.277,
        "source": "HydroSim D8 flow accumulation"
      },
      "geometry": {
        "type": "LineString",
        "coordinates": [
          [
            39.912628383709745,
            21.464164714271316
          ],
          [
            39.91349189658382,
            21.463346912843978
          ]
        ]
      }
    },
    {
      "type": "Feature",
      "properties": {
        "channel_class": "major",
        "upstream_area_km2": 48.661,
        "source": "HydroSim D8 flow accumulation"
      },
      "geometry": {
        "type": "LineString",
        "coordinates": [
          [
            39.84227103029097,
            21.464262781534377
          ],
          [
            39.841402432536114,
            21.46426715328103
          ],
          [
            39.84023342574209,
            21.462375798206306
          ]
        ]
      }
    },
    {
      "type": "Feature",
      "properties": {
        "channel_class": "major",
        "upstream_area_km2": 11.025,
        "source": "HydroSim D8 flow accumulation"
      },
      "geometry": {
        "type": "LineString",
        "coordinates": [
          [
            39.819685901871644,
            21.464103954649882
          ],
          [
            39.81852776608812,
            21.464109626231416
          ],
          [
            39.81736056131798,
            21.462489128590764
          ]
        ]
      }
    },
    {
      "type": "Feature",
      "properties": {
        "channel_class": "drainage",
        "upstream_area_km2": 0.312,
        "source": "HydroSim D8 flow accumulation"
      },
      "geometry": {
        "type": "LineString",
        "coordinates": [
          [
            39.91667836721372,
            21.463600508915317
          ],
          [
            39.91407432747238,
            21.463885789237402
          ],
          [
            39.91349189658382,
            21.463346912843978
          ]
        ]
      }
    },
    {
      "type": "Feature",
      "properties": {
        "channel_class": "drainage",
        "upstream_area_km2": 0.32,
        "source": "HydroSim D8 flow accumulation"
      },
      "geometry": {
        "type": "LineString",
        "coordinates": [
          [
            39.83734587656057,
            21.463745444194025
          ],
          [
            39.837624566390566,
            21.461846816054596
          ]
        ]
      }
    },
    {
      "type": "Feature",
      "properties": {
        "channel_class": "drainage",
        "upstream_area_km2": 0.656,
        "source": "HydroSim D8 flow accumulation"
      },
      "geometry": {
        "type": "LineString",
        "coordinates": [
          [
            39.91349189658382,
            21.463346912843978
          ],
          [
            39.912608133803445,
            21.460912473610566
          ]
        ]
      }
    },
    {
      "type": "Feature",
      "properties": {
        "channel_class": "drainage",
        "upstream_area_km2": 0.357,
        "source": "HydroSim D8 flow accumulation"
      },
      "geometry": {
        "type": "LineString",
        "coordinates": [
          [
            39.864849696037986,
            21.463334462666307
          ],
          [
            39.864275432588116,
            21.464150526446183
          ],
          [
            39.86340684048896,
            21.464155012433327
          ],
          [
            39.86225350093684,
            21.464974057830265
          ]
        ]
      }
    },
    {
      "type": "Feature",
      "properties": {
        "channel_class": "drainage",
        "upstream_area_km2": 1.097,
        "source": "HydroSim D8 flow accumulation"
      },
      "geometry": {
        "type": "LineString",
        "coordinates": [
          [
            39.80635837089667,
            21.462542528161098
          ],
          [
            39.80808510204633,
            21.46063695190882
          ],
          [
            39.80866565292724,
            21.460905181237603
          ],
          [
            39.81097138362921,
            21.45899677635761
          ]
        ]
      }
    },
    {
      "type": "Feature",
      "properties": {
        "channel_class": "drainage",
        "upstream_area_km2": 0.416,
        "source": "HydroSim D8 flow accumulation"
      },
      "geometry": {
        "type": "LineString",
        "coordinates": [
          [
            39.80896415591642,
            21.46252994627904
          ],
          [
            39.80751649780701,
            21.46253694122385
          ],
          [
            39.80665088582577,
            21.463083187389195
          ],
          [
            39.80635837089667,
            21.462542528161098
          ]
        ]
      }
    },
    {
      "type": "Feature",
      "properties": {
        "channel_class": "major",
        "upstream_area_km2": 67.731,
        "source": "HydroSim D8 flow accumulation"
      },
      "geometry": {
        "type": "LineString",
        "coordinates": [
          [
            39.81736056131798,
            21.462489128590764
          ],
          [
            39.816490458833975,
            21.46222234369306
          ],
          [
            39.81677696874536,
            21.461678876291643
          ],
          [
            39.81619489180537,
            21.46113964869496
          ],
          [
            39.81474423722002,
            21.460604651533057
          ],
          [
            39.81444868667344,
            21.459521952729617
          ],
          [
            39.813868131502794,
            21.459253743589663
          ],
          [
            39.81300406643593,
            21.460071048751633
          ],
          [
            39.811839956845986,
            21.45899256361519
          ],
          [
            39.81097138362921,
            21.45899677635761
          ]
        ]
      }
    },
    {
      "type": "Feature",
      "properties": {
        "channel_class": "major",
        "upstream_area_km2": 53.363,
        "source": "HydroSim D8 flow accumulation"
      },
      "geometry": {
        "type": "LineString",
        "coordinates": [
          [
            39.84023342574209,
            21.462375798206306
          ],
          [
            39.83907220669625,
            21.46183956077822
          ],
          [
            39.837624566390566,
            21.461846816054596
          ]
        ]
      }
    },
    {
      "type": "Feature",
      "properties": {
        "channel_class": "drainage",
        "upstream_area_km2": 0.468,
        "source": "HydroSim D8 flow accumulation"
      },
      "geometry": {
        "type": "LineString",
        "coordinates": [
          [
            39.92014076061967,
            21.461684295543048
          ],
          [
            39.918110715252006,
            21.461153392142634
          ],
          [
            39.9169475470432,
            21.460346684991958
          ]
        ]
      }
    },
    {
      "type": "Feature",
      "properties": {
        "channel_class": "major",
        "upstream_area_km2": 53.973,
        "source": "HydroSim D8 flow accumulation"
      },
      "geometry": {
        "type": "LineString",
        "coordinates": [
          [
            39.837624566390566,
            21.461846816054596
          ],
          [
            39.83413943127046,
            21.459966997050866
          ]
        ]
      }
    },
    {
      "type": "Feature",
      "properties": {
        "channel_class": "drainage",
        "upstream_area_km2": 4.633,
        "source": "HydroSim D8 flow accumulation"
      },
      "geometry": {
        "type": "LineString",
        "coordinates": [
          [
            39.841098902099,
            21.46182938234926
          ],
          [
            39.84023342574209,
            21.462375798206306
          ]
        ]
      }
    },
    {
      "type": "Feature",
      "properties": {
        "channel_class": "drainage",
        "upstream_area_km2": 3.05,
        "source": "HydroSim D8 flow accumulation"
      },
      "geometry": {
        "type": "LineString",
        "coordinates": [
          [
            39.85383810278093,
            21.461764841533935
          ],
          [
            39.852975831209264,
            21.462853370582565
          ],
          [
            39.85239677323996,
            21.46285632245531
          ],
          [
            39.85123236107473,
            21.461778121971037
          ],
          [
            39.85065487996448,
            21.46205209227686
          ],
          [
            39.849188401136786,
            21.458807150743908
          ],
          [
            39.846574883660665,
            21.457465231937626
          ],
          [
            39.84512572705983,
            21.457201525576217
          ],
          [
            39.844263414662954,
            21.458290011547717
          ],
          [
            39.84252317553573,
            21.457756718296512
          ]
        ]
      }
    },
    {
      "type": "Feature",
      "properties": {
        "channel_class": "major",
        "upstream_area_km2": 13.32,
        "source": "HydroSim D8 flow accumulation"
      },
      "geometry": {
        "type": "LineString",
        "coordinates": [
          [
            39.896687784460426,
            21.4615406316992
          ],
          [
            39.89669939077265,
            21.46343778046411
          ],
          [
            39.89380246946603,
            21.463182255511672
          ],
          [
            39.89322671994387,
            21.463727391711
          ],
          [
            39.8882916071928,
            21.46158542914071
          ],
          [
            39.88625674733395,
            21.460241068820444
          ],
          [
            39.88567934231449,
            21.46051515767821
          ],
          [
            39.88509702578284,
            21.459976178075856
          ],
          [
            39.883358267333946,
            21.459714337760786
          ]
        ]
      }
    },
    {
      "type": "Feature",
      "properties": {
        "channel_class": "drainage",
        "upstream_area_km2": 4.718,
        "source": "HydroSim D8 flow accumulation"
      },
      "geometry": {
        "type": "LineString",
        "coordinates": [
          [
            39.912608133803445,
            21.460912473610566
          ],
          [
            39.91231692654586,
            21.460643032737707
          ]
        ]
      }
    },
    {
      "type": "Feature",
      "properties": {
        "channel_class": "drainage",
        "upstream_area_km2": 0.257,
        "source": "HydroSim D8 flow accumulation"
      },
      "geometry": {
        "type": "LineString",
        "coordinates": [
          [
            39.842252341303585,
            21.461010479438187
          ],
          [
            39.841098902099,
            21.46182938234926
          ]
        ]
      }
    },
    {
      "type": "Feature",
      "properties": {
        "channel_class": "drainage",
        "upstream_area_km2": 0.264,
        "source": "HydroSim D8 flow accumulation"
      },
      "geometry": {
        "type": "LineString",
        "coordinates": [
          [
            39.85383336664453,
            21.460951768329245
          ],
          [
            39.85383810278093,
            21.461764841533935
          ]
        ]
      }
    },
    {
      "type": "Feature",
      "properties": {
        "channel_class": "major",
        "upstream_area_km2": 6.304,
        "source": "HydroSim D8 flow accumulation"
      },
      "geometry": {
        "type": "LineString",
        "coordinates": [
          [
            39.91231692654586,
            21.460643032737707
          ],
          [
            39.91086932645845,
            21.460650921423984
          ],
          [
            39.90999571873592,
            21.459842587642612
          ],
          [
            39.90941836292129,
            21.46011675685396
          ],
          [
            39.90854644589348,
            21.459579435510502
          ],
          [
            39.90739172825258,
            21.460127762137912
          ],
          [
            39.907100531835226,
            21.459858311763664
          ],
          [
            39.906524846170925,
            21.460403491762886
          ],
          [
            39.90535504950902,
            21.458512618637332
          ],
          [
            39.9047776895076,
            21.458786771994802
          ],
          [
            39.90332676477059,
            21.458252553030942
          ],
          [
            39.9021753721794,
            21.459342885937204
          ],
          [
            39.90130515117094,
            21.45907654671503
          ],
          [
            39.89784753626703,
            21.46180544087078
          ],
          [
            39.896687784460426,
            21.4615406316992
          ]
        ]
      }
    },
    {
      "type": "Feature",
      "properties": {
        "channel_class": "drainage",
        "upstream_area_km2": 0.494,
        "source": "HydroSim D8 flow accumulation"
      },
      "geometry": {
        "type": "LineString",
        "coordinates": [
          [
            39.880757467634346,
            21.460541144280008
          ],
          [
            39.87901220791046,
            21.459195168260393
          ],
          [
            39.87813553153776,
            21.45784461603569
          ]
        ]
      }
    },
    {
      "type": "Feature",
      "properties": {
        "channel_class": "drainage",
        "upstream_area_km2": 0.332,
        "source": "HydroSim D8 flow accumulation"
      },
      "geometry": {
        "type": "LineString",
        "coordinates": [
          [
            39.89031168815516,
            21.460490567450815
          ],
          [
            39.88828503766346,
            21.460501341454986
          ],
          [
            39.885669517690594,
            21.45888902473474
          ]
        ]
      }
    },
    {
      "type": "Feature",
      "properties": {
        "channel_class": "drainage",
        "upstream_area_km2": 4.058,
        "source": "HydroSim D8 flow accumulation"
      },
      "geometry": {
        "type": "LineString",
        "coordinates": [
          [
            39.9169475470432,
            21.460346684991958
          ],
          [
            39.91550333707257,
            21.460896653439598
          ],
          [
            39.914338494122156,
            21.45981890753965
          ],
          [
            39.912608133803445,
            21.460912473610566
          ]
        ]
      }
    },
    {
      "type": "Feature",
      "properties": {
        "channel_class": "major",
        "upstream_area_km2": 56.267,
        "source": "HydroSim D8 flow accumulation"
      },
      "geometry": {
        "type": "LineString",
        "coordinates": [
          [
            39.83413943127046,
            21.459966997050866
          ],
          [
            39.83355729970155,
            21.4594278316007
          ],
          [
            39.83269026812973,
            21.45970318311245
          ],
          [
            39.832687189203874,
            21.459161131225052
          ],
          [
            39.83152448449018,
            21.45835381342504
          ],
          [
            39.830076875812956,
            21.458361002276547
          ],
          [
            39.83007380676062,
            21.457818949941664
          ],
          [
            39.82920064589305,
            21.45701017837438
          ],
          [
            39.827754579788625,
            21.45728837305025
          ],
          [
            39.82514432421349,
            21.45648816501218
          ],
          [
            39.82225825846295,
            21.458128578980777
          ],
          [
            39.819384246704224,
            21.461937159384263
          ],
          [
            39.81736056131798,
            21.462489128590764
          ]
        ]
      }
    },
    {
      "type": "Feature",
      "properties": {
        "channel_class": "major",
        "upstream_area_km2": 16.046,
        "source": "HydroSim D8 flow accumulation"
      },
      "geometry": {
        "type": "LineString",
        "coordinates": [
          [
            39.883358267333946,
            21.459714337760786
          ],
          [
            39.88103395907855,
            21.458371439624678
          ],
          [
            39.87813390820453,
            21.45757359326216
          ]
        ]
      }
    },
    {
      "type": "Feature",
      "properties": {
        "channel_class": "drainage",
        "upstream_area_km2": 2.594,
        "source": "HydroSim D8 flow accumulation"
      },
      "geometry": {
        "type": "LineString",
        "coordinates": [
          [
            39.88364452041115,
            21.4591707640706
          ],
          [
            39.883358267333946,
            21.459714337760786
          ]
        ]
      }
    },
    {
      "type": "Feature",
      "properties": {
        "channel_class": "drainage",
        "upstream_area_km2": 1.731,
        "source": "HydroSim D8 flow accumulation"
      },
      "geometry": {
        "type": "LineString",
        "coordinates": [
          [
            39.885669517690594,
            21.45888902473474
          ],
          [
            39.88364452041115,
            21.4591707640706
          ]
        ]
      }
    },
    {
      "type": "Feature",
      "properties": {
        "channel_class": "major",
        "upstream_area_km2": 68.882,
        "source": "HydroSim D8 flow accumulation"
      },
      "geometry": {
        "type": "LineString",
        "coordinates": [
          [
            39.81097138362921,
            21.45899677635761
          ],
          [
            39.810960889236874,
            21.457099584068143
          ]
        ]
      }
    },
    {
      "type": "Feature",
      "properties": {
        "channel_class": "drainage",
        "upstream_area_km2": 0.257,
        "source": "HydroSim D8 flow accumulation"
      },
      "geometry": {
        "type": "LineString",
        "coordinates": [
          [
            39.87784763721121,
            21.45811715821751
          ],
          [
            39.87813553153776,
            21.45784461603569
          ]
        ]
      }
    },
    {
      "type": "Feature",
      "properties": {
        "channel_class": "drainage",
        "upstream_area_km2": 0.753,
        "source": "HydroSim D8 flow accumulation"
      },
      "geometry": {
        "type": "LineString",
        "coordinates": [
          [
            39.87813553153776,
            21.45784461603569
          ],
          [
            39.87813390820453,
            21.45757359326216
          ]
        ]
      }
    },
    {
      "type": "Feature",
      "properties": {
        "channel_class": "drainage",
        "upstream_area_km2": 0.406,
        "source": "HydroSim D8 flow accumulation"
      },
      "geometry": {
        "type": "LineString",
        "coordinates": [
          [
            39.814439652598665,
            21.45789578944576
          ],
          [
            39.81298603067636,
            21.456818720907155
          ],
          [
            39.81212197439006,
            21.457636021449638
          ],
          [
            39.810960889236874,
            21.457099584068143
          ]
        ]
      }
    },
    {
      "type": "Feature",
      "properties": {
        "channel_class": "drainage",
        "upstream_area_km2": 4.334,
        "source": "HydroSim D8 flow accumulation"
      },
      "geometry": {
        "type": "LineString",
        "coordinates": [
          [
            39.84252317553573,
            21.457756718296512
          ],
          [
            39.84165306049355,
            21.457490064713667
          ],
          [
            39.8405027524297,
            21.458851013893735
          ],
          [
            39.84108490627731,
            21.45939015445126
          ],
          [
            39.840508968073706,
            21.459935115502837
          ],
          [
            39.841674845213774,
            21.461284419216554
          ],
          [
            39.841098902099,
            21.46182938234926
          ]
        ]
      }
    },
    {
      "type": "Feature",
      "properties": {
        "channel_class": "major",
        "upstream_area_km2": 16.845,
        "source": "HydroSim D8 flow accumulation"
      },
      "geometry": {
        "type": "LineString",
        "coordinates": [
          [
            39.87813390820453,
            21.45757359326216
          ],
          [
            39.87697097816425,
            21.456766599130972
          ],
          [
            39.87754514190553,
            21.45595049443112
          ],
          [
            39.87696287296395,
            21.455411484575954
          ]
        ]
      }
    },
    {
      "type": "Feature",
      "properties": {
        "channel_class": "drainage",
        "upstream_area_km2": 3.403,
        "source": "HydroSim D8 flow accumulation"
      },
      "geometry": {
        "type": "LineString",
        "coordinates": [
          [
            39.91924500427226,
            21.457352756728973
          ],
          [
            39.91837986090746,
            21.457899566270633
          ],
          [
            39.917812710124736,
            21.45979988230959
          ],
          [
            39.9169475470432,
            21.460346684991958
          ]
        ]
      }
    },
    {
      "type": "Feature",
      "properties": {
        "channel_class": "drainage",
        "upstream_area_km2": 0.354,
        "source": "HydroSim D8 flow accumulation"
      },
      "geometry": {
        "type": "LineString",
        "coordinates": [
          [
            39.80691058049213,
            21.457661237547605
          ],
          [
            39.806616585078835,
            21.456849550321305
          ],
          [
            39.8086342596446,
            21.455213601108273
          ]
        ]
      }
    },
    {
      "type": "Feature",
      "properties": {
        "channel_class": "major",
        "upstream_area_km2": 69.396,
        "source": "HydroSim D8 flow accumulation"
      },
      "geometry": {
        "type": "LineString",
        "coordinates": [
          [
            39.810960889236874,
            21.457099584068143
          ],
          [
            39.81008933206935,
            21.456561736757827
          ],
          [
            39.81066537439308,
            21.456016877025043
          ],
          [
            39.81037285994565,
            21.455476224387567
          ],
          [
            39.8086342596446,
            21.455213601108273
          ]
        ]
      }
    },
    {
      "type": "Feature",
      "properties": {
        "channel_class": "drainage",
        "upstream_area_km2": 0.484,
        "source": "HydroSim D8 flow accumulation"
      },
      "geometry": {
        "type": "LineString",
        "coordinates": [
          [
            39.915183362495455,
            21.456019877865177
          ],
          [
            39.91431990092091,
            21.456837686861416
          ],
          [
            39.91490399918086,
            21.45764758164138
          ],
          [
            39.914617866913495,
            21.458191204753895
          ],
          [
            39.91231692654586,
            21.460643032737707
          ]
        ]
      }
    },
    {
      "type": "Feature",
      "properties": {
        "channel_class": "drainage",
        "upstream_area_km2": 0.452,
        "source": "HydroSim D8 flow accumulation"
      },
      "geometry": {
        "type": "LineString",
        "coordinates": [
          [
            39.86885812112071,
            21.455724800478084
          ],
          [
            39.86885490912641,
            21.45518275343998
          ]
        ]
      }
    },
    {
      "type": "Feature",
      "properties": {
        "channel_class": "major",
        "upstream_area_km2": 6.094,
        "source": "HydroSim D8 flow accumulation"
      },
      "geometry": {
        "type": "LineString",
        "coordinates": [
          [
            39.89751984929839,
            21.45557350446913
          ],
          [
            39.89752482636939,
            21.456386568672514
          ],
          [
            39.8963684321663,
            21.456663798525284
          ],
          [
            39.89695906562954,
            21.458557845027617
          ],
          [
            39.896105424740156,
            21.461001692033758
          ],
          [
            39.896687784460426,
            21.4615406316992
          ]
        ]
      }
    },
    {
      "type": "Feature",
      "properties": {
        "channel_class": "major",
        "upstream_area_km2": 17.613,
        "source": "HydroSim D8 flow accumulation"
      },
      "geometry": {
        "type": "LineString",
        "coordinates": [
          [
            39.87696287296395,
            21.455411484575954
          ],
          [
            39.8746467727523,
            21.45542360818084
          ],
          [
            39.87378308014234,
            21.45624121572122
          ],
          [
            39.87117261938402,
            21.455441733489835
          ],
          [
            39.8694371484107,
            21.45572179257294
          ],
          [
            39.86885490912641,
            21.45518275343998
          ]
        ]
      }
    },
    {
      "type": "Feature",
      "properties": {
        "channel_class": "drainage",
        "upstream_area_km2": 0.328,
        "source": "HydroSim D8 flow accumulation"
      },
      "geometry": {
        "type": "LineString",
        "coordinates": [
          [
            39.87869994705185,
            21.455402370837945
          ],
          [
            39.878124168741415,
            21.45594745643429
          ],
          [
            39.87696287296395,
            21.455411484575954
          ]
        ]
      }
    },
    {
      "type": "Feature",
      "properties": {
        "channel_class": "major",
        "upstream_area_km2": 18.62,
        "source": "HydroSim D8 flow accumulation"
      },
      "geometry": {
        "type": "LineString",
        "coordinates": [
          [
            39.86885490912641,
            21.45518275343998
          ],
          [
            39.86565746910361,
            21.45303107031444
          ],
          [
            39.86449783677552,
            21.45276603333375
          ],
          [
            39.864494641383516,
            21.452223985476962
          ],
          [
            39.86333182632447,
            21.451416892050336
          ],
          [
            39.86419076107051,
            21.44978626491468
          ]
        ]
      }
    },
    {
      "type": "Feature",
      "properties": {
        "channel_class": "drainage",
        "upstream_area_km2": 1.022,
        "source": "HydroSim D8 flow accumulation"
      },
      "geometry": {
        "type": "LineString",
        "coordinates": [
          [
            39.910833966288784,
            21.454959494243287
          ],
          [
            39.910258313531415,
            21.45550468623487
          ],
          [
            39.908805723920594,
            21.454699493566643
          ],
          [
            39.906489655087185,
            21.454712057534717
          ],
          [
            39.90590728882927,
            21.454173151872297
          ],
          [
            39.905040438408044,
            21.45444887285531
          ],
          [
            39.90416857105607,
            21.45391152657887
          ],
          [
            39.901862513272285,
            21.455550152633144
          ],
          [
            39.90070447012171,
            21.455556390807224
          ],
          [
            39.900128776039885,
            21.45610154931278
          ],
          [
            39.89925691559422,
            21.455564177256612
          ],
          [
            39.89751984929839,
            21.45557350446913
          ]
        ]
      }
    },
    {
      "type": "Feature",
      "properties": {
        "channel_class": "major",
        "upstream_area_km2": 69.882,
        "source": "HydroSim D8 flow accumulation"
      },
      "geometry": {
        "type": "LineString",
        "coordinates": [
          [
            39.8086342596446,
            21.455213601108273
          ],
          [
            39.808052238164784,
            21.454674343008932
          ],
          [
            39.80833279015607,
            21.453046777889114
          ],
          [
            39.80717026311863,
            21.452239284429663
          ]
        ]
      }
    },
    {
      "type": "Feature",
      "properties": {
        "channel_class": "drainage",
        "upstream_area_km2": 1.067,
        "source": "HydroSim D8 flow accumulation"
      },
      "geometry": {
        "type": "LineString",
        "coordinates": [
          [
            39.846559235132155,
            21.454754981094997
          ],
          [
            39.84598959058292,
            21.456384060561234
          ],
          [
            39.84425248987999,
            21.456392835102893
          ],
          [
            39.84252317553573,
            21.457756718296512
          ]
        ]
      }
    },
    {
      "type": "Feature",
      "properties": {
        "channel_class": "drainage",
        "upstream_area_km2": 4.866,
        "source": "HydroSim D8 flow accumulation"
      },
      "geometry": {
        "type": "LineString",
        "coordinates": [
          [
            39.898092231492654,
            21.454486311844637
          ],
          [
            39.897514872462274,
            21.454760440185687
          ],
          [
            39.89751984929839,
            21.45557350446913
          ]
        ]
      }
    },
    {
      "type": "Feature",
      "properties": {
        "channel_class": "drainage",
        "upstream_area_km2": 0.358,
        "source": "HydroSim D8 flow accumulation"
      },
      "geometry": {
        "type": "LineString",
        "coordinates": [
          [
            39.8042870400913,
            21.45442144895572
          ],
          [
            39.8051540994729,
            21.454146243780585
          ],
          [
            39.80572866240923,
            21.453330372637396
          ],
          [
            39.80659720318935,
            21.453326188163246
          ],
          [
            39.80717026311863,
            21.452239284429663
          ]
        ]
      }
    },
    {
      "type": "Feature",
      "properties": {
        "channel_class": "drainage",
        "upstream_area_km2": 0.313,
        "source": "HydroSim D8 flow accumulation"
      },
      "geometry": {
        "type": "LineString",
        "coordinates": [
          [
            39.84539024360464,
            21.452863659627038
          ],
          [
            39.84568131636214,
            21.453133221962847
          ],
          [
            39.84510541954691,
            21.453678197874353
          ],
          [
            39.846559235132155,
            21.454754981094997
          ]
        ]
      }
    },
    {
      "type": "Feature",
      "properties": {
        "channel_class": "drainage",
        "upstream_area_km2": 0.895,
        "source": "HydroSim D8 flow accumulation"
      },
      "geometry": {
        "type": "LineString",
        "coordinates": [
          [
            39.83959693921349,
            21.452350761324805
          ],
          [
            39.83873616206454,
            21.45371024554617
          ],
          [
            39.83931983984492,
            21.4545204191052
          ],
          [
            39.839036529684094,
            21.45560597370042
          ],
          [
            39.837884661927056,
            21.456695879834047
          ],
          [
            39.83701610802551,
            21.456700227346673
          ],
          [
            39.8367343238698,
            21.45805680416678
          ],
          [
            39.83500646138402,
            21.459691638073743
          ],
          [
            39.83413943127046,
            21.459966997050866
          ]
        ]
      }
    },
    {
      "type": "Feature",
      "properties": {
        "channel_class": "drainage",
        "upstream_area_km2": 0.268,
        "source": "HydroSim D8 flow accumulation"
      },
      "geometry": {
        "type": "LineString",
        "coordinates": [
          [
            39.85638843292197,
            21.45226566794267
          ],
          [
            39.85782963030925,
            21.451174155718967
          ]
        ]
      }
    },
    {
      "type": "Feature",
      "properties": {
        "channel_class": "major",
        "upstream_area_km2": 70.264,
        "source": "HydroSim D8 flow accumulation"
      },
      "geometry": {
        "type": "LineString",
        "coordinates": [
          [
            39.80717026311863,
            21.452239284429663
          ],
          [
            39.8065867684292,
            21.451428992534062
          ]
        ]
      }
    },
    {
      "type": "Feature",
      "properties": {
        "channel_class": "drainage",
        "upstream_area_km2": 0.38,
        "source": "HydroSim D8 flow accumulation"
      },
      "geometry": {
        "type": "LineString",
        "coordinates": [
          [
            39.810065375659484,
            21.452225294389972
          ],
          [
            39.80890135132332,
            21.45114678515779
          ],
          [
            39.80861333655086,
            21.45141921218162
          ],
          [
            39.80774182206883,
            21.450881350946617
          ],
          [
            39.80687776937584,
            21.451698624797405
          ],
          [
            39.8065867684292,
            21.451428992534062
          ]
        ]
      }
    },
    {
      "type": "Feature",
      "properties": {
        "channel_class": "drainage",
        "upstream_area_km2": 0.266,
        "source": "HydroSim D8 flow accumulation"
      },
      "geometry": {
        "type": "LineString",
        "coordinates": [
          [
            39.85783438622821,
            21.451987229021626
          ],
          [
            39.85782963030925,
            21.451174155718967
          ]
        ]
      }
    },
    {
      "type": "Feature",
      "properties": {
        "channel_class": "drainage",
        "upstream_area_km2": 0.69,
        "source": "HydroSim D8 flow accumulation"
      },
      "geometry": {
        "type": "LineString",
        "coordinates": [
          [
            39.877517569939165,
            21.451343104298875
          ],
          [
            39.87665391706607,
            21.45216072568848
          ],
          [
            39.874908796108166,
            21.4508147008354
          ],
          [
            39.87346450654296,
            21.451364309189273
          ],
          [
            39.87287904485846,
            21.450283236936247
          ],
          [
            39.87316532043578,
            21.449739679873698
          ],
          [
            39.871712980174784,
            21.448934155602718
          ],
          [
            39.872000868946834,
            21.448661623907412
          ],
          [
            39.871415429414746,
            21.44758054545584
          ]
        ]
      }
    },
    {
      "type": "Feature",
      "properties": {
        "channel_class": "major",
        "upstream_area_km2": 71.16,
        "source": "HydroSim D8 flow accumulation"
      },
      "geometry": {
        "type": "LineString",
        "coordinates": [
          [
            39.8065867684292,
            21.451428992534062
          ],
          [
            39.80629427852444,
            21.45088833171173
          ],
          [
            39.80744634497223,
            21.449798636279
          ],
          [
            39.80599136536268,
            21.44845047369312
          ],
          [
            39.80685391387844,
            21.44736217646415
          ],
          [
            39.806846460267145,
            21.44600703589435
          ],
          [
            39.80626448288992,
            21.445467769634917
          ],
          [
            39.80683900724231,
            21.444651895102837
          ]
        ]
      }
    },
    {
      "type": "Feature",
      "properties": {
        "channel_class": "drainage",
        "upstream_area_km2": 1.069,
        "source": "HydroSim D8 flow accumulation"
      },
      "geometry": {
        "type": "LineString",
        "coordinates": [
          [
            39.85782963030925,
            21.451174155718967
          ],
          [
            39.8584054686935,
            21.450629137745857
          ],
          [
            39.85666210965817,
            21.449553940657115
          ],
          [
            39.8569421114265,
            21.447926310927485
          ],
          [
            39.85519721537699,
            21.44658007204206
          ],
          [
            39.85461190634609,
            21.445498930103934
          ],
          [
            39.85489666282479,
            21.444684377163266
          ],
          [
            39.85285760773846,
            21.442526514542948
          ]
        ]
      }
    },
    {
      "type": "Feature",
      "properties": {
        "channel_class": "drainage",
        "upstream_area_km2": 0.499,
        "source": "HydroSim D8 flow accumulation"
      },
      "geometry": {
        "type": "LineString",
        "coordinates": [
          [
            39.82279471943631,
            21.450536981997498
          ],
          [
            39.82163061854611,
            21.449458563653156
          ],
          [
            39.82191860460597,
            21.449186115051077
          ]
        ]
      }
    },
    {
      "type": "Feature",
      "properties": {
        "channel_class": "drainage",
        "upstream_area_km2": 0.33,
        "source": "HydroSim D8 flow accumulation"
      },
      "geometry": {
        "type": "LineString",
        "coordinates": [
          [
            39.82858485229324,
            21.450508413391397
          ],
          [
            39.82828769297341,
            21.449154713791334
          ],
          [
            39.82770562656595,
            21.448615525208584
          ]
        ]
      }
    },
    {
      "type": "Feature",
      "properties": {
        "channel_class": "drainage",
        "upstream_area_km2": 0.859,
        "source": "HydroSim D8 flow accumulation"
      },
      "geometry": {
        "type": "LineString",
        "coordinates": [
          [
            39.88677350245923,
            21.44993915560301
          ],
          [
            39.886793168107836,
            21.453191423671477
          ],
          [
            39.8845016321855,
            21.457269017971953
          ],
          [
            39.884794418928564,
            21.457809531682116
          ],
          [
            39.883353367979915,
            21.45890127074022
          ],
          [
            39.88364452041115,
            21.4591707640706
          ]
        ]
      }
    },
    {
      "type": "Feature",
      "properties": {
        "channel_class": "drainage",
        "upstream_area_km2": 0.89,
        "source": "HydroSim D8 flow accumulation"
      },
      "geometry": {
        "type": "LineString",
        "coordinates": [
          [
            39.92846135408195,
            21.449713060587207
          ],
          [
            39.92759114875616,
            21.449446857457417
          ],
          [
            39.92557835500873,
            21.4516262332257
          ],
          [
            39.92645370671651,
            21.452705504413544
          ],
          [
            39.92732392980333,
            21.4529717127334
          ],
          [
            39.92733078538528,
            21.454055789630456
          ],
          [
            39.92675519970414,
            21.45460103612179
          ],
          [
            39.923281115639355,
            21.454620242634284
          ],
          [
            39.92241770886866,
            21.45543809165144
          ],
          [
            39.92125967324625,
            21.455444472053372
          ],
          [
            39.92126478191834,
            21.45625753089482
          ],
          [
            39.92040305562366,
            21.457346389732034
          ],
          [
            39.91924500427226,
            21.457352756728973
          ]
        ]
      }
    },
    {
      "type": "Feature",
      "properties": {
        "channel_class": "major",
        "upstream_area_km2": 21.135,
        "source": "HydroSim D8 flow accumulation"
      },
      "geometry": {
        "type": "LineString",
        "coordinates": [
          [
            39.86419076107051,
            21.44978626491468
          ],
          [
            39.86331906347933,
            21.449248699391962
          ],
          [
            39.863606969000905,
            21.448976181600727
          ],
          [
            39.86273368426397,
            21.448167588561386
          ]
        ]
      }
    },
    {
      "type": "Feature",
      "properties": {
        "channel_class": "drainage",
        "upstream_area_km2": 3.095,
        "source": "HydroSim D8 flow accumulation"
      },
      "geometry": {
        "type": "LineString",
        "coordinates": [
          [
            39.89864135518806,
            21.449604816954086
          ],
          [
            39.8972137549666,
            21.45286484244718
          ],
          [
            39.89808559190167,
            21.45340222614543
          ],
          [
            39.898092231492654,
            21.454486311844637
          ]
        ]
      }
    },
    {
      "type": "Feature",
      "properties": {
        "channel_class": "drainage",
        "upstream_area_km2": 1.849,
        "source": "HydroSim D8 flow accumulation"
      },
      "geometry": {
        "type": "LineString",
        "coordinates": [
          [
            39.82191860460597,
            21.449186115051077
          ],
          [
            39.821047057403845,
            21.448648324100127
          ],
          [
            39.82133200786818,
            21.447833822313328
          ],
          [
            39.820458955020015,
            21.44702500071606
          ],
          [
            39.820449860107324,
            21.445398837451826
          ],
          [
            39.81928430451919,
            21.44404937293156
          ],
          [
            39.81927068407944,
            21.44161012632977
          ]
        ]
      }
    },
    {
      "type": "Feature",
      "properties": {
        "channel_class": "drainage",
        "upstream_area_km2": 0.867,
        "source": "HydroSim D8 flow accumulation"
      },
      "geometry": {
        "type": "LineString",
        "coordinates": [
          [
            39.82770562656595,
            21.448615525208584
          ],
          [
            39.826832534976475,
            21.44780673821537
          ],
          [
            39.82538655374661,
            21.448084909950005
          ],
          [
            39.82393599942002,
            21.44754998860754
          ],
          [
            39.82191860460597,
            21.449186115051077
          ]
        ]
      }
    },
    {
      "type": "Feature",
      "properties": {
        "channel_class": "drainage",
        "upstream_area_km2": 0.656,
        "source": "HydroSim D8 flow accumulation"
      },
      "geometry": {
        "type": "LineString",
        "coordinates": [
          [
            39.84912719323735,
            21.448237176300175
          ],
          [
            39.8479801597642,
            21.45014022405945
          ],
          [
            39.846559235132155,
            21.454754981094997
          ]
        ]
      }
    },
    {
      "type": "Feature",
      "properties": {
        "channel_class": "major",
        "upstream_area_km2": 21.974,
        "source": "HydroSim D8 flow accumulation"
      },
      "geometry": {
        "type": "LineString",
        "coordinates": [
          [
            39.86273368426397,
            21.448167588561386
          ],
          [
            39.858074743102584,
            21.44358398396072
          ],
          [
            39.85691836374881,
            21.44386094069159
          ],
          [
            39.85604356478151,
            21.44278128516735
          ],
          [
            39.85633147206266,
            21.442508779656894
          ],
          [
            39.85488087082865,
            21.44197412805973
          ]
        ]
      }
    },
    {
      "type": "Feature",
      "properties": {
        "channel_class": "drainage",
        "upstream_area_km2": 0.307,
        "source": "HydroSim D8 flow accumulation"
      },
      "geometry": {
        "type": "LineString",
        "coordinates": [
          [
            39.82915007581427,
            21.44806630687464
          ],
          [
            39.82828157108267,
            21.44807060740184
          ],
          [
            39.82770562656595,
            21.448615525208584
          ]
        ]
      }
    },
    {
      "type": "Feature",
      "properties": {
        "channel_class": "drainage",
        "upstream_area_km2": 0.448,
        "source": "HydroSim D8 flow accumulation"
      },
      "geometry": {
        "type": "LineString",
        "coordinates": [
          [
            39.81322595222254,
            21.447873406292413
          ],
          [
            39.81235444322809,
            21.44733556872415
          ],
          [
            39.81119643775585,
            21.44734118537292
          ],
          [
            39.8106144394599,
            21.446801934996113
          ],
          [
            39.80887743667847,
            21.446810338709373
          ],
          [
            39.80829544879474,
            21.446271079898857
          ],
          [
            39.80858046671432,
            21.445456597498325
          ],
          [
            39.80683900724231,
            21.444651895102837
          ]
        ]
      }
    },
    {
      "type": "Feature",
      "properties": {
        "channel_class": "drainage",
        "upstream_area_km2": 0.36,
        "source": "HydroSim D8 flow accumulation"
      },
      "geometry": {
        "type": "LineString",
        "coordinates": [
          [
            39.86649397001274,
            21.44760609777037
          ],
          [
            39.86417479322847,
            21.447076024090897
          ],
          [
            39.86273368426397,
            21.448167588561386
          ]
        ]
      }
    },
    {
      "type": "Feature",
      "properties": {
        "channel_class": "drainage",
        "upstream_area_km2": 2.476,
        "source": "HydroSim D8 flow accumulation"
      },
      "geometry": {
        "type": "LineString",
        "coordinates": [
          [
            39.871415429414746,
            21.44758054545584
          ],
          [
            39.869686479236975,
            21.44894469890048
          ],
          [
            39.86708418062581,
            21.449500266218323
          ],
          [
            39.866508379913164,
            21.450045312898567
          ],
          [
            39.86563667271414,
            21.449507759803705
          ],
          [
            39.86448186082098,
            21.4500557936944
          ],
          [
            39.86419076107051,
            21.44978626491468
          ]
        ]
      }
    },
    {
      "type": "Feature",
      "properties": {
        "channel_class": "drainage",
        "upstream_area_km2": 2.354,
        "source": "HydroSim D8 flow accumulation"
      },
      "geometry": {
        "type": "LineString",
        "coordinates": [
          [
            39.92352112965005,
            21.446759076269846
          ],
          [
            39.92266970264523,
            21.44947406377799
          ],
          [
            39.920653430210976,
            21.45111134336922
          ],
          [
            39.92123583596434,
            21.45165019640073
          ],
          [
            39.920660235834305,
            21.45219542255292
          ],
          [
            39.9206687434658,
            21.45355052133228
          ],
          [
            39.919805327626314,
            21.45436835726673
          ],
          [
            39.92009823582723,
            21.4549088049939
          ],
          [
            39.91923820731399,
            21.456268677780738
          ],
          [
            39.91924500427226,
            21.457352756728973
          ]
        ]
      }
    },
    {
      "type": "Feature",
      "properties": {
        "channel_class": "drainage",
        "upstream_area_km2": 0.634,
        "source": "HydroSim D8 flow accumulation"
      },
      "geometry": {
        "type": "LineString",
        "coordinates": [
          [
            39.93046204484336,
            21.445636517700194
          ],
          [
            39.92959186080823,
            21.44537032410317
          ],
          [
            39.92901631661318,
            21.44591557739499
          ],
          [
            39.92814784794604,
            21.445920395665453
          ],
          [
            39.92669697553924,
            21.4453863770516
          ],
          [
            39.92554757040761,
            21.4467478822273
          ],
          [
            39.92352112965005,
            21.446759076269846
          ]
        ]
      }
    },
    {
      "type": "Feature",
      "properties": {
        "channel_class": "drainage",
        "upstream_area_km2": 0.364,
        "source": "HydroSim D8 flow accumulation"
      },
      "geometry": {
        "type": "LineString",
        "coordinates": [
          [
            39.8363721540219,
            21.44532003291062
          ],
          [
            39.836658558268134,
            21.4447765338162
          ],
          [
            39.83578389872134,
            21.44369676778908
          ],
          [
            39.835483603040345,
            21.441801028965216
          ]
        ]
      }
    },
    {
      "type": "Feature",
      "properties": {
        "channel_class": "drainage",
        "upstream_area_km2": 0.432,
        "source": "HydroSim D8 flow accumulation"
      },
      "geometry": {
        "type": "LineString",
        "coordinates": [
          [
            39.80018353991726,
            21.445225915460213
          ],
          [
            39.80018058337307,
            21.44468385823113
          ],
          [
            39.79873162272741,
            21.44441974297312
          ],
          [
            39.79872719617522,
            21.44360665674898
          ]
        ]
      }
    },
    {
      "type": "Feature",
      "properties": {
        "channel_class": "drainage",
        "upstream_area_km2": 1.496,
        "source": "HydroSim D8 flow accumulation"
      },
      "geometry": {
        "type": "LineString",
        "coordinates": [
          [
            39.87805764034495,
            21.44483551287933
          ],
          [
            39.87401767523164,
            21.447024912367915
          ],
          [
            39.871415429414746,
            21.44758054545584
          ]
        ]
      }
    },
    {
      "type": "Feature",
      "properties": {
        "channel_class": "drainage",
        "upstream_area_km2": 1.384,
        "source": "HydroSim D8 flow accumulation"
      },
      "geometry": {
        "type": "LineString",
        "coordinates": [
          [
            39.89542708200425,
            21.444743493720093
          ],
          [
            39.89572319104984,
            21.445826032326387
          ],
          [
            39.895147514523565,
            21.44637117363091
          ],
          [
            39.8948778626537,
            21.449624983959286
          ],
          [
            39.894303821112054,
            21.450441144564557
          ],
          [
            39.89459993512124,
            21.451523684319167
          ],
          [
            39.8940242327418,
            21.452068822317464
          ],
          [
            39.89346008518493,
            21.454511110920347
          ],
          [
            39.88942832462129,
            21.45805599084059
          ],
          [
            39.888849291229214,
            21.45805906824295
          ],
          [
            39.88797581637409,
            21.457250614428194
          ],
          [
            39.885669517690594,
            21.45888902473474
          ]
        ]
      }
    },
    {
      "type": "Feature",
      "properties": {
        "channel_class": "drainage",
        "upstream_area_km2": 0.841,
        "source": "HydroSim D8 flow accumulation"
      },
      "geometry": {
        "type": "LineString",
        "coordinates": [
          [
            39.86792382009284,
            21.444617334633822
          ],
          [
            39.867635931122116,
            21.444889859433154
          ],
          [
            39.86618526856357,
            21.44435530813594
          ],
          [
            39.865308801729086,
            21.44300467932571
          ],
          [
            39.86415403878998,
            21.44355270969189
          ],
          [
            39.86357346347421,
            21.44328467341548
          ],
          [
            39.862700214002714,
            21.44247607851323
          ],
          [
            39.8629849198183,
            21.441661513220183
          ],
          [
            39.86153589634202,
            21.441397944266818
          ]
        ]
      }
    },
    {
      "type": "Feature",
      "properties": {
        "channel_class": "drainage",
        "upstream_area_km2": 0.274,
        "source": "HydroSim D8 flow accumulation"
      },
      "geometry": {
        "type": "LineString",
        "coordinates": [
          [
            39.8786350000473,
            21.444561451447424
          ],
          [
            39.87805764034495,
            21.44483551287933
          ]
        ]
      }
    },
    {
      "type": "Feature",
      "properties": {
        "channel_class": "major",
        "upstream_area_km2": 71.623,
        "source": "HydroSim D8 flow accumulation"
      },
      "geometry": {
        "type": "LineString",
        "coordinates": [
          [
            39.80683900724231,
            21.444651895102837
          ],
          [
            39.80683453570889,
            21.443838810521495
          ]
        ]
      }
    },
    {
      "type": "Feature",
      "properties": {
        "channel_class": "drainage",
        "upstream_area_km2": 0.436,
        "source": "HydroSim D8 flow accumulation"
      },
      "geometry": {
        "type": "LineString",
        "coordinates": [
          [
            39.81378691457009,
            21.44461825994855
          ],
          [
            39.81233493298788,
            21.443812207574265
          ],
          [
            39.81030697494138,
            21.443551001704364
          ],
          [
            39.809724995343124,
            21.44301174741525
          ],
          [
            39.80943699758219,
            21.44328417556709
          ]
        ]
      }
    },
    {
      "type": "Feature",
      "properties": {
        "channel_class": "drainage",
        "upstream_area_km2": 0.564,
        "source": "HydroSim D8 flow accumulation"
      },
      "geometry": {
        "type": "LineString",
        "coordinates": [
          [
            39.846789286289386,
            21.444454555508408
          ],
          [
            39.846768952091466,
            21.440931223962675
          ],
          [
            39.845604759991204,
            21.439852974406104
          ]
        ]
      }
    },
    {
      "type": "Feature",
      "properties": {
        "channel_class": "major",
        "upstream_area_km2": 115.346,
        "source": "HydroSim D8 flow accumulation"
      },
      "geometry": {
        "type": "LineString",
        "coordinates": [
          [
            39.80683453570889,
            21.443838810521495
          ],
          [
            39.80596158464185,
            21.443029909633477
          ],
          [
            39.80480955816099,
            21.444119594394714
          ],
          [
            39.80365157591143,
            21.44412515805122
          ],
          [
            39.803069617595355,
            21.443585879960324
          ],
          [
            39.802205579530415,
            21.444403129861463
          ],
          [
            39.801908676381814,
            21.44304937434433
          ],
          [
            39.80075513939323,
            21.443868003545795
          ],
          [
            39.800173192419706,
            21.443328715003247
          ]
        ]
      }
    },
    {
      "type": "Feature",
      "properties": {
        "channel_class": "major",
        "upstream_area_km2": 117.625,
        "source": "HydroSim D8 flow accumulation"
      },
      "geometry": {
        "type": "LineString",
        "coordinates": [
          [
            39.79872719617522,
            21.44360665674898
          ],
          [
            39.797852815934355,
            21.44252668327257
          ],
          [
            39.796697787622314,
            21.443074256246394
          ],
          [
            39.79407913942162,
            21.44064737432253
          ],
          [
            39.79609527248898,
            21.438740546646013
          ],
          [
            39.79666688716071,
            21.43738264726061
          ],
          [
            39.795503079668,
            21.436304036199974
          ]
        ]
      }
    },
    {
      "type": "Feature",
      "properties": {
        "channel_class": "major",
        "upstream_area_km2": 116.474,
        "source": "HydroSim D8 flow accumulation"
      },
      "geometry": {
        "type": "LineString",
        "coordinates": [
          [
            39.800173192419706,
            21.443328715003247
          ],
          [
            39.79872719617522,
            21.44360665674898
          ]
        ]
      }
    },
    {
      "type": "Feature",
      "properties": {
        "channel_class": "major",
        "upstream_area_km2": 43.085,
        "source": "HydroSim D8 flow accumulation"
      },
      "geometry": {
        "type": "LineString",
        "coordinates": [
          [
            39.80943699758219,
            21.44328417556709
          ],
          [
            39.80828350266132,
            21.444102855371163
          ],
          [
            39.80683453570889,
            21.443838810521495
          ]
        ]
      }
    },
    {
      "type": "Feature",
      "properties": {
        "channel_class": "drainage",
        "upstream_area_km2": 1.715,
        "source": "HydroSim D8 flow accumulation"
      },
      "geometry": {
        "type": "LineString",
        "coordinates": [
          [
            39.91365139266885,
            21.442476769556233
          ],
          [
            39.91048220438111,
            21.44493330701259
          ],
          [
            39.909324247817466,
            21.444939601881245
          ],
          [
            39.906732245446456,
            21.447121904325677
          ],
          [
            39.90557427040101,
            21.447128173861522
          ],
          [
            39.90154301024002,
            21.450673331459562
          ],
          [
            39.900970667859845,
            21.451760534961558
          ],
          [
            39.89895245073509,
            21.453126540922373
          ],
          [
            39.899246942899254,
            21.45393804938485
          ],
          [
            39.898092231492654,
            21.454486311844637
          ]
        ]
      }
    },
    {
      "type": "Feature",
      "properties": {
        "channel_class": "major",
        "upstream_area_km2": 24.923,
        "source": "HydroSim D8 flow accumulation"
      },
      "geometry": {
        "type": "LineString",
        "coordinates": [
          [
            39.85285760773846,
            21.442526514542948
          ],
          [
            39.85170751870249,
            21.443887535854422
          ],
          [
            39.85112539087448,
            21.44334843052734
          ],
          [
            39.85140387257312,
            21.441449782007133
          ],
          [
            39.849366482689675,
            21.439562898244656
          ]
        ]
      }
    },
    {
      "type": "Feature",
      "properties": {
        "channel_class": "drainage",
        "upstream_area_km2": 1.06,
        "source": "HydroSim D8 flow accumulation"
      },
      "geometry": {
        "type": "LineString",
        "coordinates": [
          [
            39.923492126927115,
            21.44215173948696
          ],
          [
            39.92235123464461,
            21.444868322869784
          ],
          [
            39.92264754075728,
            21.44595080676355
          ],
          [
            39.92352112965005,
            21.446759076269846
          ]
        ]
      }
    },
    {
      "type": "Feature",
      "properties": {
        "channel_class": "major",
        "upstream_area_km2": 23.599,
        "source": "HydroSim D8 flow accumulation"
      },
      "geometry": {
        "type": "LineString",
        "coordinates": [
          [
            39.85488087082865,
            21.44197412805973
          ],
          [
            39.85314236892758,
            21.441711964169173
          ],
          [
            39.85285760773846,
            21.442526514542948
          ]
        ]
      }
    },
    {
      "type": "Feature",
      "properties": {
        "channel_class": "drainage",
        "upstream_area_km2": 0.811,
        "source": "HydroSim D8 flow accumulation"
      },
      "geometry": {
        "type": "LineString",
        "coordinates": [
          [
            39.906698745002444,
            21.44170148258054
          ],
          [
            39.903514430228235,
            21.44171869975897
          ],
          [
            39.902077011079705,
            21.44335263470887
          ],
          [
            39.902369831559746,
            21.443893117263865
          ],
          [
            39.901805850126806,
            21.446335430397355
          ],
          [
            39.90007720921961,
            21.44769988775222
          ],
          [
            39.900083861589614,
            21.448783973595162
          ],
          [
            39.89922035364804,
            21.449601706828012
          ],
          [
            39.89864135518806,
            21.449604816954086
          ]
        ]
      }
    },
    {
      "type": "Feature",
      "properties": {
        "channel_class": "major",
        "upstream_area_km2": 34.716,
        "source": "HydroSim D8 flow accumulation"
      },
      "geometry": {
        "type": "LineString",
        "coordinates": [
          [
            39.835483603040345,
            21.441801028965216
          ],
          [
            39.833159998083744,
            21.440457438945227
          ],
          [
            39.83169567026947,
            21.437483342829246
          ],
          [
            39.830822625960145,
            21.436674574156356
          ],
          [
            39.830243668024714,
            21.436677446010872
          ],
          [
            39.82907962799121,
            21.43559907593178
          ],
          [
            39.82936757348749,
            21.435326615387385
          ],
          [
            39.828205079955396,
            21.43451926555417
          ],
          [
            39.82761848967705,
            21.433166992481695
          ],
          [
            39.82790031939789,
            21.43181042584019
          ],
          [
            39.827318325510404,
            21.431271232541786
          ],
          [
            39.82730916196881,
            21.429645069033988
          ]
        ]
      }
    },
    {
      "type": "Feature",
      "properties": {
        "channel_class": "drainage",
        "upstream_area_km2": 2.239,
        "source": "HydroSim D8 flow accumulation"
      },
      "geometry": {
        "type": "LineString",
        "coordinates": [
          [
            39.81927068407944,
            21.44161012632977
          ],
          [
            39.81723520005981,
            21.439993865809047
          ]
        ]
      }
    },
    {
      "type": "Feature",
      "properties": {
        "channel_class": "drainage",
        "upstream_area_km2": 0.298,
        "source": "HydroSim D8 flow accumulation"
      },
      "geometry": {
        "type": "LineString",
        "coordinates": [
          [
            39.81956017359126,
            21.441608709313044
          ],
          [
            39.81927068407944,
            21.44161012632977
          ]
        ]
      }
    },
    {
      "type": "Feature",
      "properties": {
        "channel_class": "drainage",
        "upstream_area_km2": 1.579,
        "source": "HydroSim D8 flow accumulation"
      },
      "geometry": {
        "type": "LineString",
        "coordinates": [
          [
            39.86153589634202,
            21.441397944266818
          ],
          [
            39.85921842085536,
            21.44113882227501
          ],
          [
            39.85718410481328,
            21.439794086501564
          ],
          [
            39.85488087082865,
            21.44197412805973
          ]
        ]
      }
    },
    {
      "type": "Feature",
      "properties": {
        "channel_class": "major",
        "upstream_area_km2": 32.951,
        "source": "HydroSim D8 flow accumulation"
      },
      "geometry": {
        "type": "LineString",
        "coordinates": [
          [
            39.83663692168127,
            21.440982166944238
          ],
          [
            39.835483603040345,
            21.441801028965216
          ]
        ]
      }
    },
    {
      "type": "Feature",
      "properties": {
        "channel_class": "major",
        "upstream_area_km2": 32.227,
        "source": "HydroSim D8 flow accumulation"
      },
      "geometry": {
        "type": "LineString",
        "coordinates": [
          [
            39.84126715688954,
            21.44068792884479
          ],
          [
            39.83953023993523,
            21.44069664829398
          ],
          [
            39.83808745242412,
            21.441516979226456
          ],
          [
            39.83663692168127,
            21.440982166944238
          ]
        ]
      }
    },
    {
      "type": "Feature",
      "properties": {
        "channel_class": "major",
        "upstream_area_km2": 42.6,
        "source": "HydroSim D8 flow accumulation"
      },
      "geometry": {
        "type": "LineString",
        "coordinates": [
          [
            39.811157476869475,
            21.44029445955086
          ],
          [
            39.811449961866586,
            21.440835112651637
          ],
          [
            39.81058748493739,
            21.44192343212353
          ],
          [
            39.81000850335222,
            21.441926234664646
          ],
          [
            39.80914451466908,
            21.442743519025342
          ],
          [
            39.80943699758219,
            21.44328417556709
          ]
        ]
      }
    },
    {
      "type": "Feature",
      "properties": {
        "channel_class": "drainage",
        "upstream_area_km2": 0.347,
        "source": "HydroSim D8 flow accumulation"
      },
      "geometry": {
        "type": "LineString",
        "coordinates": [
          [
            39.89134458395282,
            21.439886724624593
          ],
          [
            39.891921897918024,
            21.439612618728127
          ],
          [
            39.893953211010086,
            21.440414877224683
          ],
          [
            39.894816697358095,
            21.439597171145508
          ]
        ]
      }
    },
    {
      "type": "Feature",
      "properties": {
        "channel_class": "drainage",
        "upstream_area_km2": 2.927,
        "source": "HydroSim D8 flow accumulation"
      },
      "geometry": {
        "type": "LineString",
        "coordinates": [
          [
            39.81723520005981,
            21.439993865809047
          ],
          [
            39.81636372497769,
            21.439456047597137
          ],
          [
            39.8140493438129,
            21.43973835228223
          ],
          [
            39.81318388889298,
            21.440284628701555
          ],
          [
            39.811733453382296,
            21.439749597236087
          ],
          [
            39.811157476869475,
            21.44029445955086
          ]
        ]
      }
    },
    {
      "type": "Feature",
      "properties": {
        "channel_class": "major",
        "upstream_area_km2": 31.417,
        "source": "HydroSim D8 flow accumulation"
      },
      "geometry": {
        "type": "LineString",
        "coordinates": [
          [
            39.845604759991204,
            21.439852974406104
          ],
          [
            39.8441604573613,
            21.44040233063592
          ],
          [
            39.84357992863189,
            21.440134223283298
          ],
          [
            39.84300407296346,
            21.440679191379097
          ],
          [
            39.84126715688954,
            21.44068792884479
          ]
        ]
      }
    },
    {
      "type": "Feature",
      "properties": {
        "channel_class": "drainage",
        "upstream_area_km2": 2.124,
        "source": "HydroSim D8 flow accumulation"
      },
      "geometry": {
        "type": "LineString",
        "coordinates": [
          [
            39.894816697358095,
            21.439597171145508
          ],
          [
            39.896852994144844,
            21.44121245979634
          ],
          [
            39.8977197844207,
            21.44093678299941
          ],
          [
            39.8985915504604,
            21.441474167231174
          ],
          [
            39.89946996867928,
            21.44309563342729
          ],
          [
            39.90034175391038,
            21.443633007732657
          ],
          [
            39.900346743574886,
            21.44444607246364
          ],
          [
            39.899486585248525,
            21.445805849710887
          ],
          [
            39.899777739262554,
            21.44607531525597
          ],
          [
            39.89863139236147,
            21.44797868764974
          ],
          [
            39.89864135518806,
            21.449604816954086
          ]
        ]
      }
    },
    {
      "type": "Feature",
      "properties": {
        "channel_class": "major",
        "upstream_area_km2": 30.658,
        "source": "HydroSim D8 flow accumulation"
      },
      "geometry": {
        "type": "LineString",
        "coordinates": [
          [
            39.846471648859996,
            21.43957755996581
          ],
          [
            39.845604759991204,
            21.439852974406104
          ]
        ]
      }
    },
    {
      "type": "Feature",
      "properties": {
        "channel_class": "major",
        "upstream_area_km2": 26.866,
        "source": "HydroSim D8 flow accumulation"
      },
      "geometry": {
        "type": "LineString",
        "coordinates": [
          [
            39.849366482689675,
            21.439562898244656
          ],
          [
            39.846471648859996,
            21.43957755996581
          ]
        ]
      }
    },
    {
      "type": "Feature",
      "properties": {
        "channel_class": "drainage",
        "upstream_area_km2": 0.319,
        "source": "HydroSim D8 flow accumulation"
      },
      "geometry": {
        "type": "LineString",
        "coordinates": [
          [
            39.86499374992945,
            21.438669787239544
          ],
          [
            39.86412690477653,
            21.4389452962898
          ],
          [
            39.86153589634202,
            21.441397944266818
          ]
        ]
      }
    },
    {
      "type": "Feature",
      "properties": {
        "channel_class": "drainage",
        "upstream_area_km2": 0.434,
        "source": "HydroSim D8 flow accumulation"
      },
      "geometry": {
        "type": "LineString",
        "coordinates": [
          [
            39.822435320399364,
            21.43807115696094
          ],
          [
            39.821572942509576,
            21.439159530277614
          ],
          [
            39.820418034675,
            21.439707263511945
          ],
          [
            39.819834520829346,
            21.43889701734399
          ],
          [
            39.81867658411557,
            21.438902683624516
          ],
          [
            39.81723520005981,
            21.439993865809047
          ]
        ]
      }
    },
    {
      "type": "Feature",
      "properties": {
        "channel_class": "drainage",
        "upstream_area_km2": 0.931,
        "source": "HydroSim D8 flow accumulation"
      },
      "geometry": {
        "type": "LineString",
        "coordinates": [
          [
            39.87888390642827,
            21.43778435026764
          ],
          [
            39.87805764034495,
            21.44483551287933
          ]
        ]
      }
    },
    {
      "type": "Feature",
      "properties": {
        "channel_class": "drainage",
        "upstream_area_km2": 0.427,
        "source": "HydroSim D8 flow accumulation"
      },
      "geometry": {
        "type": "LineString",
        "coordinates": [
          [
            39.84182436284559,
            21.43689065469098
          ],
          [
            39.84182902662036,
            21.43770373276607
          ],
          [
            39.84096524522276,
            21.43852117525674
          ],
          [
            39.841841464429784,
            21.439871940575834
          ],
          [
            39.84126715688954,
            21.44068792884479
          ]
        ]
      }
    },
    {
      "type": "Feature",
      "properties": {
        "channel_class": "drainage",
        "upstream_area_km2": 1.179,
        "source": "HydroSim D8 flow accumulation"
      },
      "geometry": {
        "type": "LineString",
        "coordinates": [
          [
            39.8858215439786,
            21.436121598698133
          ],
          [
            39.887566580539804,
            21.437467514660618
          ],
          [
            39.88872448507827,
            21.437461372337967
          ],
          [
            39.89016364611168,
            21.436098570336945
          ],
          [
            39.891321539031814,
            21.436092410428564
          ],
          [
            39.89306827264534,
            21.437709289655512
          ],
          [
            39.89307651920147,
            21.439064401160262
          ],
          [
            39.89394990884324,
            21.43987283286681
          ],
          [
            39.894816697358095,
            21.439597171145508
          ]
        ]
      }
    },
    {
      "type": "Feature",
      "properties": {
        "channel_class": "major",
        "upstream_area_km2": 118.439,
        "source": "HydroSim D8 flow accumulation"
      },
      "geometry": {
        "type": "LineString",
        "coordinates": [
          [
            39.795503079668,
            21.436304036199974
          ],
          [
            39.79406447383267,
            21.437937082303414
          ]
        ]
      }
    },
    {
      "type": "Feature",
      "properties": {
        "channel_class": "drainage",
        "upstream_area_km2": 0.778,
        "source": "HydroSim D8 flow accumulation"
      },
      "geometry": {
        "type": "LineString",
        "coordinates": [
          [
            39.8177824585701,
            21.434299457141623
          ],
          [
            39.81806740239358,
            21.43348495984256
          ],
          [
            39.81632302466192,
            21.432138296273624
          ],
          [
            39.816892918150984,
            21.430509305515766
          ]
        ]
      }
    },
    {
      "type": "Feature",
      "properties": {
        "channel_class": "drainage",
        "upstream_area_km2": 3.781,
        "source": "HydroSim D8 flow accumulation"
      },
      "geometry": {
        "type": "LineString",
        "coordinates": [
          [
            39.85222826464531,
            21.433856654929286
          ],
          [
            39.850211380639635,
            21.435493108547632
          ],
          [
            39.8490644549121,
            21.437396162840365
          ],
          [
            39.84675487700679,
            21.438491993552184
          ],
          [
            39.846471648859996,
            21.43957755996581
          ]
        ]
      }
    },
    {
      "type": "Feature",
      "properties": {
        "channel_class": "drainage",
        "upstream_area_km2": 1.885,
        "source": "HydroSim D8 flow accumulation"
      },
      "geometry": {
        "type": "LineString",
        "coordinates": [
          [
            39.870452081255564,
            21.431594654289576
          ],
          [
            39.867846886784484,
            21.431608175429734
          ],
          [
            39.86668582189954,
            21.43107212290936
          ],
          [
            39.86495062704827,
            21.431352126823263
          ],
          [
            39.86204641863597,
            21.429740903683864
          ],
          [
            39.86147385390123,
            21.43082798203554
          ],
          [
            39.85916764904014,
            21.43246602818374
          ],
          [
            39.85830716675913,
            21.433825606377155
          ],
          [
            39.85859980861628,
            21.434366172262255
          ],
          [
            39.85687088520848,
            21.435730194225737
          ],
          [
            39.85658615530523,
            21.436544750441097
          ],
          [
            39.855138771189466,
            21.436552148981832
          ],
          [
            39.85397770954869,
            21.436016008402945
          ],
          [
            39.849366482689675,
            21.439562898244656
          ]
        ]
      }
    },
    {
      "type": "Feature",
      "properties": {
        "channel_class": "drainage",
        "upstream_area_km2": 0.754,
        "source": "HydroSim D8 flow accumulation"
      },
      "geometry": {
        "type": "LineString",
        "coordinates": [
          [
            39.797214940029114,
            21.431688279323268
          ],
          [
            39.79692693974889,
            21.43196068634975
          ],
          [
            39.79896209436151,
            21.4335772058508
          ],
          [
            39.797520608518866,
            21.434668221948602
          ],
          [
            39.79694753991865,
            21.435755094989002
          ],
          [
            39.79665658927637,
            21.435485443396683
          ],
          [
            39.795503079668,
            21.436304036199974
          ]
        ]
      }
    },
    {
      "type": "Feature",
      "properties": {
        "channel_class": "drainage",
        "upstream_area_km2": 0.684,
        "source": "HydroSim D8 flow accumulation"
      },
      "geometry": {
        "type": "LineString",
        "coordinates": [
          [
            39.83947288365301,
            21.430668677434422
          ],
          [
            39.83919271272441,
            21.432296286562618
          ],
          [
            39.838616869867735,
            21.432841239598176
          ],
          [
            39.839200459681834,
            21.43365141830411
          ],
          [
            39.83891563417206,
            21.43446594776948
          ],
          [
            39.839787157267075,
            21.4350036471885
          ],
          [
            39.83863699996669,
            21.4363645819567
          ],
          [
            39.83922525404345,
            21.437987838386203
          ],
          [
            39.83663692168127,
            21.440982166944238
          ]
        ]
      }
    },
    {
      "type": "Feature",
      "properties": {
        "channel_class": "major",
        "upstream_area_km2": 39.569,
        "source": "HydroSim D8 flow accumulation"
      },
      "geometry": {
        "type": "LineString",
        "coordinates": [
          [
            39.81197196206577,
            21.430533236552407
          ],
          [
            39.81197945707573,
            21.43188837790343
          ],
          [
            39.810833549523295,
            21.43406221443852
          ],
          [
            39.810848521826,
            21.436772496544226
          ],
          [
            39.81027404954291,
            21.43758838392351
          ],
          [
            39.81028003513102,
            21.43867249656654
          ],
          [
            39.811157476869475,
            21.44029445955086
          ]
        ]
      }
    },
    {
      "type": "Feature",
      "properties": {
        "channel_class": "major",
        "upstream_area_km2": 38.748,
        "source": "HydroSim D8 flow accumulation"
      },
      "geometry": {
        "type": "LineString",
        "coordinates": [
          [
            39.816892918150984,
            21.430509305515766
          ],
          [
            39.815156110902244,
            21.430517768270942
          ],
          [
            39.813699758412135,
            21.428898637598635
          ],
          [
            39.81197196206577,
            21.430533236552407
          ]
        ]
      }
    },
    {
      "type": "Feature",
      "properties": {
        "channel_class": "drainage",
        "upstream_area_km2": 0.278,
        "source": "HydroSim D8 flow accumulation"
      },
      "geometry": {
        "type": "LineString",
        "coordinates": [
          [
            39.81138853208908,
            21.42972295743076
          ],
          [
            39.81139152774383,
            21.430265014128764
          ],
          [
            39.81197196206577,
            21.430533236552407
          ]
        ]
      }
    },
    {
      "type": "Feature",
      "properties": {
        "channel_class": "major",
        "upstream_area_km2": 36.092,
        "source": "HydroSim D8 flow accumulation"
      },
      "geometry": {
        "type": "LineString",
        "coordinates": [
          [
            39.82730916196881,
            21.429645069033988
          ],
          [
            39.82932317214325,
            21.427466830029747
          ],
          [
            39.829315518787766,
            21.426111693869416
          ],
          [
            39.82815462877999,
            21.42557536778628
          ],
          [
            39.828730484304444,
            21.425030449923746
          ],
          [
            39.82843949925168,
            21.424760854391035
          ],
          [
            39.8269922207985,
            21.424768005895984
          ],
          [
            39.82582982546583,
            21.42396063544934
          ],
          [
            39.82323689068732,
            21.426141679763216
          ],
          [
            39.82149407328926,
            21.425066095429695
          ],
          [
            39.82091667480059,
            21.425339961427074
          ]
        ]
      }
    },
    {
      "type": "Feature",
      "properties": {
        "channel_class": "drainage",
        "upstream_area_km2": 0.823,
        "source": "HydroSim D8 flow accumulation"
      },
      "geometry": {
        "type": "LineString",
        "coordinates": [
          [
            39.84670328541911,
            21.42954814256305
          ],
          [
            39.84583957840437,
            21.43036560851557
          ],
          [
            39.84874519917314,
            21.432248143845694
          ],
          [
            39.84875146721578,
            21.4333322465868
          ],
          [
            39.85105937820664,
            21.43196536530011
          ],
          [
            39.85222039734948,
            21.432501527792397
          ],
          [
            39.85222826464531,
            21.433856654929286
          ]
        ]
      }
    },
    {
      "type": "Feature",
      "properties": {
        "channel_class": "drainage",
        "upstream_area_km2": 1.108,
        "source": "HydroSim D8 flow accumulation"
      },
      "geometry": {
        "type": "LineString",
        "coordinates": [
          [
            39.80762397279532,
            21.42947011771728
          ],
          [
            39.806473550706094,
            21.430830840588932
          ],
          [
            39.807347920024576,
            21.431910770728337
          ],
          [
            39.80475605007563,
            21.43436256864657
          ],
          [
            39.80533797658923,
            21.434901842414423
          ],
          [
            39.804770910391476,
            21.437072854729163
          ],
          [
            39.803330919685884,
            21.43843494873379
          ],
          [
            39.80305033403963,
            21.440062509143353
          ],
          [
            39.8010342767789,
            21.441969418043016
          ],
          [
            39.801326728665074,
            21.442510089791316
          ],
          [
            39.800173192419706,
            21.443328715003247
          ]
        ]
      }
    },
    {
      "type": "Feature",
      "properties": {
        "channel_class": "drainage",
        "upstream_area_km2": 0.572,
        "source": "HydroSim D8 flow accumulation"
      },
      "geometry": {
        "type": "LineString",
        "coordinates": [
          [
            39.83193292598199,
            21.428266991576635
          ],
          [
            39.83020381417381,
            21.429630744947215
          ],
          [
            39.829621821057074,
            21.429091559510134
          ],
          [
            39.8281760291078,
            21.429369749837033
          ],
          [
            39.82760015502867,
            21.42991466612977
          ],
          [
            39.82730916196881,
            21.429645069033988
          ]
        ]
      }
    },
    {
      "type": "Feature",
      "properties": {
        "channel_class": "drainage",
        "upstream_area_km2": 0.602,
        "source": "HydroSim D8 flow accumulation"
      },
      "geometry": {
        "type": "LineString",
        "coordinates": [
          [
            39.87331449800691,
            21.426159102168203
          ],
          [
            39.873303215926256,
            21.424261932939835
          ],
          [
            39.872430032028966,
            21.42345338495254
          ],
          [
            39.8715616827003,
            21.42345790512485
          ]
        ]
      }
    },
    {
      "type": "Feature",
      "properties": {
        "channel_class": "major",
        "upstream_area_km2": 37.836,
        "source": "HydroSim D8 flow accumulation"
      },
      "geometry": {
        "type": "LineString",
        "coordinates": [
          [
            39.82091667480059,
            21.425339961427074
          ],
          [
            39.82063176112439,
            21.426154463347885
          ],
          [
            39.819476950094064,
            21.426702187772737
          ],
          [
            39.81746279957833,
            21.428880312907744
          ],
          [
            39.81775679267922,
            21.429691983640055
          ],
          [
            39.816892918150984,
            21.430509305515766
          ]
        ]
      }
    },
    {
      "type": "Feature",
      "properties": {
        "channel_class": "drainage",
        "upstream_area_km2": 2.615,
        "source": "HydroSim D8 flow accumulation"
      },
      "geometry": {
        "type": "LineString",
        "coordinates": [
          [
            39.8715616827003,
            21.42345790512485
          ],
          [
            39.87097635406753,
            21.422376818400476
          ],
          [
            39.87010479964528,
            21.4218392818077
          ],
          [
            39.867795630198394,
            21.422935391260975
          ],
          [
            39.865208151176574,
            21.425930138542515
          ],
          [
            39.86259827760485,
            21.425130499926517
          ],
          [
            39.86086790955708,
            21.426223534735968
          ],
          [
            39.86057686515555,
            21.42595399710314
          ],
          [
            39.858848056989046,
            21.427318036902815
          ],
          [
            39.857978098089255,
            21.42705146222537
          ],
          [
            39.856244510822414,
            21.427602400333093
          ],
          [
            39.85509298737088,
            21.42869241700608
          ],
          [
            39.855678228144235,
            21.429773561521795
          ],
          [
            39.85510245817025,
            21.430318569061786
          ],
          [
            39.85568454658229,
            21.43085766262177
          ],
          [
            39.8545377271878,
            21.432760751886494
          ],
          [
            39.85222826464531,
            21.433856654929286
          ]
        ]
      }
    },
    {
      "type": "Feature",
      "properties": {
        "channel_class": "drainage",
        "upstream_area_km2": 0.316,
        "source": "HydroSim D8 flow accumulation"
      },
      "geometry": {
        "type": "LineString",
        "coordinates": [
          [
            39.87242520226626,
            21.42264031202478
          ],
          [
            39.8715616827003,
            21.42345790512485
          ]
        ]
      }
    },
    {
      "type": "Feature",
      "properties": {
        "channel_class": "drainage",
        "upstream_area_km2": 0.58,
        "source": "HydroSim D8 flow accumulation"
      },
      "geometry": {
        "type": "LineString",
        "coordinates": [
          [
            39.83595145350735,
            21.422284223126873
          ],
          [
            39.83508156187024,
            21.42201752700972
          ],
          [
            39.83364046612269,
            21.423108843303833
          ],
          [
            39.83160202541941,
            21.420950696255076
          ]
        ]
      }
    },
    {
      "type": "Feature",
      "properties": {
        "channel_class": "drainage",
        "upstream_area_km2": 1.449,
        "source": "HydroSim D8 flow accumulation"
      },
      "geometry": {
        "type": "LineString",
        "coordinates": [
          [
            39.83160202541941,
            21.420950696255076
          ],
          [
            39.828706016245256,
            21.420694011517757
          ],
          [
            39.82812406506534,
            21.42015481898471
          ],
          [
            39.82696933023181,
            21.420702593038413
          ],
          [
            39.823785403628484,
            21.420718279080596
          ],
          [
            39.82033019049438,
            21.42398765802602
          ],
          [
            39.82091667480059,
            21.425339961427074
          ]
        ]
      }
    },
    {
      "type": "Feature",
      "properties": {
        "channel_class": "drainage",
        "upstream_area_km2": 0.274,
        "source": "HydroSim D8 flow accumulation"
      },
      "geometry": {
        "type": "LineString",
        "coordinates": [
          [
            39.83246729697502,
            21.420404329261917
          ],
          [
            39.83160202541941,
            21.420950696255076
          ]
        ]
      }
    }
  ]
}
