{
  "type": "FeatureCollection",
  "properties": {
    "source": "Derived from authoritative sink-filled DEM",
    "minimum_upstream_area_km2": 0.25,
    "major_channel_threshold_km2": 5.0
  },
  "features": [
    {
      "type": "Feature",
      "properties": {
        "channel_class": "drainage",
        "upstream_area_km2": 0.835,
        "source": "HydroSim D8 flow accumulation"
      },
      "geometry": {
        "type": "LineString",
        "coordinates": [
          [
            39.916791200558684,
            21.527833522251427
          ],
          [
            39.91707745031046,
            21.52728989533007
          ],
          [
            39.916493046625845,
            21.526480025121042
          ],
          [
            39.91328995461199,
            21.523787314204203
          ],
          [
            39.91299522942178,
            21.522975844881636
          ]
        ]
      }
    },
    {
      "type": "Feature",
      "properties": {
        "channel_class": "drainage",
        "upstream_area_km2": 0.364,
        "source": "HydroSim D8 flow accumulation"
      },
      "geometry": {
        "type": "LineString",
        "coordinates": [
          [
            39.93416337260753,
            21.526653065118047
          ],
          [
            39.933003046438984,
            21.52638853076258
          ]
        ]
      }
    },
    {
      "type": "Feature",
      "properties": {
        "channel_class": "drainage",
        "upstream_area_km2": 1.896,
        "source": "HydroSim D8 flow accumulation"
      },
      "geometry": {
        "type": "LineString",
        "coordinates": [
          [
            39.933003046438984,
            21.52638853076258
          ],
          [
            39.932425479450536,
            21.526662785199406
          ],
          [
            39.93068240577074,
            21.52585943736313
          ],
          [
            39.929816912951615,
            21.52640631472915
          ],
          [
            39.92749972290175,
            21.52641921032479
          ],
          [
            39.92662561928284,
            21.525610987094527
          ],
          [
            39.92489116625687,
            21.5261626623674
          ],
          [
            39.92286191362157,
            21.525902870590144
          ],
          [
            39.922286038974185,
            21.526448107804022
          ],
          [
            39.92054814239495,
            21.526457704108978
          ],
          [
            39.91705873693601,
            21.524308700994084
          ],
          [
            39.916482845856365,
            21.524853918829024
          ],
          [
            39.914441749112434,
            21.522696898019042
          ]
        ]
      }
    },
    {
      "type": "Feature",
      "properties": {
        "channel_class": "drainage",
        "upstream_area_km2": 1.029,
        "source": "HydroSim D8 flow accumulation"
      },
      "geometry": {
        "type": "LineString",
        "coordinates": [
          [
            39.92834972646364,
            21.523433193107323
          ],
          [
            39.927485958806336,
            21.52425107525159
          ],
          [
            39.92486714827459,
            21.52236842269116
          ],
          [
            39.92457922206822,
            21.522641044722683
          ],
          [
            39.923706870635336,
            21.522103821727203
          ],
          [
            39.922843083557105,
            21.522921680616406
          ],
          [
            39.92110181233911,
            21.522389246306314
          ],
          [
            39.92052594419076,
            21.52293447741208
          ],
          [
            39.91936737386384,
            21.522940863749334
          ],
          [
            39.91792767341953,
            21.52430392372555
          ],
          [
            39.91676909138808,
            21.524310292411805
          ],
          [
            39.9150210341637,
            21.522693722985245
          ]
        ]
      }
    },
    {
      "type": "Feature",
      "properties": {
        "channel_class": "major",
        "upstream_area_km2": 5.008,
        "source": "HydroSim D8 flow accumulation"
      },
      "geometry": {
        "type": "LineString",
        "coordinates": [
          [
            39.91299522942178,
            21.522975844881636
          ],
          [
            39.91009373185019,
            21.522178610092517
          ],
          [
            39.907182169459894,
            21.519755212155637
          ],
          [
            39.906311576680736,
            21.519488913849642
          ],
          [
            39.90486842632576,
            21.520309827325455
          ],
          [
            39.90457711015335,
            21.520040378516626
          ]
        ]
      }
    },
    {
      "type": "Feature",
      "properties": {
        "channel_class": "drainage",
        "upstream_area_km2": 3.527,
        "source": "HydroSim D8 flow accumulation"
      },
      "geometry": {
        "type": "LineString",
        "coordinates": [
          [
            39.914441749112434,
            21.522696898019042
          ],
          [
            39.91299522942178,
            21.522975844881636
          ]
        ]
      }
    },
    {
      "type": "Feature",
      "properties": {
        "channel_class": "drainage",
        "upstream_area_km2": 1.528,
        "source": "HydroSim D8 flow accumulation"
      },
      "geometry": {
        "type": "LineString",
        "coordinates": [
          [
            39.9150210341637,
            21.522693722985245
          ],
          [
            39.914441749112434,
            21.522696898019042
          ]
        ]
      }
    },
    {
      "type": "Feature",
      "properties": {
        "channel_class": "drainage",
        "upstream_area_km2": 0.624,
        "source": "HydroSim D8 flow accumulation"
      },
      "geometry": {
        "type": "LineString",
        "coordinates": [
          [
            39.90777827967227,
            21.522462247958245
          ],
          [
            39.90719562917517,
            21.521923360760347
          ],
          [
            39.906618027422795,
            21.52219752710631
          ],
          [
            39.90516477972823,
            21.521392331749194
          ],
          [
            39.904290826141015,
            21.520583985598233
          ],
          [
            39.90457711015335,
            21.520040378516626
          ]
        ]
      }
    },
    {
      "type": "Feature",
      "properties": {
        "channel_class": "drainage",
        "upstream_area_km2": 0.274,
        "source": "HydroSim D8 flow accumulation"
      },
      "geometry": {
        "type": "LineString",
        "coordinates": [
          [
            39.92863247965763,
            21.522347514152198
          ],
          [
            39.92834972646364,
            21.523433193107323
          ]
        ]
      }
    },
    {
      "type": "Feature",
      "properties": {
        "channel_class": "drainage",
        "upstream_area_km2": 0.333,
        "source": "HydroSim D8 flow accumulation"
      },
      "geometry": {
        "type": "LineString",
        "coordinates": [
          [
            39.93239434783592,
            21.521784487465442
          ],
          [
            39.93239780646968,
            21.52232652068983
          ],
          [
            39.93124615386254,
            21.523417055960927
          ],
          [
            39.930087583227994,
            21.523423516849874
          ],
          [
            39.929504849637944,
            21.522884710679733
          ],
          [
            39.92834972646364,
            21.523433193107323
          ]
        ]
      }
    },
    {
      "type": "Feature",
      "properties": {
        "channel_class": "drainage",
        "upstream_area_km2": 0.758,
        "source": "HydroSim D8 flow accumulation"
      },
      "geometry": {
        "type": "LineString",
        "coordinates": [
          [
            39.89646723353438,
            21.52008413347761
          ],
          [
            39.89558669125748,
            21.518191661657944
          ],
          [
            39.89673858031901,
            21.51710136385392
          ],
          [
            39.89615599116185,
            21.516562435604605
          ],
          [
            39.896146021783835,
            21.514936318205134
          ],
          [
            39.895563443676465,
            21.51439738737402
          ],
          [
            39.895851410401896,
            21.514124813801413
          ],
          [
            39.895265517257414,
            21.51304384231789
          ]
        ]
      }
    },
    {
      "type": "Feature",
      "properties": {
        "channel_class": "major",
        "upstream_area_km2": 5.688,
        "source": "HydroSim D8 flow accumulation"
      },
      "geometry": {
        "type": "LineString",
        "coordinates": [
          [
            39.90457711015335,
            21.520040378516626
          ],
          [
            39.90370316807953,
            21.519232028761675
          ],
          [
            39.90283425830784,
            21.51923673091842
          ]
        ]
      }
    },
    {
      "type": "Feature",
      "properties": {
        "channel_class": "drainage",
        "upstream_area_km2": 0.474,
        "source": "HydroSim D8 flow accumulation"
      },
      "geometry": {
        "type": "LineString",
        "coordinates": [
          [
            39.92166571090428,
            21.51994689100782
          ],
          [
            39.92167083872336,
            21.5207599434858
          ],
          [
            39.9202311812413,
            21.52212302215512
          ],
          [
            39.9182019909882,
            21.52186317128443
          ],
          [
            39.916762289474285,
            21.523226221388526
          ],
          [
            39.9150210341637,
            21.522693722985245
          ]
        ]
      }
    },
    {
      "type": "Feature",
      "properties": {
        "channel_class": "major",
        "upstream_area_km2": 8.443,
        "source": "HydroSim D8 flow accumulation"
      },
      "geometry": {
        "type": "LineString",
        "coordinates": [
          [
            39.90283425830784,
            21.51923673091842
          ],
          [
            39.902542947962885,
            21.518967278318414
          ]
        ]
      }
    },
    {
      "type": "Feature",
      "properties": {
        "channel_class": "drainage",
        "upstream_area_km2": 0.59,
        "source": "HydroSim D8 flow accumulation"
      },
      "geometry": {
        "type": "LineString",
        "coordinates": [
          [
            39.93730082873643,
            21.519046744253355
          ],
          [
            39.93702683486549,
            21.521487517227555
          ],
          [
            39.9344356873466,
            21.523941279861457
          ],
          [
            39.93473226614443,
            21.52502372322129
          ],
          [
            39.9341529750885,
            21.525026967000436
          ],
          [
            39.933003046438984,
            21.52638853076258
          ]
        ]
      }
    },
    {
      "type": "Feature",
      "properties": {
        "channel_class": "major",
        "upstream_area_km2": 9.142,
        "source": "HydroSim D8 flow accumulation"
      },
      "geometry": {
        "type": "LineString",
        "coordinates": [
          [
            39.902542947962885,
            21.518967278318414
          ],
          [
            39.90080011949062,
            21.51816360853689
          ],
          [
            39.89992120317982,
            21.51654217996243
          ],
          [
            39.89700825542257,
            21.513847573562092
          ]
        ]
      }
    },
    {
      "type": "Feature",
      "properties": {
        "channel_class": "drainage",
        "upstream_area_km2": 0.971,
        "source": "HydroSim D8 flow accumulation"
      },
      "geometry": {
        "type": "LineString",
        "coordinates": [
          [
            39.88948455611908,
            21.514971944173183
          ],
          [
            39.88860578358055,
            21.51335045038922
          ],
          [
            39.884526420714764,
            21.509306674258873
          ],
          [
            39.884514945046,
            21.50740952959995
          ],
          [
            39.88305868874359,
            21.506062089421768
          ],
          [
            39.88305214303061,
            21.50497800596157
          ]
        ]
      }
    },
    {
      "type": "Feature",
      "properties": {
        "channel_class": "drainage",
        "upstream_area_km2": 2.619,
        "source": "HydroSim D8 flow accumulation"
      },
      "geometry": {
        "type": "LineString",
        "coordinates": [
          [
            39.91381332010921,
            21.514840544972785
          ],
          [
            39.91093056017126,
            21.517024521217785
          ],
          [
            39.909482401863286,
            21.517032417565083
          ],
          [
            39.90890650903899,
            21.517577609709146
          ],
          [
            39.90600849918479,
            21.51732233633882
          ],
          [
            39.904274056775556,
            21.517873797135437
          ],
          [
            39.90283425830784,
            21.51923673091842
          ]
        ]
      }
    },
    {
      "type": "Feature",
      "properties": {
        "channel_class": "drainage",
        "upstream_area_km2": 1.76,
        "source": "HydroSim D8 flow accumulation"
      },
      "geometry": {
        "type": "LineString",
        "coordinates": [
          [
            39.917868095987394,
            21.51481830051098
          ],
          [
            39.91381332010921,
            21.514840544972785
          ]
        ]
      }
    },
    {
      "type": "Feature",
      "properties": {
        "channel_class": "drainage",
        "upstream_area_km2": 0.747,
        "source": "HydroSim D8 flow accumulation"
      },
      "geometry": {
        "type": "LineString",
        "coordinates": [
          [
            39.88224054564796,
            21.514468325398212
          ],
          [
            39.883101245905515,
            21.513108628438665
          ],
          [
            39.883091423479186,
            21.511482504584713
          ],
          [
            39.88192639276866,
            21.510404544886896
          ],
          [
            39.881044466039754,
            21.508240964793828
          ],
          [
            39.879879476627195,
            21.50716298900064
          ],
          [
            39.88015930430156,
            21.50553533646211
          ],
          [
            39.878420008319424,
            21.505273464405544
          ]
        ]
      }
    },
    {
      "type": "Feature",
      "properties": {
        "channel_class": "major",
        "upstream_area_km2": 9.498,
        "source": "HydroSim D8 flow accumulation"
      },
      "geometry": {
        "type": "LineString",
        "coordinates": [
          [
            39.89700825542257,
            21.513847573562092
          ],
          [
            39.896134392030234,
            21.513039180833474
          ],
          [
            39.895265517257414,
            21.51304384231789
          ]
        ]
      }
    },
    {
      "type": "Feature",
      "properties": {
        "channel_class": "drainage",
        "upstream_area_km2": 0.309,
        "source": "HydroSim D8 flow accumulation"
      },
      "geometry": {
        "type": "LineString",
        "coordinates": [
          [
            39.89990118162177,
            21.51328994820162
          ],
          [
            39.89845305588469,
            21.513297747587067
          ],
          [
            39.897589172281755,
            21.514115479768616
          ],
          [
            39.89700825542257,
            21.513847573562092
          ]
        ]
      }
    },
    {
      "type": "Feature",
      "properties": {
        "channel_class": "drainage",
        "upstream_area_km2": 0.464,
        "source": "HydroSim D8 flow accumulation"
      },
      "geometry": {
        "type": "LineString",
        "coordinates": [
          [
            39.9094587950067,
            21.513238157324036
          ],
          [
            39.90946553929318,
            21.514322231856987
          ],
          [
            39.90831376976434,
            21.515412613759217
          ],
          [
            39.906870670686864,
            21.51623354313358
          ],
          [
            39.906001779502084,
            21.516238261153536
          ],
          [
            39.902542947962885,
            21.518967278318414
          ]
        ]
      }
    },
    {
      "type": "Feature",
      "properties": {
        "channel_class": "drainage",
        "upstream_area_km2": 0.77,
        "source": "HydroSim D8 flow accumulation"
      },
      "geometry": {
        "type": "LineString",
        "coordinates": [
          [
            39.925967331841974,
            21.51314741200439
          ],
          [
            39.924234735519065,
            21.513970093541037
          ],
          [
            39.917868095987394,
            21.51481830051098
          ]
        ]
      }
    },
    {
      "type": "Feature",
      "properties": {
        "channel_class": "major",
        "upstream_area_km2": 10.803,
        "source": "HydroSim D8 flow accumulation"
      },
      "geometry": {
        "type": "LineString",
        "coordinates": [
          [
            39.895265517257414,
            21.51304384231789
          ],
          [
            39.893224895231334,
            21.510886542287746
          ],
          [
            39.89264565347543,
            21.510889640058043
          ],
          [
            39.89118928910683,
            21.50954227512691
          ],
          [
            39.891184333703755,
            21.508729214679263
          ],
          [
            39.8882733484857,
            21.506305462834636
          ],
          [
            39.887113255593,
            21.506040600221525
          ],
          [
            39.88624934752574,
            21.506858275136633
          ],
          [
            39.88450674891235,
            21.506054426004876
          ],
          [
            39.88391769684962,
            21.504431368015503
          ],
          [
            39.88305214303061,
            21.50497800596157
          ]
        ]
      }
    },
    {
      "type": "Feature",
      "properties": {
        "channel_class": "drainage",
        "upstream_area_km2": 0.364,
        "source": "HydroSim D8 flow accumulation"
      },
      "geometry": {
        "type": "LineString",
        "coordinates": [
          [
            39.900463739249886,
            21.510576631248426
          ],
          [
            39.89959821521154,
            21.511123353690287
          ],
          [
            39.89901397418945,
            21.510313415052913
          ]
        ]
      }
    },
    {
      "type": "Feature",
      "properties": {
        "channel_class": "drainage",
        "upstream_area_km2": 1.43,
        "source": "HydroSim D8 flow accumulation"
      },
      "geometry": {
        "type": "LineString",
        "coordinates": [
          [
            39.89901397418945,
            21.510313415052913
          ],
          [
            39.89843140500716,
            21.509774493662835
          ],
          [
            39.897855496953156,
            21.510319648590546
          ],
          [
            39.89640906141043,
            21.510598448931688
          ],
          [
            39.89378757018607,
            21.50817324307596
          ]
        ]
      }
    },
    {
      "type": "Feature",
      "properties": {
        "channel_class": "drainage",
        "upstream_area_km2": 0.535,
        "source": "HydroSim D8 flow accumulation"
      },
      "geometry": {
        "type": "LineString",
        "coordinates": [
          [
            39.91436206298449,
            21.5099590437102
          ],
          [
            39.914368842492635,
            21.5110431171844
          ],
          [
            39.913792991271514,
            21.5115883250944
          ],
          [
            39.91381332010921,
            21.514840544972785
          ]
        ]
      }
    },
    {
      "type": "Feature",
      "properties": {
        "channel_class": "drainage",
        "upstream_area_km2": 0.411,
        "source": "HydroSim D8 flow accumulation"
      },
      "geometry": {
        "type": "LineString",
        "coordinates": [
          [
            39.878158064892865,
            21.509882347157514
          ],
          [
            39.87873404740599,
            21.509337257682724
          ],
          [
            39.87843465972001,
            21.507712654951224
          ],
          [
            39.87901063293217,
            21.50716756470873
          ],
          [
            39.87900737484238,
            21.50662552247625
          ],
          [
            39.87813365202259,
            21.50581702993355
          ],
          [
            39.878420008319424,
            21.505273464405544
          ]
        ]
      }
    },
    {
      "type": "Feature",
      "properties": {
        "channel_class": "drainage",
        "upstream_area_km2": 0.661,
        "source": "HydroSim D8 flow accumulation"
      },
      "geometry": {
        "type": "LineString",
        "coordinates": [
          [
            39.873516045553075,
            21.50855154666673
          ],
          [
            39.87466803204113,
            21.507461396878185
          ],
          [
            39.87407260247538,
            21.504754214814756
          ],
          [
            39.87493656911322,
            21.503936600796415
          ],
          [
            39.874933326658685,
            21.503394557761442
          ]
        ]
      }
    },
    {
      "type": "Feature",
      "properties": {
        "channel_class": "drainage",
        "upstream_area_km2": 2.269,
        "source": "HydroSim D8 flow accumulation"
      },
      "geometry": {
        "type": "LineString",
        "coordinates": [
          [
            39.89378757018607,
            21.50817324307596
          ],
          [
            39.89261918235249,
            21.506553319167537
          ],
          [
            39.89087985697132,
            21.506291578112606
          ],
          [
            39.88942355573753,
            21.50494419490257
          ],
          [
            39.88941861131449,
            21.504131133616273
          ],
          [
            39.888251950549794,
            21.502782196152538
          ],
          [
            39.88504989385615,
            21.500088899592754
          ],
          [
            39.8850400563086,
            21.498462774063494
          ]
        ]
      }
    },
    {
      "type": "Feature",
      "properties": {
        "channel_class": "drainage",
        "upstream_area_km2": 0.264,
        "source": "HydroSim D8 flow accumulation"
      },
      "geometry": {
        "type": "LineString",
        "coordinates": [
          [
            39.8949410557712,
            21.50735397860229
          ],
          [
            39.89378757018607,
            21.50817324307596
          ]
        ]
      }
    },
    {
      "type": "Feature",
      "properties": {
        "channel_class": "drainage",
        "upstream_area_km2": 0.841,
        "source": "HydroSim D8 flow accumulation"
      },
      "geometry": {
        "type": "LineString",
        "coordinates": [
          [
            39.92331965151784,
            21.506657423821903
          ],
          [
            39.92101813292651,
            21.509109379569082
          ],
          [
            39.921028375925275,
            21.510735486850976
          ],
          [
            39.917868095987394,
            21.51481830051098
          ]
        ]
      }
    },
    {
      "type": "Feature",
      "properties": {
        "channel_class": "drainage",
        "upstream_area_km2": 1.301,
        "source": "HydroSim D8 flow accumulation"
      },
      "geometry": {
        "type": "LineString",
        "coordinates": [
          [
            39.878420008319424,
            21.505273464405544
          ],
          [
            39.87725506203522,
            21.504195468457926
          ],
          [
            39.87551578610739,
            21.50393356539013
          ],
          [
            39.874933326658685,
            21.503394557761442
          ]
        ]
      }
    },
    {
      "type": "Feature",
      "properties": {
        "channel_class": "major",
        "upstream_area_km2": 12.04,
        "source": "HydroSim D8 flow accumulation"
      },
      "geometry": {
        "type": "LineString",
        "coordinates": [
          [
            39.88305214303061,
            21.50497800596157
          ],
          [
            39.881306317388024,
            21.503632079824307
          ],
          [
            39.878989457178385,
            21.503644289560707
          ],
          [
            39.87840698659133,
            21.50310529442596
          ],
          [
            39.878691708850056,
            21.502290707186216
          ],
          [
            39.87810924490484,
            21.50175171070559
          ],
          [
            39.877245309074446,
            21.5025693403078
          ],
          [
            39.87521806899548,
            21.502579975794976
          ]
        ]
      }
    },
    {
      "type": "Feature",
      "properties": {
        "channel_class": "drainage",
        "upstream_area_km2": 0.833,
        "source": "HydroSim D8 flow accumulation"
      },
      "geometry": {
        "type": "LineString",
        "coordinates": [
          [
            39.9056416404105,
            21.50485703385117
          ],
          [
            39.903617733306646,
            21.505410053794634
          ],
          [
            39.90102627792837,
            21.50786331225855
          ],
          [
            39.900169113950625,
            21.50976513457531
          ],
          [
            39.89930526039057,
            21.510582874916604
          ],
          [
            39.89901397418945,
            21.510313415052913
          ]
        ]
      }
    },
    {
      "type": "Feature",
      "properties": {
        "channel_class": "drainage",
        "upstream_area_km2": 1.973,
        "source": "HydroSim D8 flow accumulation"
      },
      "geometry": {
        "type": "LineString",
        "coordinates": [
          [
            39.874933326658685,
            21.503394557761442
          ],
          [
            39.87521806899548,
            21.502579975794976
          ]
        ]
      }
    },
    {
      "type": "Feature",
      "properties": {
        "channel_class": "major",
        "upstream_area_km2": 14.755,
        "source": "HydroSim D8 flow accumulation"
      },
      "geometry": {
        "type": "LineString",
        "coordinates": [
          [
            39.87521806899548,
            21.502579975794976
          ],
          [
            39.87462427304562,
            21.500143815460007
          ],
          [
            39.87577132008269,
            21.49824059461238
          ],
          [
            39.874313616440816,
            21.496622049084714
          ],
          [
            39.8748863225168,
            21.495534929751834
          ]
        ]
      }
    },
    {
      "type": "Feature",
      "properties": {
        "channel_class": "drainage",
        "upstream_area_km2": 0.523,
        "source": "HydroSim D8 flow accumulation"
      },
      "geometry": {
        "type": "LineString",
        "coordinates": [
          [
            39.91459744239278,
            21.501284865247097
          ],
          [
            39.915159688113185,
            21.498571506169522
          ]
        ]
      }
    },
    {
      "type": "Feature",
      "properties": {
        "channel_class": "drainage",
        "upstream_area_km2": 0.26,
        "source": "HydroSim D8 flow accumulation"
      },
      "geometry": {
        "type": "LineString",
        "coordinates": [
          [
            39.916328251976886,
            21.50019126736165
          ],
          [
            39.91632485679058,
            21.49964923023631
          ]
        ]
      }
    },
    {
      "type": "Feature",
      "properties": {
        "channel_class": "drainage",
        "upstream_area_km2": 0.568,
        "source": "HydroSim D8 flow accumulation"
      },
      "geometry": {
        "type": "LineString",
        "coordinates": [
          [
            39.91632485679058,
            21.49964923023631
          ],
          [
            39.915159688113185,
            21.498571506169522
          ]
        ]
      }
    },
    {
      "type": "Feature",
      "properties": {
        "channel_class": "drainage",
        "upstream_area_km2": 0.274,
        "source": "HydroSim D8 flow accumulation"
      },
      "geometry": {
        "type": "LineString",
        "coordinates": [
          [
            39.91748154387108,
            21.49937185307518
          ],
          [
            39.91632485679058,
            21.49964923023631
          ]
        ]
      }
    },
    {
      "type": "Feature",
      "properties": {
        "channel_class": "drainage",
        "upstream_area_km2": 0.781,
        "source": "HydroSim D8 flow accumulation"
      },
      "geometry": {
        "type": "LineString",
        "coordinates": [
          [
            39.90560640353119,
            21.499165628468848
          ],
          [
            39.904441314806135,
            21.498087826642678
          ],
          [
            39.90241248019147,
            21.497827770355116
          ],
          [
            39.89513448293872,
            21.49163325661848
          ],
          [
            39.89455863088704,
            21.492178399289386
          ]
        ]
      }
    },
    {
      "type": "Feature",
      "properties": {
        "channel_class": "drainage",
        "upstream_area_km2": 2.587,
        "source": "HydroSim D8 flow accumulation"
      },
      "geometry": {
        "type": "LineString",
        "coordinates": [
          [
            39.915159688113185,
            21.498571506169522
          ],
          [
            39.914851452439564,
            21.49559188606122
          ],
          [
            39.917442458178805,
            21.49313842538826
          ],
          [
            39.91656352244761,
            21.491517080821293
          ],
          [
            39.917130795697695,
            21.48961677117391
          ],
          [
            39.91653976282793,
            21.487722816509674
          ],
          [
            39.91595722485063,
            21.487183953916123
          ],
          [
            39.91653127851647,
            21.486367721689383
          ],
          [
            39.915078343695185,
            21.485562598539143
          ],
          [
            39.915654091434305,
            21.48501738832859
          ],
          [
            39.91507156776345,
            21.48447852197652
          ],
          [
            39.91505801717812,
            21.482310368423622
          ],
          [
            39.915923314106166,
            21.481763572063468
          ]
        ]
      }
    },
    {
      "type": "Feature",
      "properties": {
        "channel_class": "drainage",
        "upstream_area_km2": 3.226,
        "source": "HydroSim D8 flow accumulation"
      },
      "geometry": {
        "type": "LineString",
        "coordinates": [
          [
            39.8850400563086,
            21.498462774063494
          ],
          [
            39.88532473315907,
            21.497648176642613
          ],
          [
            39.88473734840034,
            21.496296140120446
          ],
          [
            39.88357243135814,
            21.495218186240717
          ],
          [
            39.88356915836193,
            21.494676143900648
          ],
          [
            39.880951430747,
            21.49279275765676
          ],
          [
            39.88123448892342,
            21.491707144814274
          ],
          [
            39.878613590790934,
            21.48928167506972
          ],
          [
            39.879186237740036,
            21.488194542118695
          ]
        ]
      }
    },
    {
      "type": "Feature",
      "properties": {
        "channel_class": "drainage",
        "upstream_area_km2": 0.523,
        "source": "HydroSim D8 flow accumulation"
      },
      "geometry": {
        "type": "LineString",
        "coordinates": [
          [
            39.88735518687743,
            21.498179462429693
          ],
          [
            39.88649132491981,
            21.498997137712294
          ],
          [
            39.88562253127811,
            21.49900174615603
          ],
          [
            39.8850400563086,
            21.498462774063494
          ]
        ]
      }
    },
    {
      "type": "Feature",
      "properties": {
        "channel_class": "drainage",
        "upstream_area_km2": 0.522,
        "source": "HydroSim D8 flow accumulation"
      },
      "geometry": {
        "type": "LineString",
        "coordinates": [
          [
            39.899226941692845,
            21.497844948611476
          ],
          [
            39.898055255347884,
            21.49568301987462
          ],
          [
            39.89455863088704,
            21.492178399289386
          ]
        ]
      }
    },
    {
      "type": "Feature",
      "properties": {
        "channel_class": "drainage",
        "upstream_area_km2": 0.293,
        "source": "HydroSim D8 flow accumulation"
      },
      "geometry": {
        "type": "LineString",
        "coordinates": [
          [
            39.877505651677396,
            21.497689432949187
          ],
          [
            39.876636863693605,
            21.497693994397814
          ],
          [
            39.8763407744587,
            21.49661142737201
          ],
          [
            39.8748863225168,
            21.495534929751834
          ]
        ]
      }
    },
    {
      "type": "Feature",
      "properties": {
        "channel_class": "drainage",
        "upstream_area_km2": 0.662,
        "source": "HydroSim D8 flow accumulation"
      },
      "geometry": {
        "type": "LineString",
        "coordinates": [
          [
            39.84680520123599,
            21.49730581677762
          ],
          [
            39.8473749786997,
            21.49567673747306
          ],
          [
            39.847072833314556,
            21.493510015682332
          ],
          [
            39.84850506961001,
            21.490792430556013
          ]
        ]
      }
    },
    {
      "type": "Feature",
      "properties": {
        "channel_class": "drainage",
        "upstream_area_km2": 0.339,
        "source": "HydroSim D8 flow accumulation"
      },
      "geometry": {
        "type": "LineString",
        "coordinates": [
          [
            39.92818110674337,
            21.496873496029675
          ],
          [
            39.929620448335726,
            21.495510356326523
          ]
        ]
      }
    },
    {
      "type": "Feature",
      "properties": {
        "channel_class": "drainage",
        "upstream_area_km2": 1.236,
        "source": "HydroSim D8 flow accumulation"
      },
      "geometry": {
        "type": "LineString",
        "coordinates": [
          [
            39.86562417888294,
            21.49639626974851
          ],
          [
            39.86417780770353,
            21.496674788769404
          ],
          [
            39.86216182165098,
            21.49858242136842
          ],
          [
            39.860134628686346,
            21.4985928719486
          ],
          [
            39.85868981442982,
            21.499142367273844
          ],
          [
            39.85725134163325,
            21.50077594202614
          ],
          [
            39.855793810377456,
            21.499157229324293
          ],
          [
            39.85578905430038,
            21.498344160169772
          ],
          [
            39.85693951276213,
            21.496983106594453
          ],
          [
            39.856353975553525,
            21.495901984323755
          ]
        ]
      }
    },
    {
      "type": "Feature",
      "properties": {
        "channel_class": "drainage",
        "upstream_area_km2": 0.336,
        "source": "HydroSim D8 flow accumulation"
      },
      "geometry": {
        "type": "LineString",
        "coordinates": [
          [
            39.931361422809665,
            21.496042713871134
          ],
          [
            39.92991348057917,
            21.496050779969412
          ],
          [
            39.929620448335726,
            21.495510356326523
          ]
        ]
      }
    },
    {
      "type": "Feature",
      "properties": {
        "channel_class": "drainage",
        "upstream_area_km2": 2.259,
        "source": "HydroSim D8 flow accumulation"
      },
      "geometry": {
        "type": "LineString",
        "coordinates": [
          [
            39.856353975553525,
            21.495901984323755
          ],
          [
            39.855197183213036,
            21.496178941301654
          ],
          [
            39.854035640531784,
            21.495642820614314
          ],
          [
            39.848794654125186,
            21.490790959789244
          ]
        ]
      }
    },
    {
      "type": "Feature",
      "properties": {
        "channel_class": "drainage",
        "upstream_area_km2": 1.258,
        "source": "HydroSim D8 flow accumulation"
      },
      "geometry": {
        "type": "LineString",
        "coordinates": [
          [
            39.929620448335726,
            21.495510356326523
          ],
          [
            39.92815875831908,
            21.493350264471506
          ],
          [
            39.92495621120663,
            21.49065774857165
          ]
        ]
      }
    },
    {
      "type": "Feature",
      "properties": {
        "channel_class": "major",
        "upstream_area_km2": 15.187,
        "source": "HydroSim D8 flow accumulation"
      },
      "geometry": {
        "type": "LineString",
        "coordinates": [
          [
            39.8748863225168,
            21.495534929751834
          ],
          [
            39.87488308164134,
            21.494992886164834
          ],
          [
            39.87574698804918,
            21.494175269121577
          ],
          [
            39.875740500475565,
            21.493091181985733
          ]
        ]
      }
    },
    {
      "type": "Feature",
      "properties": {
        "channel_class": "drainage",
        "upstream_area_km2": 0.562,
        "source": "HydroSim D8 flow accumulation"
      },
      "geometry": {
        "type": "LineString",
        "coordinates": [
          [
            39.860691506760844,
            21.49479556981991
          ],
          [
            39.85692998915804,
            21.495356968270944
          ],
          [
            39.856353975553525,
            21.495901984323755
          ]
        ]
      }
    },
    {
      "type": "Feature",
      "properties": {
        "channel_class": "drainage",
        "upstream_area_km2": 0.514,
        "source": "HydroSim D8 flow accumulation"
      },
      "geometry": {
        "type": "LineString",
        "coordinates": [
          [
            39.886749714523546,
            21.493846203695743
          ],
          [
            39.88501054923062,
            21.493584395552073
          ],
          [
            39.88297199142613,
            21.49169797200923
          ],
          [
            39.88209180635596,
            21.489805410772533
          ],
          [
            39.88121817119808,
            21.488996929907962
          ],
          [
            39.88064064479801,
            21.48927100464623
          ],
          [
            39.880058227637754,
            21.48873201260789
          ]
        ]
      }
    },
    {
      "type": "Feature",
      "properties": {
        "channel_class": "drainage",
        "upstream_area_km2": 0.299,
        "source": "HydroSim D8 flow accumulation"
      },
      "geometry": {
        "type": "LineString",
        "coordinates": [
          [
            39.92468546911672,
            21.493640551255567
          ],
          [
            39.925838661703345,
            21.492821082154
          ],
          [
            39.92495621120663,
            21.49065774857165
          ]
        ]
      }
    },
    {
      "type": "Feature",
      "properties": {
        "channel_class": "drainage",
        "upstream_area_km2": 0.823,
        "source": "HydroSim D8 flow accumulation"
      },
      "geometry": {
        "type": "LineString",
        "coordinates": [
          [
            39.842149799552274,
            21.493534902745882
          ],
          [
            39.842127966525936,
            21.489740563331736
          ],
          [
            39.84270089091245,
            21.488653546400528
          ],
          [
            39.84211705181423,
            21.487843392971076
          ],
          [
            39.840670712137396,
            21.488121707442797
          ],
          [
            39.84008533089759,
            21.487040521900614
          ],
          [
            39.841526987413246,
            21.485949139399978
          ],
          [
            39.842386357014185,
            21.484318616187245
          ]
        ]
      }
    },
    {
      "type": "Feature",
      "properties": {
        "channel_class": "drainage",
        "upstream_area_km2": 0.255,
        "source": "HydroSim D8 flow accumulation"
      },
      "geometry": {
        "type": "LineString",
        "coordinates": [
          [
            39.875450913468995,
            21.493092699602233
          ],
          [
            39.875740500475565,
            21.493091181985733
          ]
        ]
      }
    },
    {
      "type": "Feature",
      "properties": {
        "channel_class": "major",
        "upstream_area_km2": 16.052,
        "source": "HydroSim D8 flow accumulation"
      },
      "geometry": {
        "type": "LineString",
        "coordinates": [
          [
            39.875740500475565,
            21.493091181985733
          ],
          [
            39.87631318295748,
            21.492004058137116
          ],
          [
            39.87601873143139,
            21.491192511183996
          ],
          [
            39.87687936224075,
            21.489832845248216
          ],
          [
            39.87658491245,
            21.48902129904287
          ],
          [
            39.87831100188451,
            21.487115023227144
          ]
        ]
      }
    },
    {
      "type": "Feature",
      "properties": {
        "channel_class": "drainage",
        "upstream_area_km2": 0.829,
        "source": "HydroSim D8 flow accumulation"
      },
      "geometry": {
        "type": "LineString",
        "coordinates": [
          [
            39.90672448198698,
            21.492654878234973
          ],
          [
            39.90497859992382,
            21.491309200030475
          ],
          [
            39.90497524830995,
            21.49076716061404
          ],
          [
            39.90351898236897,
            21.48941989696861
          ],
          [
            39.902069424068664,
            21.489156699495556
          ],
          [
            39.900904443055886,
            21.488078868020924
          ],
          [
            39.90061653543801,
            21.488351449029548
          ],
          [
            39.89857785956798,
            21.48646521918159
          ]
        ]
      }
    },
    {
      "type": "Feature",
      "properties": {
        "channel_class": "drainage",
        "upstream_area_km2": 1.778,
        "source": "HydroSim D8 flow accumulation"
      },
      "geometry": {
        "type": "LineString",
        "coordinates": [
          [
            39.89455863088704,
            21.492178399289386
          ],
          [
            39.892819474770064,
            21.491916672187134
          ],
          [
            39.89051270224809,
            21.493555159609908
          ],
          [
            39.88877024330657,
            21.492751349045964
          ],
          [
            39.887893265935716,
            21.491400863341358
          ],
          [
            39.88702616033146,
            21.491676498553414
          ],
          [
            39.8815012211362,
            21.48791131644552
          ]
        ]
      }
    },
    {
      "type": "Feature",
      "properties": {
        "channel_class": "drainage",
        "upstream_area_km2": 1.777,
        "source": "HydroSim D8 flow accumulation"
      },
      "geometry": {
        "type": "LineString",
        "coordinates": [
          [
            39.92495621120663,
            21.49065774857165
          ],
          [
            39.924087476334414,
            21.490662555285287
          ],
          [
            39.92204847616599,
            21.488776624197587
          ],
          [
            39.92029228466357,
            21.485804996722095
          ]
        ]
      }
    },
    {
      "type": "Feature",
      "properties": {
        "channel_class": "drainage",
        "upstream_area_km2": 3.989,
        "source": "HydroSim D8 flow accumulation"
      },
      "geometry": {
        "type": "LineString",
        "coordinates": [
          [
            39.84850506961001,
            21.490792430556013
          ],
          [
            39.84705400962962,
            21.49025772899337
          ],
          [
            39.84501597139732,
            21.488370823646786
          ],
          [
            39.844414924816924,
            21.484579411753668
          ],
          [
            39.84383265556746,
            21.484040288077026
          ],
          [
            39.842386357014185,
            21.484318616187245
          ]
        ]
      }
    },
    {
      "type": "Feature",
      "properties": {
        "channel_class": "drainage",
        "upstream_area_km2": 2.598,
        "source": "HydroSim D8 flow accumulation"
      },
      "geometry": {
        "type": "LineString",
        "coordinates": [
          [
            39.848794654125186,
            21.490790959789244
          ],
          [
            39.84850506961001,
            21.490792430556013
          ]
        ]
      }
    },
    {
      "type": "Feature",
      "properties": {
        "channel_class": "drainage",
        "upstream_area_km2": 0.337,
        "source": "HydroSim D8 flow accumulation"
      },
      "geometry": {
        "type": "LineString",
        "coordinates": [
          [
            39.8511050253669,
            21.489695080956032
          ],
          [
            39.848794654125186,
            21.490790959789244
          ]
        ]
      }
    },
    {
      "type": "Feature",
      "properties": {
        "channel_class": "drainage",
        "upstream_area_km2": 0.389,
        "source": "HydroSim D8 flow accumulation"
      },
      "geometry": {
        "type": "LineString",
        "coordinates": [
          [
            39.886432220745526,
            21.489240382267834
          ],
          [
            39.8852739063794,
            21.489246522797288
          ],
          [
            39.88469147288895,
            21.48870754748967
          ],
          [
            39.88411395458381,
            21.48898163398078
          ],
          [
            39.88236668259284,
            21.487364688693457
          ],
          [
            39.8815012211362,
            21.48791131644552
          ]
        ]
      }
    },
    {
      "type": "Feature",
      "properties": {
        "channel_class": "drainage",
        "upstream_area_km2": 2.724,
        "source": "HydroSim D8 flow accumulation"
      },
      "geometry": {
        "type": "LineString",
        "coordinates": [
          [
            39.880058227637754,
            21.48873201260789
          ],
          [
            39.879186237740036,
            21.488194542118695
          ]
        ]
      }
    },
    {
      "type": "Feature",
      "properties": {
        "channel_class": "major",
        "upstream_area_km2": 5.962,
        "source": "HydroSim D8 flow accumulation"
      },
      "geometry": {
        "type": "LineString",
        "coordinates": [
          [
            39.879186237740036,
            21.488194542118695
          ],
          [
            39.87831100188451,
            21.487115023227144
          ]
        ]
      }
    },
    {
      "type": "Feature",
      "properties": {
        "channel_class": "drainage",
        "upstream_area_km2": 0.419,
        "source": "HydroSim D8 flow accumulation"
      },
      "geometry": {
        "type": "LineString",
        "coordinates": [
          [
            39.898877416744895,
            21.48808978366206
          ],
          [
            39.89857785956798,
            21.48646521918159
          ]
        ]
      }
    },
    {
      "type": "Feature",
      "properties": {
        "channel_class": "drainage",
        "upstream_area_km2": 0.43,
        "source": "HydroSim D8 flow accumulation"
      },
      "geometry": {
        "type": "LineString",
        "coordinates": [
          [
            39.865864063898286,
            21.48799307011895
          ],
          [
            39.8664384066818,
            21.487177000333702
          ],
          [
            39.866142416478255,
            21.4860944106186
          ],
          [
            39.866716750629735,
            21.485278339996317
          ],
          [
            39.86670551981414,
            21.48338118082705
          ],
          [
            39.86583360888566,
            21.482843637580526
          ]
        ]
      }
    },
    {
      "type": "Feature",
      "properties": {
        "channel_class": "drainage",
        "upstream_area_km2": 2.2,
        "source": "HydroSim D8 flow accumulation"
      },
      "geometry": {
        "type": "LineString",
        "coordinates": [
          [
            39.8815012211362,
            21.48791131644552
          ],
          [
            39.880058227637754,
            21.48873201260789
          ]
        ]
      }
    },
    {
      "type": "Feature",
      "properties": {
        "channel_class": "major",
        "upstream_area_km2": 22.351,
        "source": "HydroSim D8 flow accumulation"
      },
      "geometry": {
        "type": "LineString",
        "coordinates": [
          [
            39.87831100188451,
            21.487115023227144
          ],
          [
            39.87685500990094,
            21.485767516878692
          ],
          [
            39.87596845547866,
            21.482790829771996
          ]
        ]
      }
    },
    {
      "type": "Feature",
      "properties": {
        "channel_class": "drainage",
        "upstream_area_km2": 0.588,
        "source": "HydroSim D8 flow accumulation"
      },
      "geometry": {
        "type": "LineString",
        "coordinates": [
          [
            39.85948698389535,
            21.48694186517335
          ],
          [
            39.85947743688762,
            21.48531572598583
          ],
          [
            39.860330229610085,
            21.48260102414721
          ]
        ]
      }
    },
    {
      "type": "Feature",
      "properties": {
        "channel_class": "drainage",
        "upstream_area_km2": 0.363,
        "source": "HydroSim D8 flow accumulation"
      },
      "geometry": {
        "type": "LineString",
        "coordinates": [
          [
            39.9226139601759,
            21.486605279726174
          ],
          [
            39.92145056058002,
            21.48579861444494
          ],
          [
            39.92029228466357,
            21.485804996722095
          ]
        ]
      }
    },
    {
      "type": "Feature",
      "properties": {
        "channel_class": "drainage",
        "upstream_area_km2": 2.281,
        "source": "HydroSim D8 flow accumulation"
      },
      "geometry": {
        "type": "LineString",
        "coordinates": [
          [
            39.89857785956798,
            21.48646521918159
          ],
          [
            39.897990403177545,
            21.48511323015679
          ],
          [
            39.898273321226114,
            21.484027592349683
          ],
          [
            39.89623805462919,
            21.48268337107989
          ],
          [
            39.894211100416925,
            21.48269422753227
          ],
          [
            39.8912923545628,
            21.478915399301695
          ],
          [
            39.89158026232025,
            21.47864283409474
          ],
          [
            39.89099620138294,
            21.47783285826304
          ]
        ]
      }
    },
    {
      "type": "Feature",
      "properties": {
        "channel_class": "drainage",
        "upstream_area_km2": 2.288,
        "source": "HydroSim D8 flow accumulation"
      },
      "geometry": {
        "type": "LineString",
        "coordinates": [
          [
            39.92029228466357,
            21.485804996722095
          ],
          [
            39.919420173296224,
            21.485267740577434
          ],
          [
            39.917958738664275,
            21.483107547813233
          ],
          [
            39.91679878589976,
            21.482842886059398
          ],
          [
            39.915923314106166,
            21.481763572063468
          ]
        ]
      }
    },
    {
      "type": "Feature",
      "properties": {
        "channel_class": "drainage",
        "upstream_area_km2": 0.593,
        "source": "HydroSim D8 flow accumulation"
      },
      "geometry": {
        "type": "LineString",
        "coordinates": [
          [
            39.88293275601116,
            21.485193457783698
          ],
          [
            39.88177447256711,
            21.4851995729633
          ],
          [
            39.88119206817183,
            21.484660584206313
          ],
          [
            39.880328247375175,
            21.485478227370947
          ],
          [
            39.87857943266732,
            21.48359021706917
          ],
          [
            39.87596845547866,
            21.482790829771996
          ]
        ]
      }
    },
    {
      "type": "Feature",
      "properties": {
        "channel_class": "major",
        "upstream_area_km2": 5.654,
        "source": "HydroSim D8 flow accumulation"
      },
      "geometry": {
        "type": "LineString",
        "coordinates": [
          [
            39.842386357014185,
            21.484318616187245
          ],
          [
            39.8400573388561,
            21.48216207880917
          ],
          [
            39.83773769219259,
            21.481631655596296
          ],
          [
            39.83772373815698,
            21.47919243136259
          ],
          [
            39.8359879105066,
            21.479472153934665
          ],
          [
            39.83541187651449,
            21.480017099325295
          ],
          [
            39.834820388422095,
            21.477851791281445
          ],
          [
            39.83394707879472,
            21.47704305112588
          ]
        ]
      }
    },
    {
      "type": "Feature",
      "properties": {
        "channel_class": "drainage",
        "upstream_area_km2": 0.848,
        "source": "HydroSim D8 flow accumulation"
      },
      "geometry": {
        "type": "LineString",
        "coordinates": [
          [
            39.905802061974214,
            21.483986959153356
          ],
          [
            39.904052947880935,
            21.482099225884745
          ],
          [
            39.90347382179339,
            21.482102357230357
          ],
          [
            39.90143520074239,
            21.480216159091132
          ],
          [
            39.90084941287859,
            21.479135199566226
          ],
          [
            39.89911539584898,
            21.479686594110394
          ],
          [
            39.89795051390602,
            21.478608737444027
          ],
          [
            39.89766261850624,
            21.478881313210128
          ],
          [
            39.896501071513846,
            21.478345487243907
          ],
          [
            39.895349474289254,
            21.479435777855848
          ],
          [
            39.89273023065625,
            21.477281547528573
          ]
        ]
      }
    },
    {
      "type": "Feature",
      "properties": {
        "channel_class": "drainage",
        "upstream_area_km2": 0.485,
        "source": "HydroSim D8 flow accumulation"
      },
      "geometry": {
        "type": "LineString",
        "coordinates": [
          [
            39.65154854430599,
            21.484087357928733
          ],
          [
            39.65183209565948,
            21.48273104728451
          ],
          [
            39.65385069517581,
            21.480825876264237
          ],
          [
            39.653267912368676,
            21.48001503165148
          ],
          [
            39.652399183654985,
            21.480018424296592
          ]
        ]
      }
    },
    {
      "type": "Feature",
      "properties": {
        "channel_class": "drainage",
        "upstream_area_km2": 0.392,
        "source": "HydroSim D8 flow accumulation"
      },
      "geometry": {
        "type": "LineString",
        "coordinates": [
          [
            39.87133699945245,
            21.483086069165477
          ],
          [
            39.87162011359495,
            21.482000469578693
          ],
          [
            39.871037758395,
            21.481461443525927
          ],
          [
            39.87016906521818,
            21.48146596809191
          ]
        ]
      }
    },
    {
      "type": "Feature",
      "properties": {
        "channel_class": "major",
        "upstream_area_km2": 42.311,
        "source": "HydroSim D8 flow accumulation"
      },
      "geometry": {
        "type": "LineString",
        "coordinates": [
          [
            39.86583360888566,
            21.482843637580526
          ],
          [
            39.86438257122667,
            21.482309085476228
          ]
        ]
      }
    },
    {
      "type": "Feature",
      "properties": {
        "channel_class": "major",
        "upstream_area_km2": 22.974,
        "source": "HydroSim D8 flow accumulation"
      },
      "geometry": {
        "type": "LineString",
        "coordinates": [
          [
            39.87596845547866,
            21.482790829771996
          ],
          [
            39.875965212710035,
            21.48224878551626
          ]
        ]
      }
    },
    {
      "type": "Feature",
      "properties": {
        "channel_class": "drainage",
        "upstream_area_km2": 0.283,
        "source": "HydroSim D8 flow accumulation"
      },
      "geometry": {
        "type": "LineString",
        "coordinates": [
          [
            39.85685541865601,
            21.482618873656286
          ],
          [
            39.857425031961505,
            21.480989762847617
          ]
        ]
      }
    },
    {
      "type": "Feature",
      "properties": {
        "channel_class": "major",
        "upstream_area_km2": 43.747,
        "source": "HydroSim D8 flow accumulation"
      },
      "geometry": {
        "type": "LineString",
        "coordinates": [
          [
            39.860330229610085,
            21.48260102414721
          ],
          [
            39.857425031961505,
            21.480989762847617
          ]
        ]
      }
    },
    {
      "type": "Feature",
      "properties": {
        "channel_class": "drainage",
        "upstream_area_km2": 0.49,
        "source": "HydroSim D8 flow accumulation"
      },
      "geometry": {
        "type": "LineString",
        "coordinates": [
          [
            39.661101146566146,
            21.48323672504924
          ],
          [
            39.66022873379693,
            21.482427051284198
          ],
          [
            39.659650793624,
            21.482700373816975
          ],
          [
            39.658778391936245,
            21.481890692142468
          ],
          [
            39.65761885618792,
            21.48162421717935
          ],
          [
            39.65761642183751,
            21.481082145060757
          ],
          [
            39.656453249520084,
            21.480002553333783
          ],
          [
            39.65674161004787,
            21.47973037977678
          ],
          [
            39.6561576017478,
            21.478648509212054
          ]
        ]
      }
    },
    {
      "type": "Feature",
      "properties": {
        "channel_class": "major",
        "upstream_area_km2": 43.016,
        "source": "HydroSim D8 flow accumulation"
      },
      "geometry": {
        "type": "LineString",
        "coordinates": [
          [
            39.86438257122667,
            21.482309085476228
          ],
          [
            39.86294112739164,
            21.483400658778947
          ],
          [
            39.86206763373615,
            21.48259207231046
          ],
          [
            39.860330229610085,
            21.48260102414721
          ]
        ]
      }
    },
    {
      "type": "Feature",
      "properties": {
        "channel_class": "major",
        "upstream_area_km2": 41.129,
        "source": "HydroSim D8 flow accumulation"
      },
      "geometry": {
        "type": "LineString",
        "coordinates": [
          [
            39.875965212710035,
            21.48224878551626
          ],
          [
            39.874805331185144,
            21.481983829395674
          ],
          [
            39.873347806779215,
            21.480365266471313
          ],
          [
            39.87190161011346,
            21.480643847036205
          ],
          [
            39.87132571003936,
            21.48118891183128
          ],
          [
            39.87074497080203,
            21.48092090711764
          ],
          [
            39.87016906521818,
            21.48146596809191
          ]
        ]
      }
    },
    {
      "type": "Feature",
      "properties": {
        "channel_class": "drainage",
        "upstream_area_km2": 1.657,
        "source": "HydroSim D8 flow accumulation"
      },
      "geometry": {
        "type": "LineString",
        "coordinates": [
          [
            39.642566662183114,
            21.48303796431996
          ],
          [
            39.6417002893578,
            21.483583375509276
          ],
          [
            39.64024644385348,
            21.482233743378785
          ],
          [
            39.63707166134679,
            21.484685247943737
          ],
          [
            39.637061047951214,
            21.482245914090203
          ],
          [
            39.634454813271276,
            21.482255826800277
          ],
          [
            39.633579031866965,
            21.48063289794434
          ],
          [
            39.63270912509694,
            21.48036515094392
          ],
          [
            39.632991674187444,
            21.478737830036724
          ],
          [
            39.63211944016772,
            21.477928004564383
          ],
          [
            39.63211593091713,
            21.477114891920312
          ],
          [
            39.6300877627387,
            21.476851505941696
          ],
          [
            39.62864572274654,
            21.47821214496372
          ],
          [
            39.62833870828787,
            21.474147666780038
          ],
          [
            39.629780712244724,
            21.472787030658072
          ],
          [
            39.629196929553295,
            21.471705059370464
          ]
        ]
      }
    },
    {
      "type": "Feature",
      "properties": {
        "channel_class": "major",
        "upstream_area_km2": 5.025,
        "source": "HydroSim D8 flow accumulation"
      },
      "geometry": {
        "type": "LineString",
        "coordinates": [
          [
            39.915923314106166,
            21.481763572063468
          ],
          [
            39.91504616181384,
            21.480413233597123
          ],
          [
            39.913893000693655,
            21.481232628081155
          ],
          [
            39.91068929375659,
            21.478268796423237
          ],
          [
            39.90895028176363,
            21.478007231988254
          ]
        ]
      }
    },
    {
      "type": "Feature",
      "properties": {
        "channel_class": "drainage",
        "upstream_area_km2": 0.281,
        "source": "HydroSim D8 flow accumulation"
      },
      "geometry": {
        "type": "LineString",
        "coordinates": [
          [
            39.92547882561455,
            21.481710937478667
          ],
          [
            39.924892857235044,
            21.480630068936776
          ]
        ]
      }
    },
    {
      "type": "Feature",
      "properties": {
        "channel_class": "major",
        "upstream_area_km2": 41.853,
        "source": "HydroSim D8 flow accumulation"
      },
      "geometry": {
        "type": "LineString",
        "coordinates": [
          [
            39.87016906521818,
            21.48146596809191
          ],
          [
            39.86958832682443,
            21.48119795933359
          ],
          [
            39.86583360888566,
            21.482843637580526
          ]
        ]
      }
    },
    {
      "type": "Feature",
      "properties": {
        "channel_class": "major",
        "upstream_area_km2": 44.965,
        "source": "HydroSim D8 flow accumulation"
      },
      "geometry": {
        "type": "LineString",
        "coordinates": [
          [
            39.857425031961505,
            21.480989762847617
          ],
          [
            39.858568988863105,
            21.478544606298698
          ],
          [
            39.857693961306786,
            21.47746497114047
          ],
          [
            39.85653256123356,
            21.47692886199058
          ],
          [
            39.855955032078505,
            21.47720285176485
          ],
          [
            39.855372752212936,
            21.476663768255932
          ],
          [
            39.855361673266536,
            21.474766601459475
          ],
          [
            39.85477782404659,
            21.473956491411624
          ],
          [
            39.85477149835049,
            21.47287239563311
          ],
          [
            39.85389653350828,
            21.47179273781564
          ],
          [
            39.85388231749909,
            21.469353520921022
          ]
        ]
      }
    },
    {
      "type": "Feature",
      "properties": {
        "channel_class": "drainage",
        "upstream_area_km2": 0.704,
        "source": "HydroSim D8 flow accumulation"
      },
      "geometry": {
        "type": "LineString",
        "coordinates": [
          [
            39.924892857235044,
            21.480630068936776
          ],
          [
            39.92257468151916,
            21.480371851535942
          ],
          [
            39.921702595441865,
            21.479834606099338
          ],
          [
            39.92112007176576,
            21.47929576055898
          ],
          [
            39.921690655511654,
            21.477937474256017
          ]
        ]
      }
    },
    {
      "type": "Feature",
      "properties": {
        "channel_class": "drainage",
        "upstream_area_km2": 0.287,
        "source": "HydroSim D8 flow accumulation"
      },
      "geometry": {
        "type": "LineString",
        "coordinates": [
          [
            39.92518241564448,
            21.480628466516038
          ],
          [
            39.924892857235044,
            21.480630068936776
          ]
        ]
      }
    },
    {
      "type": "Feature",
      "properties": {
        "channel_class": "drainage",
        "upstream_area_km2": 0.532,
        "source": "HydroSim D8 flow accumulation"
      },
      "geometry": {
        "type": "LineString",
        "coordinates": [
          [
            39.66804121977415,
            21.481040808115118
          ],
          [
            39.66717001792876,
            21.480502206582287
          ],
          [
            39.66601541039784,
            21.481319932367278
          ],
          [
            39.664275482822326,
            21.480784774621792
          ],
          [
            39.663409207216915,
            21.481330296088885
          ],
          [
            39.661960090680985,
            21.481065000330435
          ],
          [
            39.6599257174456,
            21.47944679943849
          ],
          [
            39.65934778827642,
            21.479720120733283
          ],
          [
            39.65760425123357,
            21.478371783936932
          ]
        ]
      }
    },
    {
      "type": "Feature",
      "properties": {
        "channel_class": "drainage",
        "upstream_area_km2": 0.501,
        "source": "HydroSim D8 flow accumulation"
      },
      "geometry": {
        "type": "LineString",
        "coordinates": [
          [
            39.82730406960237,
            21.480057422568358
          ],
          [
            39.82497838926828,
            21.47844271629252
          ],
          [
            39.82295754771017,
            21.47953681067648
          ],
          [
            39.82093059800876,
            21.47954677712627
          ],
          [
            39.820348432918166,
            21.479007567875605
          ]
        ]
      }
    },
    {
      "type": "Feature",
      "properties": {
        "channel_class": "drainage",
        "upstream_area_km2": 0.329,
        "source": "HydroSim D8 flow accumulation"
      },
      "geometry": {
        "type": "LineString",
        "coordinates": [
          [
            39.91011860526995,
            21.479627048791055
          ],
          [
            39.908665771855254,
            21.47882186562968
          ],
          [
            39.90895028176363,
            21.478007231988254
          ]
        ]
      }
    },
    {
      "type": "Feature",
      "properties": {
        "channel_class": "drainage",
        "upstream_area_km2": 0.347,
        "source": "HydroSim D8 flow accumulation"
      },
      "geometry": {
        "type": "LineString",
        "coordinates": [
          [
            39.82006190492111,
            21.479551040939963
          ],
          [
            39.820348432918166,
            21.479007567875605
          ]
        ]
      }
    },
    {
      "type": "Feature",
      "properties": {
        "channel_class": "drainage",
        "upstream_area_km2": 1.15,
        "source": "HydroSim D8 flow accumulation"
      },
      "geometry": {
        "type": "LineString",
        "coordinates": [
          [
            39.84959734793642,
            21.47940353941729
          ],
          [
            39.84929049778237,
            21.476423744787773
          ],
          [
            39.85015444655877,
            21.47560625714427
          ],
          [
            39.8498475959764,
            21.472626462311464
          ],
          [
            39.85042197309897,
            21.471810445116322
          ],
          [
            39.85041096100774,
            21.46991327476686
          ],
          [
            39.848091477885006,
            21.469382989316944
          ],
          [
            39.844593537467325,
            21.465335201264125
          ]
        ]
      }
    },
    {
      "type": "Feature",
      "properties": {
        "channel_class": "drainage",
        "upstream_area_km2": 0.275,
        "source": "HydroSim D8 flow accumulation"
      },
      "geometry": {
        "type": "LineString",
        "coordinates": [
          [
            39.88868797850879,
            21.479200294973435
          ],
          [
            39.888969311400196,
            21.47784364883712
          ]
        ]
      }
    },
    {
      "type": "Feature",
      "properties": {
        "channel_class": "drainage",
        "upstream_area_km2": 2.965,
        "source": "HydroSim D8 flow accumulation"
      },
      "geometry": {
        "type": "LineString",
        "coordinates": [
          [
            39.652399183654985,
            21.480018424296592
          ],
          [
            39.65065209256667,
            21.477856903922763
          ],
          [
            39.648914659664285,
            21.477863656867864
          ],
          [
            39.6474632039549,
            21.477056160325777
          ],
          [
            39.6465968848465,
            21.477601595938328
          ]
        ]
      }
    },
    {
      "type": "Feature",
      "properties": {
        "channel_class": "drainage",
        "upstream_area_km2": 1.567,
        "source": "HydroSim D8 flow accumulation"
      },
      "geometry": {
        "type": "LineString",
        "coordinates": [
          [
            39.820348432918166,
            21.479007567875605
          ],
          [
            39.82092452103965,
            21.47846267265895
          ],
          [
            39.82062888439976,
            21.477379989664776
          ],
          [
            39.82120496526029,
            21.47683509361414
          ],
          [
            39.82147628444475,
            21.473581356613625
          ],
          [
            39.821180654928774,
            21.472498673785836
          ],
          [
            39.82001790215268,
            21.47169127862082
          ],
          [
            39.820592445757015,
            21.470875358551464
          ],
          [
            39.81971318991385,
            21.46898243352212
          ]
        ]
      }
    },
    {
      "type": "Feature",
      "properties": {
        "channel_class": "major",
        "upstream_area_km2": 17.689,
        "source": "HydroSim D8 flow accumulation"
      },
      "geometry": {
        "type": "LineString",
        "coordinates": [
          [
            39.879417210696744,
            21.47843623180609
          ],
          [
            39.87826548095554,
            21.47952640910441
          ],
          [
            39.877694482879306,
            21.480884561149765
          ],
          [
            39.875965212710035,
            21.48224878551626
          ]
        ]
      }
    },
    {
      "type": "Feature",
      "properties": {
        "channel_class": "drainage",
        "upstream_area_km2": 0.7,
        "source": "HydroSim D8 flow accumulation"
      },
      "geometry": {
        "type": "LineString",
        "coordinates": [
          [
            39.66253066281087,
            21.479165455029047
          ],
          [
            39.66107789896984,
            21.478087043106417
          ],
          [
            39.660209183056104,
            21.478090476043942
          ],
          [
            39.65963248044803,
            21.47863483425368
          ],
          [
            39.65760425123357,
            21.478371783936932
          ]
        ]
      }
    },
    {
      "type": "Feature",
      "properties": {
        "channel_class": "drainage",
        "upstream_area_km2": 0.824,
        "source": "HydroSim D8 flow accumulation"
      },
      "geometry": {
        "type": "LineString",
        "coordinates": [
          [
            39.84148337538319,
            21.478360450728363
          ],
          [
            39.840029354734654,
            21.47728363283769
          ],
          [
            39.839741350206154,
            21.477556112417357
          ],
          [
            39.83741867894185,
            21.476483632006104
          ],
          [
            39.83510222169157,
            21.476495219047585
          ],
          [
            39.83394707879472,
            21.47704305112588
          ]
        ]
      }
    },
    {
      "type": "Feature",
      "properties": {
        "channel_class": "drainage",
        "upstream_area_km2": 0.252,
        "source": "HydroSim D8 flow accumulation"
      },
      "geometry": {
        "type": "LineString",
        "coordinates": [
          [
            39.87912602607953,
            21.478166732773055
          ],
          [
            39.879417210696744,
            21.47843623180609
          ]
        ]
      }
    },
    {
      "type": "Feature",
      "properties": {
        "channel_class": "major",
        "upstream_area_km2": 5.873,
        "source": "HydroSim D8 flow accumulation"
      },
      "geometry": {
        "type": "LineString",
        "coordinates": [
          [
            39.90895028176363,
            21.478007231988254
          ],
          [
            39.908367810755394,
            21.477468339963224
          ],
          [
            39.90576182805161,
            21.477482479595448
          ],
          [
            39.90575512387369,
            21.47639839917044
          ],
          [
            39.904302345671674,
            21.47559317580222
          ],
          [
            39.90025363853714,
            21.476428114495906
          ],
          [
            39.8993783254673,
            21.47534870737366
          ],
          [
            39.89706192426809,
            21.47536115222328
          ]
        ]
      }
    },
    {
      "type": "Feature",
      "properties": {
        "channel_class": "drainage",
        "upstream_area_km2": 1.874,
        "source": "HydroSim D8 flow accumulation"
      },
      "geometry": {
        "type": "LineString",
        "coordinates": [
          [
            39.921690655511654,
            21.477937474256017
          ],
          [
            39.920816883416265,
            21.477129204462887
          ],
          [
            39.91966548319847,
            21.478219656021064
          ],
          [
            39.918219411663365,
            21.47849863359943
          ],
          [
            39.91734735207595,
            21.477961364350225
          ],
          [
            39.91531878126941,
            21.477701455100267
          ],
          [
            39.91415210944785,
            21.476352695267522
          ],
          [
            39.912993905866244,
            21.47635902432098
          ],
          [
            39.91184076369714,
            21.477178404312717
          ],
          [
            39.90805977462071,
            21.47448869344046
          ]
        ]
      }
    },
    {
      "type": "Feature",
      "properties": {
        "channel_class": "major",
        "upstream_area_km2": 15.115,
        "source": "HydroSim D8 flow accumulation"
      },
      "geometry": {
        "type": "LineString",
        "coordinates": [
          [
            39.888969311400196,
            21.47784364883712
          ],
          [
            39.88809407028799,
            21.476764180212506
          ],
          [
            39.88519853162337,
            21.47677953680872
          ],
          [
            39.8828788314799,
            21.476249742352383
          ]
        ]
      }
    },
    {
      "type": "Feature",
      "properties": {
        "channel_class": "major",
        "upstream_area_km2": 14.144,
        "source": "HydroSim D8 flow accumulation"
      },
      "geometry": {
        "type": "LineString",
        "coordinates": [
          [
            39.89099620138294,
            21.47783285826304
          ],
          [
            39.888969311400196,
            21.47784364883712
          ]
        ]
      }
    },
    {
      "type": "Feature",
      "properties": {
        "channel_class": "drainage",
        "upstream_area_km2": 0.264,
        "source": "HydroSim D8 flow accumulation"
      },
      "geometry": {
        "type": "LineString",
        "coordinates": [
          [
            39.64747039300061,
            21.478682380656796
          ],
          [
            39.6465968848465,
            21.477601595938328
          ]
        ]
      }
    },
    {
      "type": "Feature",
      "properties": {
        "channel_class": "drainage",
        "upstream_area_km2": 1.81,
        "source": "HydroSim D8 flow accumulation"
      },
      "geometry": {
        "type": "LineString",
        "coordinates": [
          [
            39.6561576017478,
            21.478648509212054
          ],
          [
            39.65557602860171,
            21.478108708817054
          ]
        ]
      }
    },
    {
      "type": "Feature",
      "properties": {
        "channel_class": "drainage",
        "upstream_area_km2": 1.292,
        "source": "HydroSim D8 flow accumulation"
      },
      "geometry": {
        "type": "LineString",
        "coordinates": [
          [
            39.65760425123357,
            21.478371783936932
          ],
          [
            39.6561576017478,
            21.478648509212054
          ]
        ]
      }
    },
    {
      "type": "Feature",
      "properties": {
        "channel_class": "major",
        "upstream_area_km2": 11.798,
        "source": "HydroSim D8 flow accumulation"
      },
      "geometry": {
        "type": "LineString",
        "coordinates": [
          [
            39.89273023065625,
            21.477281547528573
          ],
          [
            39.8918599170094,
            21.47701516282921
          ],
          [
            39.89099620138294,
            21.47783285826304
          ]
        ]
      }
    },
    {
      "type": "Feature",
      "properties": {
        "channel_class": "drainage",
        "upstream_area_km2": 2.317,
        "source": "HydroSim D8 flow accumulation"
      },
      "geometry": {
        "type": "LineString",
        "coordinates": [
          [
            39.65557602860171,
            21.478108708817054
          ],
          [
            39.6544141061535,
            21.477300137895345
          ],
          [
            39.652399183654985,
            21.480018424296592
          ]
        ]
      }
    },
    {
      "type": "Feature",
      "properties": {
        "channel_class": "major",
        "upstream_area_km2": 7.249,
        "source": "HydroSim D8 flow accumulation"
      },
      "geometry": {
        "type": "LineString",
        "coordinates": [
          [
            39.83394707879472,
            21.47704305112588
          ],
          [
            39.83308302824805,
            21.477860458096163
          ],
          [
            39.83134105201511,
            21.477056030501775
          ],
          [
            39.83046315590827,
            21.475434194620473
          ],
          [
            39.83074041502603,
            21.47326455133878
          ],
          [
            39.82899390546914,
            21.47164701934771
          ],
          [
            39.828405614488794,
            21.470023734105226
          ],
          [
            39.82695177080076,
            21.468946795619942
          ]
        ]
      }
    },
    {
      "type": "Feature",
      "properties": {
        "channel_class": "drainage",
        "upstream_area_km2": 0.489,
        "source": "HydroSim D8 flow accumulation"
      },
      "geometry": {
        "type": "LineString",
        "coordinates": [
          [
            39.92544628441077,
            21.47656158525604
          ],
          [
            39.92371923775855,
            21.4781973056464
          ],
          [
            39.92255760827171,
            21.47766166389604
          ],
          [
            39.921690655511654,
            21.477937474256017
          ]
        ]
      }
    },
    {
      "type": "Feature",
      "properties": {
        "channel_class": "drainage",
        "upstream_area_km2": 3.349,
        "source": "HydroSim D8 flow accumulation"
      },
      "geometry": {
        "type": "LineString",
        "coordinates": [
          [
            39.6465968848465,
            21.477601595938328
          ],
          [
            39.64543979182211,
            21.477877108596935
          ],
          [
            39.64369520996821,
            21.476257585683427
          ]
        ]
      }
    },
    {
      "type": "Feature",
      "properties": {
        "channel_class": "major",
        "upstream_area_km2": 17.0,
        "source": "HydroSim D8 flow accumulation"
      },
      "geometry": {
        "type": "LineString",
        "coordinates": [
          [
            39.8828788314799,
            21.476249742352383
          ],
          [
            39.8817255134015,
            21.47706892043348
          ],
          [
            39.881434327510334,
            21.476799425430354
          ],
          [
            39.879417210696744,
            21.47843623180609
          ]
        ]
      }
    },
    {
      "type": "Feature",
      "properties": {
        "channel_class": "major",
        "upstream_area_km2": 10.708,
        "source": "HydroSim D8 flow accumulation"
      },
      "geometry": {
        "type": "LineString",
        "coordinates": [
          [
            39.89706192426809,
            21.47536115222328
          ],
          [
            39.895903723041855,
            21.475367362616453
          ],
          [
            39.89446590138526,
            21.477001240175014
          ],
          [
            39.89330603336731,
            21.47673641199703
          ],
          [
            39.89273023065625,
            21.477281547528573
          ]
        ]
      }
    },
    {
      "type": "Feature",
      "properties": {
        "channel_class": "major",
        "upstream_area_km2": 23.731,
        "source": "HydroSim D8 flow accumulation"
      },
      "geometry": {
        "type": "LineString",
        "coordinates": [
          [
            39.64369520996821,
            21.476257585683427
          ],
          [
            39.64253336571679,
            21.475448929986364
          ],
          [
            39.64195660577194,
            21.475993228785786
          ],
          [
            39.64079240162134,
            21.474642486340358
          ],
          [
            39.64078765926013,
            21.473558337537117
          ],
          [
            39.63991659883824,
            21.473019589830407
          ],
          [
            39.63905145630704,
            21.473836024010904
          ],
          [
            39.637305813570116,
            21.47194539324946
          ],
          [
            39.63643712997549,
            21.471948701764834
          ],
          [
            39.635283586130484,
            21.473037256277745
          ],
          [
            39.63325195537121,
            21.471960794384312
          ]
        ]
      }
    },
    {
      "type": "Feature",
      "properties": {
        "channel_class": "drainage",
        "upstream_area_km2": 3.102,
        "source": "HydroSim D8 flow accumulation"
      },
      "geometry": {
        "type": "LineString",
        "coordinates": [
          [
            39.90805977462071,
            21.47448869344046
          ],
          [
            39.90544546867313,
            21.473147725256702
          ],
          [
            39.9042906336724,
            21.473696033769365
          ],
          [
            39.903709868881265,
            21.473428144404995
          ],
          [
            39.9028462422123,
            21.47424589836423
          ],
          [
            39.90023531615347,
            21.47344688806857
          ]
        ]
      }
    },
    {
      "type": "Feature",
      "properties": {
        "channel_class": "drainage",
        "upstream_area_km2": 0.567,
        "source": "HydroSim D8 flow accumulation"
      },
      "geometry": {
        "type": "LineString",
        "coordinates": [
          [
            39.7100021376037,
            21.475176033283628
          ],
          [
            39.70941513565675,
            21.47355229148562
          ],
          [
            39.71027593131381,
            21.471922403512345
          ]
        ]
      }
    },
    {
      "type": "Feature",
      "properties": {
        "channel_class": "drainage",
        "upstream_area_km2": 0.498,
        "source": "HydroSim D8 flow accumulation"
      },
      "geometry": {
        "type": "LineString",
        "coordinates": [
          [
            39.86665259118496,
            21.4744374245867
          ],
          [
            39.86607669439427,
            21.474982471532396
          ],
          [
            39.86610073414493,
            21.479047816835035
          ],
          [
            39.86438257122667,
            21.482309085476228
          ]
        ]
      }
    },
    {
      "type": "Feature",
      "properties": {
        "channel_class": "drainage",
        "upstream_area_km2": 1.683,
        "source": "HydroSim D8 flow accumulation"
      },
      "geometry": {
        "type": "LineString",
        "coordinates": [
          [
            39.883446495249636,
            21.47434953044288
          ],
          [
            39.8828788314799,
            21.476249742352383
          ]
        ]
      }
    },
    {
      "type": "Feature",
      "properties": {
        "channel_class": "drainage",
        "upstream_area_km2": 0.301,
        "source": "HydroSim D8 flow accumulation"
      },
      "geometry": {
        "type": "LineString",
        "coordinates": [
          [
            39.914717671168006,
            21.47418137186659
          ],
          [
            39.91384395932678,
            21.473373063096673
          ]
        ]
      }
    },
    {
      "type": "Feature",
      "properties": {
        "channel_class": "major",
        "upstream_area_km2": 19.429,
        "source": "HydroSim D8 flow accumulation"
      },
      "geometry": {
        "type": "LineString",
        "coordinates": [
          [
            39.649192218916866,
            21.47515216590271
          ],
          [
            39.64861548551249,
            21.475696487042914
          ],
          [
            39.64803515050916,
            21.47542769599506
          ],
          [
            39.64572219482632,
            21.476249769329453
          ],
          [
            39.64456153250667,
            21.47571216494892
          ],
          [
            39.64369520996821,
            21.476257585683427
          ]
        ]
      }
    },
    {
      "type": "Feature",
      "properties": {
        "channel_class": "drainage",
        "upstream_area_km2": 4.646,
        "source": "HydroSim D8 flow accumulation"
      },
      "geometry": {
        "type": "LineString",
        "coordinates": [
          [
            39.898501363054926,
            21.473998274339348
          ],
          [
            39.89706192426809,
            21.47536115222328
          ]
        ]
      }
    },
    {
      "type": "Feature",
      "properties": {
        "channel_class": "drainage",
        "upstream_area_km2": 0.389,
        "source": "HydroSim D8 flow accumulation"
      },
      "geometry": {
        "type": "LineString",
        "coordinates": [
          [
            39.652955377964176,
            21.474866470695034
          ],
          [
            39.65180073170903,
            21.475684099740704
          ],
          [
            39.649192218916866,
            21.47515216590271
          ]
        ]
      }
    },
    {
      "type": "Feature",
      "properties": {
        "channel_class": "drainage",
        "upstream_area_km2": 0.338,
        "source": "HydroSim D8 flow accumulation"
      },
      "geometry": {
        "type": "LineString",
        "coordinates": [
          [
            39.858541981842286,
            21.47393720536541
          ],
          [
            39.85709740090874,
            21.474486680609164
          ],
          [
            39.85593285971159,
            21.473408518559555
          ],
          [
            39.85650878961893,
            21.472863505400625
          ],
          [
            39.85621290512811,
            21.471780892848628
          ]
        ]
      }
    },
    {
      "type": "Feature",
      "properties": {
        "channel_class": "drainage",
        "upstream_area_km2": 0.392,
        "source": "HydroSim D8 flow accumulation"
      },
      "geometry": {
        "type": "LineString",
        "coordinates": [
          [
            39.65932460650704,
            21.47457043480073
          ],
          [
            39.65557602860171,
            21.478108708817054
          ]
        ]
      }
    },
    {
      "type": "Feature",
      "properties": {
        "channel_class": "drainage",
        "upstream_area_km2": 0.354,
        "source": "HydroSim D8 flow accumulation"
      },
      "geometry": {
        "type": "LineString",
        "coordinates": [
          [
            39.77688635938421,
            21.474065520519257
          ],
          [
            39.776300064858724,
            21.472713064052872
          ],
          [
            39.77426459218681,
            21.471096285347922
          ]
        ]
      }
    },
    {
      "type": "Feature",
      "properties": {
        "channel_class": "drainage",
        "upstream_area_km2": 4.28,
        "source": "HydroSim D8 flow accumulation"
      },
      "geometry": {
        "type": "LineString",
        "coordinates": [
          [
            39.90023531615347,
            21.47344688806857
          ],
          [
            39.8990821213452,
            21.474266182034395
          ],
          [
            39.898501363054926,
            21.473998274339348
          ]
        ]
      }
    },
    {
      "type": "Feature",
      "properties": {
        "channel_class": "drainage",
        "upstream_area_km2": 1.046,
        "source": "HydroSim D8 flow accumulation"
      },
      "geometry": {
        "type": "LineString",
        "coordinates": [
          [
            39.91384395932678,
            21.473373063096673
          ],
          [
            39.91182726599439,
            21.47501024690887
          ],
          [
            39.910089975256106,
            21.475019712761796
          ],
          [
            39.90863718871813,
            21.474214527293327
          ],
          [
            39.90805977462071,
            21.47448869344046
          ]
        ]
      }
    },
    {
      "type": "Feature",
      "properties": {
        "channel_class": "drainage",
        "upstream_area_km2": 0.298,
        "source": "HydroSim D8 flow accumulation"
      },
      "geometry": {
        "type": "LineString",
        "coordinates": [
          [
            39.693491868540406,
            21.474161171455552
          ],
          [
            39.69291018001472,
            21.47362150380285
          ],
          [
            39.693194611279225,
            21.472536166256983
          ],
          [
            39.69203125391282,
            21.47145682609498
          ]
        ]
      }
    },
    {
      "type": "Feature",
      "properties": {
        "channel_class": "drainage",
        "upstream_area_km2": 0.352,
        "source": "HydroSim D8 flow accumulation"
      },
      "geometry": {
        "type": "LineString",
        "coordinates": [
          [
            39.89878592189978,
            21.473183655879
          ],
          [
            39.898501363054926,
            21.473998274339348
          ]
        ]
      }
    },
    {
      "type": "Feature",
      "properties": {
        "channel_class": "drainage",
        "upstream_area_km2": 0.661,
        "source": "HydroSim D8 flow accumulation"
      },
      "geometry": {
        "type": "LineString",
        "coordinates": [
          [
            39.7267900453648,
            21.47374870898633
          ],
          [
            39.72620689595741,
            21.47293812811953
          ],
          [
            39.72591868120353,
            21.473210417859182
          ],
          [
            39.72533688066132,
            21.472670866164105
          ],
          [
            39.72330997913633,
            21.472679646317253
          ],
          [
            39.72185952077129,
            21.472143837471776
          ]
        ]
      }
    },
    {
      "type": "Feature",
      "properties": {
        "channel_class": "drainage",
        "upstream_area_km2": 0.394,
        "source": "HydroSim D8 flow accumulation"
      },
      "geometry": {
        "type": "LineString",
        "coordinates": [
          [
            39.77427748390016,
            21.47353555014169
          ],
          [
            39.77426459218681,
            21.471096285347922
          ]
        ]
      }
    },
    {
      "type": "Feature",
      "properties": {
        "channel_class": "drainage",
        "upstream_area_km2": 0.309,
        "source": "HydroSim D8 flow accumulation"
      },
      "geometry": {
        "type": "LineString",
        "coordinates": [
          [
            39.721576639096966,
            21.473500250611735
          ],
          [
            39.72244130673837,
            21.47268340172009
          ],
          [
            39.72185952077129,
            21.472143837471776
          ]
        ]
      }
    },
    {
      "type": "Feature",
      "properties": {
        "channel_class": "drainage",
        "upstream_area_km2": 0.323,
        "source": "HydroSim D8 flow accumulation"
      },
      "geometry": {
        "type": "LineString",
        "coordinates": [
          [
            39.77948659934662,
            21.47296927535702
          ],
          [
            39.7783154233221,
            21.470535408119304
          ]
        ]
      }
    },
    {
      "type": "Feature",
      "properties": {
        "channel_class": "drainage",
        "upstream_area_km2": 0.317,
        "source": "HydroSim D8 flow accumulation"
      },
      "geometry": {
        "type": "LineString",
        "coordinates": [
          [
            39.704490005190294,
            21.473031036876566
          ],
          [
            39.70448088209463,
            21.471133800900684
          ],
          [
            39.70389526038473,
            21.469781070639172
          ],
          [
            39.702733148838924,
            21.468972840038887
          ]
        ]
      }
    },
    {
      "type": "Feature",
      "properties": {
        "channel_class": "drainage",
        "upstream_area_km2": 0.646,
        "source": "HydroSim D8 flow accumulation"
      },
      "geometry": {
        "type": "LineString",
        "coordinates": [
          [
            39.78295980036277,
            21.472682012274287
          ],
          [
            39.781504803904,
            21.471333640398612
          ],
          [
            39.779477947100155,
            21.471343100812522
          ],
          [
            39.7783154233221,
            21.470535408119304
          ]
        ]
      }
    },
    {
      "type": "Feature",
      "properties": {
        "channel_class": "drainage",
        "upstream_area_km2": 0.784,
        "source": "HydroSim D8 flow accumulation"
      },
      "geometry": {
        "type": "LineString",
        "coordinates": [
          [
            39.843186413913514,
            21.472389153103546
          ],
          [
            39.84317393546493,
            21.470220954465365
          ],
          [
            39.842591729685864,
            21.46968182353031
          ],
          [
            39.84287815470632,
            21.46913831454987
          ],
          [
            39.84171064481323,
            21.46751799783454
          ],
          [
            39.84228193382941,
            21.466159957166404
          ],
          [
            39.84227103029097,
            21.464262781534377
          ]
        ]
      }
    },
    {
      "type": "Feature",
      "properties": {
        "channel_class": "drainage",
        "upstream_area_km2": 0.766,
        "source": "HydroSim D8 flow accumulation"
      },
      "geometry": {
        "type": "LineString",
        "coordinates": [
          [
            39.90978022831865,
            21.471769049641043
          ],
          [
            39.90717266981355,
            21.471512187547575
          ],
          [
            39.90601785440644,
            21.472060507415307
          ],
          [
            39.90426888623657,
            21.4701727688367
          ],
          [
            39.90224210961768,
            21.470183716611576
          ]
        ]
      }
    },
    {
      "type": "Feature",
      "properties": {
        "channel_class": "drainage",
        "upstream_area_km2": 1.079,
        "source": "HydroSim D8 flow accumulation"
      },
      "geometry": {
        "type": "LineString",
        "coordinates": [
          [
            39.85621290512811,
            21.471780892848628
          ],
          [
            39.85620656951833,
            21.470696797195792
          ],
          [
            39.85504206583067,
            21.469618627237885
          ],
          [
            39.85388231749909,
            21.469353520921022
          ]
        ]
      }
    },
    {
      "type": "Feature",
      "properties": {
        "channel_class": "drainage",
        "upstream_area_km2": 0.28,
        "source": "HydroSim D8 flow accumulation"
      },
      "geometry": {
        "type": "LineString",
        "coordinates": [
          [
            39.691455977447184,
            21.472272325161263
          ],
          [
            39.69203125391282,
            21.47145682609498
          ]
        ]
      }
    },
    {
      "type": "Feature",
      "properties": {
        "channel_class": "drainage",
        "upstream_area_km2": 1.519,
        "source": "HydroSim D8 flow accumulation"
      },
      "geometry": {
        "type": "LineString",
        "coordinates": [
          [
            39.72185952077129,
            21.472143837471776
          ],
          [
            39.720986849854135,
            21.471334487013483
          ],
          [
            39.722421260745236,
            21.468617911299177
          ],
          [
            39.71921493241188,
            21.464295111302643
          ]
        ]
      }
    },
    {
      "type": "Feature",
      "properties": {
        "channel_class": "drainage",
        "upstream_area_km2": 1.485,
        "source": "HydroSim D8 flow accumulation"
      },
      "geometry": {
        "type": "LineString",
        "coordinates": [
          [
            39.79077334653862,
            21.47183213674926
          ],
          [
            39.79047940829357,
            21.471020420625635
          ],
          [
            39.7866948884391,
            21.467243770115285
          ],
          [
            39.78554107718635,
            21.468062300564053
          ],
          [
            39.78437709738306,
            21.46698362099875
          ],
          [
            39.782639844387084,
            21.46699175970191
          ],
          [
            39.78176688000413,
            21.466182734919176
          ],
          [
            39.78090259057154,
            21.466999880363353
          ],
          [
            39.779741536660865,
            21.466463225615527
          ],
          [
            39.77887579341998,
            21.467009331665597
          ],
          [
            39.77569082422565,
            21.46702413409705
          ]
        ]
      }
    },
    {
      "type": "Feature",
      "properties": {
        "channel_class": "drainage",
        "upstream_area_km2": 0.887,
        "source": "HydroSim D8 flow accumulation"
      },
      "geometry": {
        "type": "LineString",
        "coordinates": [
          [
            39.71027593131381,
            21.471922403512345
          ],
          [
            39.70853072599392,
            21.470303573111533
          ]
        ]
      }
    },
    {
      "type": "Feature",
      "properties": {
        "channel_class": "drainage",
        "upstream_area_km2": 0.255,
        "source": "HydroSim D8 flow accumulation"
      },
      "geometry": {
        "type": "LineString",
        "coordinates": [
          [
            39.71085504480472,
            21.471919942625977
          ],
          [
            39.71027593131381,
            21.471922403512345
          ]
        ]
      }
    },
    {
      "type": "Feature",
      "properties": {
        "channel_class": "major",
        "upstream_area_km2": 25.006,
        "source": "HydroSim D8 flow accumulation"
      },
      "geometry": {
        "type": "LineString",
        "coordinates": [
          [
            39.63325195537121,
            21.471960794384312
          ],
          [
            39.632670491624104,
            21.471420911109348
          ],
          [
            39.629196929553295,
            21.471705059370464
          ]
        ]
      }
    },
    {
      "type": "Feature",
      "properties": {
        "channel_class": "major",
        "upstream_area_km2": 27.851,
        "source": "HydroSim D8 flow accumulation"
      },
      "geometry": {
        "type": "LineString",
        "coordinates": [
          [
            39.629196929553295,
            21.471705059370464
          ],
          [
            39.62890387808607,
            21.47089303490463
          ],
          [
            39.62832475892505,
            21.470895211884248
          ],
          [
            39.62716187974993,
            21.46981540767208
          ],
          [
            39.626008281550455,
            21.470903899749885
          ],
          [
            39.62397790006213,
            21.470098360714637
          ],
          [
            39.623401089887565,
            21.470642597027116
          ],
          [
            39.62195099176031,
            21.470105911399255
          ],
          [
            39.62136957611731,
            21.46956598751426
          ],
          [
            39.62396520441922,
            21.467116939840388
          ],
          [
            39.623672191574734,
            21.4663049048347
          ],
          [
            39.62280008365458,
            21.465495026490483
          ],
          [
            39.621645335623995,
            21.466312450547388
          ],
          [
            39.61990115114832,
            21.46469266732425
          ],
          [
            39.61931518389725,
            21.463068580612436
          ],
          [
            39.61786860305011,
            21.463344973183645
          ],
          [
            39.61728722956764,
            21.462805033664406
          ],
          [
            39.6175733479172,
            21.46199084854388
          ],
          [
            39.61583153727218,
            21.46091309758391
          ],
          [
            39.61554313481516,
            21.461185202158244
          ],
          [
            39.61438042639135,
            21.460105303698786
          ],
          [
            39.614952682866274,
            21.458476941866447
          ]
        ]
      }
    },
    {
      "type": "Feature",
      "properties": {
        "channel_class": "drainage",
        "upstream_area_km2": 0.643,
        "source": "HydroSim D8 flow accumulation"
      },
      "geometry": {
        "type": "LineString",
        "coordinates": [
          [
            39.69203125391282,
            21.47145682609498
          ],
          [
            39.692306723798836,
            21.468474248185657
          ]
        ]
      }
    },
    {
      "type": "Feature",
      "properties": {
        "channel_class": "drainage",
        "upstream_area_km2": 0.918,
        "source": "HydroSim D8 flow accumulation"
      },
      "geometry": {
        "type": "LineString",
        "coordinates": [
          [
            39.77426459218681,
            21.471096285347922
          ],
          [
            39.77397217774643,
            21.47055556681132
          ],
          [
            39.774835094099416,
            21.46946742625632
          ],
          [
            39.77308922790486,
            21.467849289038764
          ],
          [
            39.77337591165639,
            21.46730589105908
          ],
          [
            39.77279396603061,
            21.46676650853922
          ]
        ]
      }
    },
    {
      "type": "Feature",
      "properties": {
        "channel_class": "drainage",
        "upstream_area_km2": 0.578,
        "source": "HydroSim D8 flow accumulation"
      },
      "geometry": {
        "type": "LineString",
        "coordinates": [
          [
            39.87908048377576,
            21.470578112198105
          ],
          [
            39.879373279407694,
            21.471118634323904
          ],
          [
            39.881404973195366,
            21.471921029527827
          ],
          [
            39.883446495249636,
            21.47434953044288
          ]
        ]
      }
    },
    {
      "type": "Feature",
      "properties": {
        "channel_class": "drainage",
        "upstream_area_km2": 0.436,
        "source": "HydroSim D8 flow accumulation"
      },
      "geometry": {
        "type": "LineString",
        "coordinates": [
          [
            39.678420798719195,
            21.471241558463976
          ],
          [
            39.67841452382605,
            21.469886382185184
          ],
          [
            39.67725129386183,
            21.468806935397264
          ]
        ]
      }
    },
    {
      "type": "Feature",
      "properties": {
        "channel_class": "drainage",
        "upstream_area_km2": 0.349,
        "source": "HydroSim D8 flow accumulation"
      },
      "geometry": {
        "type": "LineString",
        "coordinates": [
          [
            39.74675577266406,
            21.470950357876493
          ],
          [
            39.74849308720688,
            21.470942590537085
          ],
          [
            39.75051301157059,
            21.469578350877658
          ]
        ]
      }
    },
    {
      "type": "Feature",
      "properties": {
        "channel_class": "drainage",
        "upstream_area_km2": 1.15,
        "source": "HydroSim D8 flow accumulation"
      },
      "geometry": {
        "type": "LineString",
        "coordinates": [
          [
            39.90224210961768,
            21.470183716611576
          ],
          [
            39.90109061845853,
            21.471274044086954
          ],
          [
            39.90110062047451,
            21.472900167764973
          ],
          [
            39.90023531615347,
            21.47344688806857
          ]
        ]
      }
    },
    {
      "type": "Feature",
      "properties": {
        "channel_class": "major",
        "upstream_area_km2": 18.706,
        "source": "HydroSim D8 flow accumulation"
      },
      "geometry": {
        "type": "LineString",
        "coordinates": [
          [
            39.65699228363175,
            21.471056080755087
          ],
          [
            39.65612725009245,
            21.47187260078491
          ],
          [
            39.65496537518018,
            21.471064031913162
          ],
          [
            39.65380835085522,
            21.4713396009985
          ],
          [
            39.65207702803499,
            21.47270156810168
          ],
          [
            39.65179108384206,
            21.47351580698578
          ],
          [
            39.65092239341724,
            21.47351919098339
          ],
          [
            39.649192218916866,
            21.47515216590271
          ]
        ]
      }
    },
    {
      "type": "Feature",
      "properties": {
        "channel_class": "drainage",
        "upstream_area_km2": 1.108,
        "source": "HydroSim D8 flow accumulation"
      },
      "geometry": {
        "type": "LineString",
        "coordinates": [
          [
            39.7783154233221,
            21.470535408119304
          ],
          [
            39.77569082422565,
            21.46702413409705
          ]
        ]
      }
    },
    {
      "type": "Feature",
      "properties": {
        "channel_class": "drainage",
        "upstream_area_km2": 1.046,
        "source": "HydroSim D8 flow accumulation"
      },
      "geometry": {
        "type": "LineString",
        "coordinates": [
          [
            39.89065720931751,
            21.469703761296515
          ],
          [
            39.88978694458414,
            21.46943736387714
          ],
          [
            39.888347464882905,
            21.47080016872295
          ],
          [
            39.88718765579887,
            21.47053529581969
          ],
          [
            39.88632558955041,
            21.471623989048542
          ],
          [
            39.88459323618781,
            21.472446254066014
          ],
          [
            39.88459814582221,
            21.47325931949808
          ],
          [
            39.883446495249636,
            21.47434953044288
          ]
        ]
      }
    },
    {
      "type": "Feature",
      "properties": {
        "channel_class": "drainage",
        "upstream_area_km2": 0.593,
        "source": "HydroSim D8 flow accumulation"
      },
      "geometry": {
        "type": "LineString",
        "coordinates": [
          [
            39.915847053905814,
            21.469567699866992
          ],
          [
            39.915559210146775,
            21.46984030494163
          ],
          [
            39.91672584021831,
            21.471189057375753
          ],
          [
            39.91557784094964,
            21.4728215199542
          ],
          [
            39.91441797404755,
            21.472556838303994
          ],
          [
            39.91384395932678,
            21.473373063096673
          ]
        ]
      }
    },
    {
      "type": "Feature",
      "properties": {
        "channel_class": "major",
        "upstream_area_km2": 5.77,
        "source": "HydroSim D8 flow accumulation"
      },
      "geometry": {
        "type": "LineString",
        "coordinates": [
          [
            39.70853072599392,
            21.470303573111533
          ],
          [
            39.70708164937737,
            21.470038667385346
          ],
          [
            39.70650515667754,
            21.47058318230028
          ],
          [
            39.70505086360709,
            21.469234123995165
          ]
        ]
      }
    },
    {
      "type": "Feature",
      "properties": {
        "channel_class": "drainage",
        "upstream_area_km2": 0.811,
        "source": "HydroSim D8 flow accumulation"
      },
      "geometry": {
        "type": "LineString",
        "coordinates": [
          [
            39.73488002417088,
            21.47018985588399
          ],
          [
            39.73371774527341,
            21.46938184554187
          ],
          [
            39.732559544122374,
            21.469386923090525
          ],
          [
            39.731685479444245,
            21.46830659721065
          ],
          [
            39.731681419474434,
            21.46749350053388
          ],
          [
            39.730226933172034,
            21.466144666316683
          ]
        ]
      }
    },
    {
      "type": "Feature",
      "properties": {
        "channel_class": "drainage",
        "upstream_area_km2": 0.265,
        "source": "HydroSim D8 flow accumulation"
      },
      "geometry": {
        "type": "LineString",
        "coordinates": [
          [
            39.68449643442591,
            21.470132638595313
          ],
          [
            39.68391226440335,
            21.46905086810548
          ]
        ]
      }
    },
    {
      "type": "Feature",
      "properties": {
        "channel_class": "drainage",
        "upstream_area_km2": 0.306,
        "source": "HydroSim D8 flow accumulation"
      },
      "geometry": {
        "type": "LineString",
        "coordinates": [
          [
            39.819426677778225,
            21.469525905592455
          ],
          [
            39.81971318991385,
            21.46898243352212
          ]
        ]
      }
    },
    {
      "type": "Feature",
      "properties": {
        "channel_class": "major",
        "upstream_area_km2": 46.578,
        "source": "HydroSim D8 flow accumulation"
      },
      "geometry": {
        "type": "LineString",
        "coordinates": [
          [
            39.85388231749909,
            21.469353520921022
          ],
          [
            39.8503999501287,
            21.468016103981906
          ],
          [
            39.84662184401875,
            21.465595979135685
          ],
          [
            39.84517104340308,
            21.465061251194022
          ],
          [
            39.844593537467325,
            21.465335201264125
          ]
        ]
      }
    },
    {
      "type": "Feature",
      "properties": {
        "channel_class": "drainage",
        "upstream_area_km2": 0.622,
        "source": "HydroSim D8 flow accumulation"
      },
      "geometry": {
        "type": "LineString",
        "coordinates": [
          [
            39.86054177076817,
            21.46931938442932
          ],
          [
            39.8573742625788,
            21.472317005943964
          ],
          [
            39.85621290512811,
            21.471780892848628
          ]
        ]
      }
    },
    {
      "type": "Feature",
      "properties": {
        "channel_class": "drainage",
        "upstream_area_km2": 1.45,
        "source": "HydroSim D8 flow accumulation"
      },
      "geometry": {
        "type": "LineString",
        "coordinates": [
          [
            39.75051301157059,
            21.469578350877658
          ],
          [
            39.75283219224562,
            21.47011000072364
          ],
          [
            39.75485206323505,
            21.46874571003031
          ],
          [
            39.75484787463175,
            21.46793261768283
          ],
          [
            39.75743557665869,
            21.464397436406703
          ],
          [
            39.75714183742156,
            21.463585654982207
          ],
          [
            39.757711104220974,
            21.461685817251638
          ]
        ]
      }
    },
    {
      "type": "Feature",
      "properties": {
        "channel_class": "drainage",
        "upstream_area_km2": 0.283,
        "source": "HydroSim D8 flow accumulation"
      },
      "geometry": {
        "type": "LineString",
        "coordinates": [
          [
            39.90281283895309,
            21.46882548834259
          ],
          [
            39.90224210961768,
            21.470183716611576
          ]
        ]
      }
    },
    {
      "type": "Feature",
      "properties": {
        "channel_class": "drainage",
        "upstream_area_km2": 0.316,
        "source": "HydroSim D8 flow accumulation"
      },
      "geometry": {
        "type": "LineString",
        "coordinates": [
          [
            39.75022207430981,
            21.469308619070727
          ],
          [
            39.75051301157059,
            21.469578350877658
          ]
        ]
      }
    },
    {
      "type": "Feature",
      "properties": {
        "channel_class": "drainage",
        "upstream_area_km2": 2.083,
        "source": "HydroSim D8 flow accumulation"
      },
      "geometry": {
        "type": "LineString",
        "coordinates": [
          [
            39.81971318991385,
            21.46898243352212
          ],
          [
            39.82028924240715,
            21.46843754103
          ],
          [
            39.819705609127205,
            21.467627300790614
          ],
          [
            39.82027710525025,
            21.466269328725474
          ],
          [
            39.82026952030264,
            21.46491419574658
          ],
          [
            39.819685901871644,
            21.464103954649882
          ]
        ]
      }
    },
    {
      "type": "Feature",
      "properties": {
        "channel_class": "major",
        "upstream_area_km2": 8.605,
        "source": "HydroSim D8 flow accumulation"
      },
      "geometry": {
        "type": "LineString",
        "coordinates": [
          [
            39.82695177080076,
            21.468946795619942
          ],
          [
            39.82608008594136,
            21.468409036509435
          ],
          [
            39.826361985749415,
            21.467052475469576
          ],
          [
            39.824906661136325,
            21.465704491136663
          ],
          [
            39.824039574962605,
            21.465979799318443
          ],
          [
            39.8220036923756,
            21.46436361395764
          ],
          [
            39.819685901871644,
            21.464103954649882
          ]
        ]
      }
    },
    {
      "type": "Feature",
      "properties": {
        "channel_class": "major",
        "upstream_area_km2": 12.112,
        "source": "HydroSim D8 flow accumulation"
      },
      "geometry": {
        "type": "LineString",
        "coordinates": [
          [
            39.70128668871835,
            21.46924995137843
          ],
          [
            39.70012977542785,
            21.46952583835191
          ],
          [
            39.69867942710257,
            21.4689898250292
          ],
          [
            39.69781464426009,
            21.469806554446112
          ],
          [
            39.69636687719368,
            21.469812589436923
          ],
          [
            39.694625701382485,
            21.46900671177544
          ]
        ]
      }
    },
    {
      "type": "Feature",
      "properties": {
        "channel_class": "major",
        "upstream_area_km2": 8.197,
        "source": "HydroSim D8 flow accumulation"
      },
      "geometry": {
        "type": "LineString",
        "coordinates": [
          [
            39.70505086360709,
            21.469234123995165
          ],
          [
            39.70476000820598,
            21.468964310702336
          ]
        ]
      }
    },
    {
      "type": "Feature",
      "properties": {
        "channel_class": "drainage",
        "upstream_area_km2": 0.487,
        "source": "HydroSim D8 flow accumulation"
      },
      "geometry": {
        "type": "LineString",
        "coordinates": [
          [
            39.83303062629834,
            21.46864559209064
          ],
          [
            39.83100229539065,
            21.46838465004733
          ],
          [
            39.83042782033365,
            21.46920060395077
          ],
          [
            39.82695177080076,
            21.468946795619942
          ]
        ]
      }
    },
    {
      "type": "Feature",
      "properties": {
        "channel_class": "major",
        "upstream_area_km2": 14.451,
        "source": "HydroSim D8 flow accumulation"
      },
      "geometry": {
        "type": "LineString",
        "coordinates": [
          [
            39.68391226440335,
            21.46905086810548
          ],
          [
            39.68362018269457,
            21.468509981957205
          ]
        ]
      }
    },
    {
      "type": "Feature",
      "properties": {
        "channel_class": "major",
        "upstream_area_km2": 12.913,
        "source": "HydroSim D8 flow accumulation"
      },
      "geometry": {
        "type": "LineString",
        "coordinates": [
          [
            39.694625701382485,
            21.46900671177544
          ],
          [
            39.69375832861599,
            21.46928135201045
          ],
          [
            39.692306723798836,
            21.468474248185657
          ]
        ]
      }
    },
    {
      "type": "Feature",
      "properties": {
        "channel_class": "major",
        "upstream_area_km2": 9.291,
        "source": "HydroSim D8 flow accumulation"
      },
      "geometry": {
        "type": "LineString",
        "coordinates": [
          [
            39.702733148838924,
            21.468972840038887
          ],
          [
            39.70128668871835,
            21.46924995137843
          ]
        ]
      }
    },
    {
      "type": "Feature",
      "properties": {
        "channel_class": "major",
        "upstream_area_km2": 8.888,
        "source": "HydroSim D8 flow accumulation"
      },
      "geometry": {
        "type": "LineString",
        "coordinates": [
          [
            39.70476000820598,
            21.468964310702336
          ],
          [
            39.702733148838924,
            21.468972840038887
          ]
        ]
      }
    },
    {
      "type": "Feature",
      "properties": {
        "channel_class": "major",
        "upstream_area_km2": 17.346,
        "source": "HydroSim D8 flow accumulation"
      },
      "geometry": {
        "type": "LineString",
        "coordinates": [
          [
            39.67725129386183,
            21.468806935397264
          ],
          [
            39.676962993394085,
            21.46907914313282
          ],
          [
            39.6737729219982,
            21.468007863702937
          ],
          [
            39.669719202300406,
            21.468024146039422
          ],
          [
            39.66884683630665,
            21.46721451467221
          ],
          [
            39.66710953598257,
            21.467221453432117
          ],
          [
            39.66595379883335,
            21.467768141348582
          ]
        ]
      }
    },
    {
      "type": "Feature",
      "properties": {
        "channel_class": "major",
        "upstream_area_km2": 15.014,
        "source": "HydroSim D8 flow accumulation"
      },
      "geometry": {
        "type": "LineString",
        "coordinates": [
          [
            39.68362018269457,
            21.468509981957205
          ],
          [
            39.6815945812506,
            21.46878929006532
          ],
          [
            39.68101295722282,
            21.468249578941517
          ],
          [
            39.68043511312647,
            21.468522971310932
          ],
          [
            39.67956394346809,
            21.46798443280419
          ],
          [
            39.67840573980455,
            21.467989135023238
          ]
        ]
      }
    },
    {
      "type": "Feature",
      "properties": {
        "channel_class": "major",
        "upstream_area_km2": 14.177,
        "source": "HydroSim D8 flow accumulation"
      },
      "geometry": {
        "type": "LineString",
        "coordinates": [
          [
            39.692306723798836,
            21.468474248185657
          ],
          [
            39.69143423381034,
            21.467664738073235
          ],
          [
            39.69027603555621,
            21.46766952242684
          ],
          [
            39.68680906102422,
            21.469310036456484
          ],
          [
            39.68564831212224,
            21.468772719335725
          ],
          [
            39.68477965583521,
            21.468776278476906
          ],
          [
            39.684203082704016,
            21.469320718687026
          ],
          [
            39.68391226440335,
            21.46905086810548
          ]
        ]
      }
    },
    {
      "type": "Feature",
      "properties": {
        "channel_class": "drainage",
        "upstream_area_km2": 0.989,
        "source": "HydroSim D8 flow accumulation"
      },
      "geometry": {
        "type": "LineString",
        "coordinates": [
          [
            39.870666033418026,
            21.467640791091743
          ],
          [
            39.8689255963496,
            21.46710778006508
          ],
          [
            39.86747951971902,
            21.46738631866982
          ],
          [
            39.865735893734374,
            21.46631122720185
          ],
          [
            39.863418017557166,
            21.466052177619094
          ],
          [
            39.86225350093684,
            21.464974057830265
          ]
        ]
      }
    },
    {
      "type": "Feature",
      "properties": {
        "channel_class": "drainage",
        "upstream_area_km2": 0.421,
        "source": "HydroSim D8 flow accumulation"
      },
      "geometry": {
        "type": "LineString",
        "coordinates": [
          [
            39.61180964679389,
            21.468517063196064
          ],
          [
            39.61151217361713,
            21.46662084969254
          ],
          [
            39.61410792003489,
            21.464171951452307
          ]
        ]
      }
    },
    {
      "type": "Feature",
      "properties": {
        "channel_class": "major",
        "upstream_area_km2": 15.86,
        "source": "HydroSim D8 flow accumulation"
      },
      "geometry": {
        "type": "LineString",
        "coordinates": [
          [
            39.67840573980455,
            21.467989135023238
          ],
          [
            39.67725129386183,
            21.468806935397264
          ]
        ]
      }
    },
    {
      "type": "Feature",
      "properties": {
        "channel_class": "major",
        "upstream_area_km2": 17.95,
        "source": "HydroSim D8 flow accumulation"
      },
      "geometry": {
        "type": "LineString",
        "coordinates": [
          [
            39.66595379883335,
            21.467768141348582
          ],
          [
            39.66450972958353,
            21.468587008324402
          ],
          [
            39.663350290597315,
            21.468320570251915
          ],
          [
            39.66046575985973,
            21.470771356806697
          ],
          [
            39.65988542408174,
            21.470502606790202
          ],
          [
            39.65930874928655,
            21.471046963638436
          ],
          [
            39.65699228363175,
            21.471056080755087
          ]
        ]
      }
    },
    {
      "type": "Feature",
      "properties": {
        "channel_class": "drainage",
        "upstream_area_km2": 0.418,
        "source": "HydroSim D8 flow accumulation"
      },
      "geometry": {
        "type": "LineString",
        "coordinates": [
          [
            39.761504609593416,
            21.46736036588866
          ],
          [
            39.76033518211204,
            21.46519739136896
          ],
          [
            39.76119957957873,
            21.464380348930693
          ],
          [
            39.760907226821004,
            21.463839605281777
          ],
          [
            39.76176879605124,
            21.462480499031173
          ]
        ]
      }
    },
    {
      "type": "Feature",
      "properties": {
        "channel_class": "drainage",
        "upstream_area_km2": 2.664,
        "source": "HydroSim D8 flow accumulation"
      },
      "geometry": {
        "type": "LineString",
        "coordinates": [
          [
            39.77569082422565,
            21.46702413409705
          ],
          [
            39.77482362884466,
            21.46729919015231
          ],
          [
            39.77279396603061,
            21.46676650853922
          ]
        ]
      }
    },
    {
      "type": "Feature",
      "properties": {
        "channel_class": "drainage",
        "upstream_area_km2": 4.248,
        "source": "HydroSim D8 flow accumulation"
      },
      "geometry": {
        "type": "LineString",
        "coordinates": [
          [
            39.77279396603061,
            21.46676650853922
          ],
          [
            39.77163294175824,
            21.466229796528175
          ],
          [
            39.771630087627955,
            21.465687736934775
          ],
          [
            39.766967654994076,
            21.460017411688774
          ],
          [
            39.76696481902126,
            21.459475351097463
          ]
        ]
      }
    },
    {
      "type": "Feature",
      "properties": {
        "channel_class": "drainage",
        "upstream_area_km2": 0.483,
        "source": "HydroSim D8 flow accumulation"
      },
      "geometry": {
        "type": "LineString",
        "coordinates": [
          [
            39.66102775676258,
            21.4669745606639
          ],
          [
            39.658721103324574,
            21.469151991382386
          ],
          [
            39.657565318158746,
            21.46969862239599
          ],
          [
            39.65699228363175,
            21.471056080755087
          ]
        ]
      }
    },
    {
      "type": "Feature",
      "properties": {
        "channel_class": "drainage",
        "upstream_area_km2": 1.147,
        "source": "HydroSim D8 flow accumulation"
      },
      "geometry": {
        "type": "LineString",
        "coordinates": [
          [
            39.65176094207985,
            21.466739888478617
          ],
          [
            39.64945294952211,
            21.468646157937787
          ],
          [
            39.64887864256502,
            21.469732553563798
          ],
          [
            39.64829713185843,
            21.469192725701838
          ],
          [
            39.64598069042167,
            21.469201689549568
          ],
          [
            39.64511560451929,
            21.47001815406802
          ],
          [
            39.64453649064624,
            21.47002038710237
          ],
          [
            39.64337112222908,
            21.468398623826978
          ],
          [
            39.64134068632554,
            21.467593296866518
          ],
          [
            39.63815442912737,
            21.46733444298277
          ],
          [
            39.635270658522785,
            21.47005584294817
          ],
          [
            39.634984624845295,
            21.47087005554998
          ],
          [
            39.63325195537121,
            21.471960794384312
          ]
        ]
      }
    },
    {
      "type": "Feature",
      "properties": {
        "channel_class": "drainage",
        "upstream_area_km2": 0.33,
        "source": "HydroSim D8 flow accumulation"
      },
      "geometry": {
        "type": "LineString",
        "coordinates": [
          [
            39.666817519270424,
            21.46668053609756
          ],
          [
            39.66595379883335,
            21.467768141348582
          ]
        ]
      }
    },
    {
      "type": "Feature",
      "properties": {
        "channel_class": "drainage",
        "upstream_area_km2": 0.392,
        "source": "HydroSim D8 flow accumulation"
      },
      "geometry": {
        "type": "LineString",
        "coordinates": [
          [
            39.616434556343094,
            21.466602779755753
          ],
          [
            39.6161415859727,
            21.465790730476474
          ],
          [
            39.61410792003489,
            21.464171951452307
          ]
        ]
      }
    },
    {
      "type": "Feature",
      "properties": {
        "channel_class": "drainage",
        "upstream_area_km2": 2.462,
        "source": "HydroSim D8 flow accumulation"
      },
      "geometry": {
        "type": "LineString",
        "coordinates": [
          [
            39.730226933172034,
            21.466144666316683
          ],
          [
            39.72761834429646,
            21.465613958428087
          ],
          [
            39.72500172872264,
            21.463457012802866
          ],
          [
            39.72413578946954,
            21.464002841091038
          ],
          [
            39.72211034265542,
            21.464282636248537
          ],
          [
            39.7215339294159,
            21.464827201160134
          ],
          [
            39.72095217880958,
            21.46428763228357
          ],
          [
            39.71921493241188,
            21.464295111302643
          ]
        ]
      }
    },
    {
      "type": "Feature",
      "properties": {
        "channel_class": "drainage",
        "upstream_area_km2": 1.211,
        "source": "HydroSim D8 flow accumulation"
      },
      "geometry": {
        "type": "LineString",
        "coordinates": [
          [
            39.74122822178588,
            21.465825234517762
          ],
          [
            39.740930457664234,
            21.464200326935227
          ],
          [
            39.740057733374705,
            21.463391076888954
          ],
          [
            39.737753707513434,
            21.46584059672561
          ],
          [
            39.7368850784619,
            21.46584442600173
          ],
          [
            39.7348487637468,
            21.46395611853135
          ],
          [
            39.730226933172034,
            21.466144666316683
          ]
        ]
      }
    },
    {
      "type": "Feature",
      "properties": {
        "channel_class": "major",
        "upstream_area_km2": 47.812,
        "source": "HydroSim D8 flow accumulation"
      },
      "geometry": {
        "type": "LineString",
        "coordinates": [
          [
            39.844593537467325,
            21.465335201264125
          ],
          [
            39.84372337355281,
            21.465068560289794
          ],
          [
            39.84284853671754,
            21.463988839445868
          ],
          [
            39.84227103029097,
            21.464262781534377
          ]
        ]
      }
    },
    {
      "type": "Feature",
      "properties": {
        "channel_class": "drainage",
        "upstream_area_km2": 1.979,
        "source": "HydroSim D8 flow accumulation"
      },
      "geometry": {
        "type": "LineString",
        "coordinates": [
          [
            39.86225350093684,
            21.464974057830265
          ],
          [
            39.86138171761431,
            21.4644364859693
          ],
          [
            39.859063876607486,
            21.464177374727434
          ],
          [
            39.85790257907217,
            21.463641270906088
          ],
          [
            39.85760829138557,
            21.46282968345383
          ],
          [
            39.855869536983164,
            21.462567556943963
          ],
          [
            39.85441557641316,
            21.461490860463048
          ],
          [
            39.85383810278093,
            21.461764841533935
          ]
        ]
      }
    },
    {
      "type": "Feature",
      "properties": {
        "channel_class": "drainage",
        "upstream_area_km2": 0.406,
        "source": "HydroSim D8 flow accumulation"
      },
      "geometry": {
        "type": "LineString",
        "coordinates": [
          [
            39.6303295233403,
            21.465737862834324
          ],
          [
            39.62974809541363,
            21.46519796812844
          ],
          [
            39.62973994345001,
            21.46330070141339
          ],
          [
            39.62915852755778,
            21.46276080421173
          ]
        ]
      }
    },
    {
      "type": "Feature",
      "properties": {
        "channel_class": "drainage",
        "upstream_area_km2": 0.485,
        "source": "HydroSim D8 flow accumulation"
      },
      "geometry": {
        "type": "LineString",
        "coordinates": [
          [
            39.8043450343493,
            21.464991535570956
          ],
          [
            39.805210666369774,
            21.464445300840648
          ],
          [
            39.805785267304294,
            21.463629429241646
          ],
          [
            39.805494243829415,
            21.46335979613801
          ],
          [
            39.80635837089667,
            21.462542528161098
          ]
        ]
      }
    },
    {
      "type": "Feature",
      "properties": {
        "channel_class": "drainage",
        "upstream_area_km2": 0.348,
        "source": "HydroSim D8 flow accumulation"
      },
      "geometry": {
        "type": "LineString",
        "coordinates": [
          [
            39.76207101368172,
            21.46491845453582
          ],
          [
            39.76176879605124,
            21.462480499031173
          ]
        ]
      }
    },
    {
      "type": "Feature",
      "properties": {
        "channel_class": "drainage",
        "upstream_area_km2": 0.277,
        "source": "HydroSim D8 flow accumulation"
      },
      "geometry": {
        "type": "LineString",
        "coordinates": [
          [
            39.912628383709745,
            21.464164714271316
          ],
          [
            39.91349189658382,
            21.463346912843978
          ]
        ]
      }
    },
    {
      "type": "Feature",
      "properties": {
        "channel_class": "drainage",
        "upstream_area_km2": 0.333,
        "source": "HydroSim D8 flow accumulation"
      },
      "geometry": {
        "type": "LineString",
        "coordinates": [
          [
            39.686209647853346,
            21.464975854998436
          ],
          [
            39.68477332292948,
            21.467421103597232
          ],
          [
            39.68362018269457,
            21.468509981957205
          ]
        ]
      }
    },
    {
      "type": "Feature",
      "properties": {
        "channel_class": "major",
        "upstream_area_km2": 48.661,
        "source": "HydroSim D8 flow accumulation"
      },
      "geometry": {
        "type": "LineString",
        "coordinates": [
          [
            39.84227103029097,
            21.464262781534377
          ],
          [
            39.841402432536114,
            21.46426715328103
          ],
          [
            39.84023342574209,
            21.462375798206306
          ]
        ]
      }
    },
    {
      "type": "Feature",
      "properties": {
        "channel_class": "major",
        "upstream_area_km2": 11.025,
        "source": "HydroSim D8 flow accumulation"
      },
      "geometry": {
        "type": "LineString",
        "coordinates": [
          [
            39.819685901871644,
            21.464103954649882
          ],
          [
            39.81852776608812,
            21.464109626231416
          ],
          [
            39.81736056131798,
            21.462489128590764
          ]
        ]
      }
    },
    {
      "type": "Feature",
      "properties": {
        "channel_class": "drainage",
        "upstream_area_km2": 0.312,
        "source": "HydroSim D8 flow accumulation"
      },
      "geometry": {
        "type": "LineString",
        "coordinates": [
          [
            39.91667836721372,
            21.463600508915317
          ],
          [
            39.91407432747238,
            21.463885789237402
          ],
          [
            39.91349189658382,
            21.463346912843978
          ]
        ]
      }
    },
    {
      "type": "Feature",
      "properties": {
        "channel_class": "drainage",
        "upstream_area_km2": 0.59,
        "source": "HydroSim D8 flow accumulation"
      },
      "geometry": {
        "type": "LineString",
        "coordinates": [
          [
            39.69605157585858,
            21.464393107702573
          ],
          [
            39.6963449818931,
            21.46520500580193
          ],
          [
            39.69576846660185,
            21.465749484584506
          ],
          [
            39.696353996896114,
            21.467102246432013
          ],
          [
            39.694625701382485,
            21.46900671177544
          ]
        ]
      }
    },
    {
      "type": "Feature",
      "properties": {
        "channel_class": "drainage",
        "upstream_area_km2": 4.736,
        "source": "HydroSim D8 flow accumulation"
      },
      "geometry": {
        "type": "LineString",
        "coordinates": [
          [
            39.71921493241188,
            21.464295111302643
          ],
          [
            39.71863319226071,
            21.46375553402757
          ],
          [
            39.71747768526106,
            21.46430257228151
          ],
          [
            39.716324818898514,
            21.465391669234148
          ],
          [
            39.71603395120741,
            21.46512187578975
          ],
          [
            39.714019034777714,
            21.46756984030649
          ],
          [
            39.71170659981738,
            21.46839281400662
          ],
          [
            39.71083663582863,
            21.468125474969455
          ],
          [
            39.70853072599392,
            21.470303573111533
          ]
        ]
      }
    },
    {
      "type": "Feature",
      "properties": {
        "channel_class": "drainage",
        "upstream_area_km2": 0.32,
        "source": "HydroSim D8 flow accumulation"
      },
      "geometry": {
        "type": "LineString",
        "coordinates": [
          [
            39.83734587656057,
            21.463745444194025
          ],
          [
            39.837624566390566,
            21.461846816054596
          ]
        ]
      }
    },
    {
      "type": "Feature",
      "properties": {
        "channel_class": "drainage",
        "upstream_area_km2": 0.656,
        "source": "HydroSim D8 flow accumulation"
      },
      "geometry": {
        "type": "LineString",
        "coordinates": [
          [
            39.91349189658382,
            21.463346912843978
          ],
          [
            39.912608133803445,
            21.460912473610566
          ]
        ]
      }
    },
    {
      "type": "Feature",
      "properties": {
        "channel_class": "drainage",
        "upstream_area_km2": 1.495,
        "source": "HydroSim D8 flow accumulation"
      },
      "geometry": {
        "type": "LineString",
        "coordinates": [
          [
            39.65232918438757,
            21.46429829902076
          ],
          [
            39.65001282216808,
            21.464307316762824
          ],
          [
            39.64827195327825,
            21.463500947629417
          ],
          [
            39.646825429855376,
            21.46377758938093
          ],
          [
            39.64508458392556,
            21.46297118642153
          ],
          [
            39.641040463624655,
            21.465155070042456
          ],
          [
            39.63959272568492,
            21.465160612396605
          ],
          [
            39.63755410185653,
            21.46245797359042
          ],
          [
            39.63697501699733,
            21.46246017970198
          ],
          [
            39.63610991832459,
            21.463276598548706
          ],
          [
            39.63552730452525,
            21.462465686211605
          ],
          [
            39.63465867682011,
            21.462468984104156
          ],
          [
            39.63407724667437,
            21.46192910431126
          ],
          [
            39.63205279270874,
            21.46247885072225
          ],
          [
            39.63060158059295,
            21.46167120025555
          ],
          [
            39.62915852755778,
            21.46276080421173
          ]
        ]
      }
    },
    {
      "type": "Feature",
      "properties": {
        "channel_class": "drainage",
        "upstream_area_km2": 0.583,
        "source": "HydroSim D8 flow accumulation"
      },
      "geometry": {
        "type": "LineString",
        "coordinates": [
          [
            39.75280016834352,
            21.463876288797678
          ],
          [
            39.75338203088905,
            21.464415743595413
          ],
          [
            39.75395832060993,
            21.463871072347736
          ],
          [
            39.75453879192608,
            21.464139492058628
          ],
          [
            39.75626903020442,
            21.46277649197185
          ],
          [
            39.75597809660644,
            21.462506769876008
          ],
          [
            39.75655436911074,
            21.461962090064038
          ],
          [
            39.757711104220974,
            21.461685817251638
          ]
        ]
      }
    },
    {
      "type": "Feature",
      "properties": {
        "channel_class": "drainage",
        "upstream_area_km2": 0.357,
        "source": "HydroSim D8 flow accumulation"
      },
      "geometry": {
        "type": "LineString",
        "coordinates": [
          [
            39.864849696037986,
            21.463334462666307
          ],
          [
            39.864275432588116,
            21.464150526446183
          ],
          [
            39.86340684048896,
            21.464155012433327
          ],
          [
            39.86225350093684,
            21.464974057830265
          ]
        ]
      }
    },
    {
      "type": "Feature",
      "properties": {
        "channel_class": "drainage",
        "upstream_area_km2": 1.331,
        "source": "HydroSim D8 flow accumulation"
      },
      "geometry": {
        "type": "LineString",
        "coordinates": [
          [
            39.61410792003489,
            21.464171951452307
          ],
          [
            39.61497201237601,
            21.463084604489975
          ],
          [
            39.61206637672027,
            21.460655872628042
          ],
          [
            39.61263979373919,
            21.459298557302088
          ],
          [
            39.61089805049732,
            21.45822075299713
          ],
          [
            39.609163089421074,
            21.45876916599604
          ],
          [
            39.60886905023297,
            21.457686062510252
          ],
          [
            39.607707541550255,
            21.456877154863246
          ],
          [
            39.60799482675887,
            21.45633402404286
          ],
          [
            39.60741464001338,
            21.45606508774935
          ]
        ]
      }
    },
    {
      "type": "Feature",
      "properties": {
        "channel_class": "drainage",
        "upstream_area_km2": 0.589,
        "source": "HydroSim D8 flow accumulation"
      },
      "geometry": {
        "type": "LineString",
        "coordinates": [
          [
            39.70878488480488,
            21.462984437915605
          ],
          [
            39.70503912704133,
            21.46679481970644
          ],
          [
            39.705337806038024,
            21.468690835471456
          ],
          [
            39.70476000820598,
            21.468964310702336
          ]
        ]
      }
    },
    {
      "type": "Feature",
      "properties": {
        "channel_class": "drainage",
        "upstream_area_km2": 1.097,
        "source": "HydroSim D8 flow accumulation"
      },
      "geometry": {
        "type": "LineString",
        "coordinates": [
          [
            39.80635837089667,
            21.462542528161098
          ],
          [
            39.80808510204633,
            21.46063695190882
          ],
          [
            39.80866565292724,
            21.460905181237603
          ],
          [
            39.81097138362921,
            21.45899677635761
          ]
        ]
      }
    },
    {
      "type": "Feature",
      "properties": {
        "channel_class": "drainage",
        "upstream_area_km2": 0.416,
        "source": "HydroSim D8 flow accumulation"
      },
      "geometry": {
        "type": "LineString",
        "coordinates": [
          [
            39.80896415591642,
            21.46252994627904
          ],
          [
            39.80751649780701,
            21.46253694122385
          ],
          [
            39.80665088582577,
            21.463083187389195
          ],
          [
            39.80635837089667,
            21.462542528161098
          ]
        ]
      }
    },
    {
      "type": "Feature",
      "properties": {
        "channel_class": "major",
        "upstream_area_km2": 67.731,
        "source": "HydroSim D8 flow accumulation"
      },
      "geometry": {
        "type": "LineString",
        "coordinates": [
          [
            39.81736056131798,
            21.462489128590764
          ],
          [
            39.816490458833975,
            21.46222234369306
          ],
          [
            39.81677696874536,
            21.461678876291643
          ],
          [
            39.81619489180537,
            21.46113964869496
          ],
          [
            39.81474423722002,
            21.460604651533057
          ],
          [
            39.81444868667344,
            21.459521952729617
          ],
          [
            39.813868131502794,
            21.459253743589663
          ],
          [
            39.81300406643593,
            21.460071048751633
          ],
          [
            39.811839956845986,
            21.45899256361519
          ],
          [
            39.81097138362921,
            21.45899677635761
          ]
        ]
      }
    },
    {
      "type": "Feature",
      "properties": {
        "channel_class": "major",
        "upstream_area_km2": 53.363,
        "source": "HydroSim D8 flow accumulation"
      },
      "geometry": {
        "type": "LineString",
        "coordinates": [
          [
            39.84023342574209,
            21.462375798206306
          ],
          [
            39.83907220669625,
            21.46183956077822
          ],
          [
            39.837624566390566,
            21.461846816054596
          ]
        ]
      }
    },
    {
      "type": "Feature",
      "properties": {
        "channel_class": "drainage",
        "upstream_area_km2": 0.871,
        "source": "HydroSim D8 flow accumulation"
      },
      "geometry": {
        "type": "LineString",
        "coordinates": [
          [
            39.76176879605124,
            21.462480499031173
          ],
          [
            39.761473629306934,
            21.461397695042244
          ],
          [
            39.762047058618336,
            21.460310935795846
          ],
          [
            39.76117565256597,
            21.459772828958272
          ],
          [
            39.76059096896042,
            21.45869133982813
          ]
        ]
      }
    },
    {
      "type": "Feature",
      "properties": {
        "channel_class": "drainage",
        "upstream_area_km2": 0.468,
        "source": "HydroSim D8 flow accumulation"
      },
      "geometry": {
        "type": "LineString",
        "coordinates": [
          [
            39.92014076061967,
            21.461684295543048
          ],
          [
            39.918110715252006,
            21.461153392142634
          ],
          [
            39.9169475470432,
            21.460346684991958
          ]
        ]
      }
    },
    {
      "type": "Feature",
      "properties": {
        "channel_class": "drainage",
        "upstream_area_km2": 2.162,
        "source": "HydroSim D8 flow accumulation"
      },
      "geometry": {
        "type": "LineString",
        "coordinates": [
          [
            39.62915852755778,
            21.46276080421173
          ],
          [
            39.62857595366958,
            21.461949866616454
          ],
          [
            39.62712708430098,
            21.46168426199827
          ],
          [
            39.626254985992546,
            21.460874401019552
          ],
          [
            39.62567706297651,
            21.461147606283784
          ],
          [
            39.62480382055232,
            21.460066698930625
          ]
        ]
      }
    },
    {
      "type": "Feature",
      "properties": {
        "channel_class": "major",
        "upstream_area_km2": 53.973,
        "source": "HydroSim D8 flow accumulation"
      },
      "geometry": {
        "type": "LineString",
        "coordinates": [
          [
            39.837624566390566,
            21.461846816054596
          ],
          [
            39.83413943127046,
            21.459966997050866
          ]
        ]
      }
    },
    {
      "type": "Feature",
      "properties": {
        "channel_class": "drainage",
        "upstream_area_km2": 4.633,
        "source": "HydroSim D8 flow accumulation"
      },
      "geometry": {
        "type": "LineString",
        "coordinates": [
          [
            39.841098902099,
            21.46182938234926
          ],
          [
            39.84023342574209,
            21.462375798206306
          ]
        ]
      }
    },
    {
      "type": "Feature",
      "properties": {
        "channel_class": "drainage",
        "upstream_area_km2": 3.05,
        "source": "HydroSim D8 flow accumulation"
      },
      "geometry": {
        "type": "LineString",
        "coordinates": [
          [
            39.85383810278093,
            21.461764841533935
          ],
          [
            39.852975831209264,
            21.462853370582565
          ],
          [
            39.85239677323996,
            21.46285632245531
          ],
          [
            39.85123236107473,
            21.461778121971037
          ],
          [
            39.85065487996448,
            21.46205209227686
          ],
          [
            39.849188401136786,
            21.458807150743908
          ],
          [
            39.846574883660665,
            21.457465231937626
          ],
          [
            39.84512572705983,
            21.457201525576217
          ],
          [
            39.844263414662954,
            21.458290011547717
          ],
          [
            39.84252317553573,
            21.457756718296512
          ]
        ]
      }
    },
    {
      "type": "Feature",
      "properties": {
        "channel_class": "major",
        "upstream_area_km2": 13.32,
        "source": "HydroSim D8 flow accumulation"
      },
      "geometry": {
        "type": "LineString",
        "coordinates": [
          [
            39.896687784460426,
            21.4615406316992
          ],
          [
            39.89669939077265,
            21.46343778046411
          ],
          [
            39.89380246946603,
            21.463182255511672
          ],
          [
            39.89322671994387,
            21.463727391711
          ],
          [
            39.8882916071928,
            21.46158542914071
          ],
          [
            39.88625674733395,
            21.460241068820444
          ],
          [
            39.88567934231449,
            21.46051515767821
          ],
          [
            39.88509702578284,
            21.459976178075856
          ],
          [
            39.883358267333946,
            21.459714337760786
          ]
        ]
      }
    },
    {
      "type": "Feature",
      "properties": {
        "channel_class": "drainage",
        "upstream_area_km2": 0.762,
        "source": "HydroSim D8 flow accumulation"
      },
      "geometry": {
        "type": "LineString",
        "coordinates": [
          [
            39.68330030233158,
            21.462006321693863
          ],
          [
            39.68215223796925,
            21.464179330833044
          ],
          [
            39.679844692540094,
            21.46608600897068
          ],
          [
            39.67840573980455,
            21.467989135023238
          ]
        ]
      }
    },
    {
      "type": "Feature",
      "properties": {
        "channel_class": "drainage",
        "upstream_area_km2": 2.092,
        "source": "HydroSim D8 flow accumulation"
      },
      "geometry": {
        "type": "LineString",
        "coordinates": [
          [
            39.701830747064136,
            21.461929601884684
          ],
          [
            39.70154639837903,
            21.463014953189802
          ],
          [
            39.70212937284768,
            21.46382562587994
          ],
          [
            39.70155547969863,
            21.46491219220444
          ],
          [
            39.70213976063567,
            21.465993898522512
          ],
          [
            39.70128668871835,
            21.46924995137843
          ]
        ]
      }
    },
    {
      "type": "Feature",
      "properties": {
        "channel_class": "drainage",
        "upstream_area_km2": 2.185,
        "source": "HydroSim D8 flow accumulation"
      },
      "geometry": {
        "type": "LineString",
        "coordinates": [
          [
            39.757711104220974,
            21.461685817251638
          ],
          [
            39.758288769011806,
            21.46141216249604
          ],
          [
            39.758856610350996,
            21.459241290239397
          ],
          [
            39.760014724374294,
            21.459236032935785
          ],
          [
            39.76059096896042,
            21.45869133982813
          ]
        ]
      }
    },
    {
      "type": "Feature",
      "properties": {
        "channel_class": "drainage",
        "upstream_area_km2": 0.494,
        "source": "HydroSim D8 flow accumulation"
      },
      "geometry": {
        "type": "LineString",
        "coordinates": [
          [
            39.77566213573225,
            21.461603542291623
          ],
          [
            39.77507877225803,
            21.460793137195985
          ],
          [
            39.77420731775528,
            21.460255099795525
          ],
          [
            39.773919219121424,
            21.460527469324713
          ],
          [
            39.77188537262648,
            21.45918168343067
          ]
        ]
      }
    },
    {
      "type": "Feature",
      "properties": {
        "channel_class": "drainage",
        "upstream_area_km2": 4.718,
        "source": "HydroSim D8 flow accumulation"
      },
      "geometry": {
        "type": "LineString",
        "coordinates": [
          [
            39.912608133803445,
            21.460912473610566
          ],
          [
            39.91231692654586,
            21.460643032737707
          ]
        ]
      }
    },
    {
      "type": "Feature",
      "properties": {
        "channel_class": "drainage",
        "upstream_area_km2": 0.257,
        "source": "HydroSim D8 flow accumulation"
      },
      "geometry": {
        "type": "LineString",
        "coordinates": [
          [
            39.842252341303585,
            21.461010479438187
          ],
          [
            39.841098902099,
            21.46182938234926
          ]
        ]
      }
    },
    {
      "type": "Feature",
      "properties": {
        "channel_class": "drainage",
        "upstream_area_km2": 0.264,
        "source": "HydroSim D8 flow accumulation"
      },
      "geometry": {
        "type": "LineString",
        "coordinates": [
          [
            39.85383336664453,
            21.460951768329245
          ],
          [
            39.85383810278093,
            21.461764841533935
          ]
        ]
      }
    },
    {
      "type": "Feature",
      "properties": {
        "channel_class": "major",
        "upstream_area_km2": 6.304,
        "source": "HydroSim D8 flow accumulation"
      },
      "geometry": {
        "type": "LineString",
        "coordinates": [
          [
            39.91231692654586,
            21.460643032737707
          ],
          [
            39.91086932645845,
            21.460650921423984
          ],
          [
            39.90999571873592,
            21.459842587642612
          ],
          [
            39.90941836292129,
            21.46011675685396
          ],
          [
            39.90854644589348,
            21.459579435510502
          ],
          [
            39.90739172825258,
            21.460127762137912
          ],
          [
            39.907100531835226,
            21.459858311763664
          ],
          [
            39.906524846170925,
            21.460403491762886
          ],
          [
            39.90535504950902,
            21.458512618637332
          ],
          [
            39.9047776895076,
            21.458786771994802
          ],
          [
            39.90332676477059,
            21.458252553030942
          ],
          [
            39.9021753721794,
            21.459342885937204
          ],
          [
            39.90130515117094,
            21.45907654671503
          ],
          [
            39.89784753626703,
            21.46180544087078
          ],
          [
            39.896687784460426,
            21.4615406316992
          ]
        ]
      }
    },
    {
      "type": "Feature",
      "properties": {
        "channel_class": "drainage",
        "upstream_area_km2": 0.494,
        "source": "HydroSim D8 flow accumulation"
      },
      "geometry": {
        "type": "LineString",
        "coordinates": [
          [
            39.880757467634346,
            21.460541144280008
          ],
          [
            39.87901220791046,
            21.459195168260393
          ],
          [
            39.87813553153776,
            21.45784461603569
          ]
        ]
      }
    },
    {
      "type": "Feature",
      "properties": {
        "channel_class": "drainage",
        "upstream_area_km2": 0.332,
        "source": "HydroSim D8 flow accumulation"
      },
      "geometry": {
        "type": "LineString",
        "coordinates": [
          [
            39.89031168815516,
            21.460490567450815
          ],
          [
            39.88828503766346,
            21.460501341454986
          ],
          [
            39.885669517690594,
            21.45888902473474
          ]
        ]
      }
    },
    {
      "type": "Feature",
      "properties": {
        "channel_class": "drainage",
        "upstream_area_km2": 4.058,
        "source": "HydroSim D8 flow accumulation"
      },
      "geometry": {
        "type": "LineString",
        "coordinates": [
          [
            39.9169475470432,
            21.460346684991958
          ],
          [
            39.91550333707257,
            21.460896653439598
          ],
          [
            39.914338494122156,
            21.45981890753965
          ],
          [
            39.912608133803445,
            21.460912473610566
          ]
        ]
      }
    },
    {
      "type": "Feature",
      "properties": {
        "channel_class": "drainage",
        "upstream_area_km2": 1.792,
        "source": "HydroSim D8 flow accumulation"
      },
      "geometry": {
        "type": "LineString",
        "coordinates": [
          [
            39.79592491015596,
            21.460695251358402
          ],
          [
            39.794462577504994,
            21.45799184763558
          ],
          [
            39.79127781616539,
            21.458006940855352
          ],
          [
            39.789258443972265,
            21.459371658526067
          ],
          [
            39.787231756360946,
            21.45938120785995
          ],
          [
            39.78664979388926,
            21.458841873637944
          ],
          [
            39.78693059108683,
            21.457214337606867
          ],
          [
            39.78605766391261,
            21.456405333227853
          ],
          [
            39.78576233300781,
            21.45532257636279
          ],
          [
            39.78459990625033,
            21.454514923005892
          ],
          [
            39.786038776424704,
            21.45288195322175
          ],
          [
            39.786035871000195,
            21.45233989462627
          ]
        ]
      }
    },
    {
      "type": "Feature",
      "properties": {
        "channel_class": "major",
        "upstream_area_km2": 56.267,
        "source": "HydroSim D8 flow accumulation"
      },
      "geometry": {
        "type": "LineString",
        "coordinates": [
          [
            39.83413943127046,
            21.459966997050866
          ],
          [
            39.83355729970155,
            21.4594278316007
          ],
          [
            39.83269026812973,
            21.45970318311245
          ],
          [
            39.832687189203874,
            21.459161131225052
          ],
          [
            39.83152448449018,
            21.45835381342504
          ],
          [
            39.830076875812956,
            21.458361002276547
          ],
          [
            39.83007380676062,
            21.457818949941664
          ],
          [
            39.82920064589305,
            21.45701017837438
          ],
          [
            39.827754579788625,
            21.45728837305025
          ],
          [
            39.82514432421349,
            21.45648816501218
          ],
          [
            39.82225825846295,
            21.458128578980777
          ],
          [
            39.819384246704224,
            21.461937159384263
          ],
          [
            39.81736056131798,
            21.462489128590764
          ]
        ]
      }
    },
    {
      "type": "Feature",
      "properties": {
        "channel_class": "major",
        "upstream_area_km2": 16.046,
        "source": "HydroSim D8 flow accumulation"
      },
      "geometry": {
        "type": "LineString",
        "coordinates": [
          [
            39.883358267333946,
            21.459714337760786
          ],
          [
            39.88103395907855,
            21.458371439624678
          ],
          [
            39.87813390820453,
            21.45757359326216
          ]
        ]
      }
    },
    {
      "type": "Feature",
      "properties": {
        "channel_class": "drainage",
        "upstream_area_km2": 2.594,
        "source": "HydroSim D8 flow accumulation"
      },
      "geometry": {
        "type": "LineString",
        "coordinates": [
          [
            39.88364452041115,
            21.4591707640706
          ],
          [
            39.883358267333946,
            21.459714337760786
          ]
        ]
      }
    },
    {
      "type": "Feature",
      "properties": {
        "channel_class": "drainage",
        "upstream_area_km2": 3.612,
        "source": "HydroSim D8 flow accumulation"
      },
      "geometry": {
        "type": "LineString",
        "coordinates": [
          [
            39.62480382055232,
            21.460066698930625
          ],
          [
            39.624222435523734,
            21.459526783608535
          ]
        ]
      }
    },
    {
      "type": "Feature",
      "properties": {
        "channel_class": "major",
        "upstream_area_km2": 6.205,
        "source": "HydroSim D8 flow accumulation"
      },
      "geometry": {
        "type": "LineString",
        "coordinates": [
          [
            39.76696481902126,
            21.459475351097463
          ],
          [
            39.766090568272986,
            21.458395209442003
          ],
          [
            39.764357648807454,
            21.459216246659082
          ],
          [
            39.763193892351104,
            21.45813741174279
          ],
          [
            39.762035787863745,
            21.45814269079659
          ],
          [
            39.7605825326125,
            21.457065155265347
          ]
        ]
      }
    },
    {
      "type": "Feature",
      "properties": {
        "channel_class": "drainage",
        "upstream_area_km2": 1.731,
        "source": "HydroSim D8 flow accumulation"
      },
      "geometry": {
        "type": "LineString",
        "coordinates": [
          [
            39.885669517690594,
            21.45888902473474
          ],
          [
            39.88364452041115,
            21.4591707640706
          ]
        ]
      }
    },
    {
      "type": "Feature",
      "properties": {
        "channel_class": "drainage",
        "upstream_area_km2": 1.41,
        "source": "HydroSim D8 flow accumulation"
      },
      "geometry": {
        "type": "LineString",
        "coordinates": [
          [
            39.77188537262648,
            21.45918168343067
          ],
          [
            39.77014535932094,
            21.458647629379012
          ],
          [
            39.76899151772137,
            21.459466047237385
          ],
          [
            39.76696481902126,
            21.459475351097463
          ]
        ]
      }
    },
    {
      "type": "Feature",
      "properties": {
        "channel_class": "drainage",
        "upstream_area_km2": 0.53,
        "source": "HydroSim D8 flow accumulation"
      },
      "geometry": {
        "type": "LineString",
        "coordinates": [
          [
            39.777965446177866,
            21.459153519751336
          ],
          [
            39.775358268137765,
            21.45889458716979
          ],
          [
            39.77449255151774,
            21.45944067016294
          ],
          [
            39.77390777265984,
            21.458359230434294
          ],
          [
            39.773333010087214,
            21.459174997831212
          ],
          [
            39.77275109792602,
            21.45863561366753
          ],
          [
            39.77188537262648,
            21.45918168343067
          ]
        ]
      }
    },
    {
      "type": "Feature",
      "properties": {
        "channel_class": "major",
        "upstream_area_km2": 68.882,
        "source": "HydroSim D8 flow accumulation"
      },
      "geometry": {
        "type": "LineString",
        "coordinates": [
          [
            39.81097138362921,
            21.45899677635761
          ],
          [
            39.810960889236874,
            21.457099584068143
          ]
        ]
      }
    },
    {
      "type": "Feature",
      "properties": {
        "channel_class": "major",
        "upstream_area_km2": 296.703,
        "source": "HydroSim D8 flow accumulation"
      },
      "geometry": {
        "type": "LineString",
        "coordinates": [
          [
            39.624222435523734,
            21.459526783608535
          ],
          [
            39.62363413728428,
            21.45736063442878
          ],
          [
            39.62190038725727,
            21.45818021688791
          ],
          [
            39.62102833845189,
            21.45737032711773
          ]
        ]
      }
    },
    {
      "type": "Feature",
      "properties": {
        "channel_class": "drainage",
        "upstream_area_km2": 1.319,
        "source": "HydroSim D8 flow accumulation"
      },
      "geometry": {
        "type": "LineString",
        "coordinates": [
          [
            39.64477954233779,
            21.459448816522247
          ],
          [
            39.64390736275342,
            21.458639049444557
          ],
          [
            39.641012016741826,
            21.458650168044315
          ],
          [
            39.64013986228571,
            21.4578403806088
          ],
          [
            39.639272444572754,
            21.458114739575628
          ],
          [
            39.63840030273731,
            21.457304942701327
          ],
          [
            39.63637357697993,
            21.45731266381354
          ],
          [
            39.635796863022605,
            21.457856941337095
          ],
          [
            39.63347942396223,
            21.457594689517617
          ],
          [
            39.63290269789918,
            21.458138957338555
          ],
          [
            39.63203059016402,
            21.457329126393898
          ],
          [
            39.6302992203545,
            21.458690871240695
          ],
          [
            39.63001317922705,
            21.459505076572785
          ],
          [
            39.62943061413639,
            21.45869414143951
          ],
          [
            39.62711317071832,
            21.458431801502037
          ],
          [
            39.625094514672305,
            21.460336655781923
          ],
          [
            39.62480382055232,
            21.460066698930625
          ]
        ]
      }
    },
    {
      "type": "Feature",
      "properties": {
        "channel_class": "drainage",
        "upstream_area_km2": 3.082,
        "source": "HydroSim D8 flow accumulation"
      },
      "geometry": {
        "type": "LineString",
        "coordinates": [
          [
            39.76059096896042,
            21.45869133982813
          ],
          [
            39.7605825326125,
            21.457065155265347
          ]
        ]
      }
    },
    {
      "type": "Feature",
      "properties": {
        "channel_class": "drainage",
        "upstream_area_km2": 0.257,
        "source": "HydroSim D8 flow accumulation"
      },
      "geometry": {
        "type": "LineString",
        "coordinates": [
          [
            39.87784763721121,
            21.45811715821751
          ],
          [
            39.87813553153776,
            21.45784461603569
          ]
        ]
      }
    },
    {
      "type": "Feature",
      "properties": {
        "channel_class": "drainage",
        "upstream_area_km2": 0.753,
        "source": "HydroSim D8 flow accumulation"
      },
      "geometry": {
        "type": "LineString",
        "coordinates": [
          [
            39.87813553153776,
            21.45784461603569
          ],
          [
            39.87813390820453,
            21.45757359326216
          ]
        ]
      }
    },
    {
      "type": "Feature",
      "properties": {
        "channel_class": "drainage",
        "upstream_area_km2": 0.428,
        "source": "HydroSim D8 flow accumulation"
      },
      "geometry": {
        "type": "LineString",
        "coordinates": [
          [
            39.67604557581467,
            21.458512268544823
          ],
          [
            39.676024331729295,
            21.453904659018967
          ]
        ]
      }
    },
    {
      "type": "Feature",
      "properties": {
        "channel_class": "drainage",
        "upstream_area_km2": 2.415,
        "source": "HydroSim D8 flow accumulation"
      },
      "geometry": {
        "type": "LineString",
        "coordinates": [
          [
            39.73655740038397,
            21.458256802152192
          ],
          [
            39.733955717405294,
            21.459081351125327
          ],
          [
            39.733671613194446,
            21.460166750588378
          ],
          [
            39.7316516522154,
            21.461530789134926
          ],
          [
            39.727305937244275,
            21.461007662942855
          ],
          [
            39.72614914322994,
            21.461283727000936
          ],
          [
            39.72499636625002,
            21.462372881638828
          ],
          [
            39.72209966036458,
            21.46211437260377
          ],
          [
            39.7209361815705,
            21.461035235773725
          ],
          [
            39.7209295169454,
            21.459680070184984
          ],
          [
            39.72005692743175,
            21.458870711453784
          ],
          [
            39.71890146398737,
            21.459417758634615
          ],
          [
            39.71803154185731,
            21.45915045562009
          ],
          [
            39.71688004447057,
            21.460510589169083
          ],
          [
            39.71717090425082,
            21.460780381501234
          ],
          [
            39.71601673848396,
            21.461598442718984
          ],
          [
            39.71602335834567,
            21.462953609461746
          ],
          [
            39.71544824989484,
            21.46376918730536
          ],
          [
            39.714291409295036,
            21.4640451704988
          ],
          [
            39.71196718173866,
            21.462428844829734
          ],
          [
            39.71052737521594,
            21.464061202182847
          ],
          [
            39.71053525920776,
            21.465687403718672
          ],
          [
            39.709958796328195,
            21.466231929995082
          ],
          [
            39.70937839325331,
            21.46596335354149
          ],
          [
            39.70764374009245,
            21.46651278033337
          ],
          [
            39.707356810347754,
            21.467056072602062
          ],
          [
            39.707941142519296,
            21.46813775696785
          ],
          [
            39.707364660364625,
            21.468682274675185
          ],
          [
            39.705627356717734,
            21.46868961400427
          ],
          [
            39.70505086360709,
            21.469234123995165
          ]
        ]
      }
    },
    {
      "type": "Feature",
      "properties": {
        "channel_class": "drainage",
        "upstream_area_km2": 0.406,
        "source": "HydroSim D8 flow accumulation"
      },
      "geometry": {
        "type": "LineString",
        "coordinates": [
          [
            39.814439652598665,
            21.45789578944576
          ],
          [
            39.81298603067636,
            21.456818720907155
          ],
          [
            39.81212197439006,
            21.457636021449638
          ],
          [
            39.810960889236874,
            21.457099584068143
          ]
        ]
      }
    },
    {
      "type": "Feature",
      "properties": {
        "channel_class": "drainage",
        "upstream_area_km2": 4.334,
        "source": "HydroSim D8 flow accumulation"
      },
      "geometry": {
        "type": "LineString",
        "coordinates": [
          [
            39.84252317553573,
            21.457756718296512
          ],
          [
            39.84165306049355,
            21.457490064713667
          ],
          [
            39.8405027524297,
            21.458851013893735
          ],
          [
            39.84108490627731,
            21.45939015445126
          ],
          [
            39.840508968073706,
            21.459935115502837
          ],
          [
            39.841674845213774,
            21.461284419216554
          ],
          [
            39.841098902099,
            21.46182938234926
          ]
        ]
      }
    },
    {
      "type": "Feature",
      "properties": {
        "channel_class": "major",
        "upstream_area_km2": 16.845,
        "source": "HydroSim D8 flow accumulation"
      },
      "geometry": {
        "type": "LineString",
        "coordinates": [
          [
            39.87813390820453,
            21.45757359326216
          ],
          [
            39.87697097816425,
            21.456766599130972
          ],
          [
            39.87754514190553,
            21.45595049443112
          ],
          [
            39.87696287296395,
            21.455411484575954
          ]
        ]
      }
    },
    {
      "type": "Feature",
      "properties": {
        "channel_class": "drainage",
        "upstream_area_km2": 3.403,
        "source": "HydroSim D8 flow accumulation"
      },
      "geometry": {
        "type": "LineString",
        "coordinates": [
          [
            39.91924500427226,
            21.457352756728973
          ],
          [
            39.91837986090746,
            21.457899566270633
          ],
          [
            39.917812710124736,
            21.45979988230959
          ],
          [
            39.9169475470432,
            21.460346684991958
          ]
        ]
      }
    },
    {
      "type": "Feature",
      "properties": {
        "channel_class": "major",
        "upstream_area_km2": 326.199,
        "source": "HydroSim D8 flow accumulation"
      },
      "geometry": {
        "type": "LineString",
        "coordinates": [
          [
            39.614952682866274,
            21.458476941866447
          ],
          [
            39.61524108125625,
            21.458204838323876
          ]
        ]
      }
    },
    {
      "type": "Feature",
      "properties": {
        "channel_class": "drainage",
        "upstream_area_km2": 0.354,
        "source": "HydroSim D8 flow accumulation"
      },
      "geometry": {
        "type": "LineString",
        "coordinates": [
          [
            39.80691058049213,
            21.457661237547605
          ],
          [
            39.806616585078835,
            21.456849550321305
          ],
          [
            39.8086342596446,
            21.455213601108273
          ]
        ]
      }
    },
    {
      "type": "Feature",
      "properties": {
        "channel_class": "major",
        "upstream_area_km2": 350.453,
        "source": "HydroSim D8 flow accumulation"
      },
      "geometry": {
        "type": "LineString",
        "coordinates": [
          [
            39.61524108125625,
            21.458204838323876
          ],
          [
            39.61523766915103,
            21.457391721143065
          ],
          [
            39.61465632931942,
            21.456851771300407
          ],
          [
            39.61436793240977,
            21.457123873840953
          ],
          [
            39.613493662499415,
            21.45577186514408
          ],
          [
            39.610598356199176,
            21.45578245607079
          ],
          [
            39.610017039556666,
            21.455242489445528
          ],
          [
            39.60915182838845,
            21.456058772179166
          ],
          [
            39.60828098549724,
            21.455519853261634
          ],
          [
            39.60741464001338,
            21.45606508774935
          ]
        ]
      }
    },
    {
      "type": "Feature",
      "properties": {
        "channel_class": "major",
        "upstream_area_km2": 69.396,
        "source": "HydroSim D8 flow accumulation"
      },
      "geometry": {
        "type": "LineString",
        "coordinates": [
          [
            39.810960889236874,
            21.457099584068143
          ],
          [
            39.81008933206935,
            21.456561736757827
          ],
          [
            39.81066537439308,
            21.456016877025043
          ],
          [
            39.81037285994565,
            21.455476224387567
          ],
          [
            39.8086342596446,
            21.455213601108273
          ]
        ]
      }
    },
    {
      "type": "Feature",
      "properties": {
        "channel_class": "drainage",
        "upstream_area_km2": 0.462,
        "source": "HydroSim D8 flow accumulation"
      },
      "geometry": {
        "type": "LineString",
        "coordinates": [
          [
            39.74813297440526,
            21.45712128807723
          ],
          [
            39.747249205227554,
            21.454143821418985
          ]
        ]
      }
    },
    {
      "type": "Feature",
      "properties": {
        "channel_class": "major",
        "upstream_area_km2": 9.73,
        "source": "HydroSim D8 flow accumulation"
      },
      "geometry": {
        "type": "LineString",
        "coordinates": [
          [
            39.7605825326125,
            21.457065155265347
          ],
          [
            39.75970974704377,
            21.456256008998032
          ],
          [
            39.759697109057605,
            21.45381673082452
          ],
          [
            39.760843930629086,
            21.451643221682453
          ],
          [
            39.76055020065525,
            21.45083144481951
          ]
        ]
      }
    },
    {
      "type": "Feature",
      "properties": {
        "channel_class": "major",
        "upstream_area_km2": 298.327,
        "source": "HydroSim D8 flow accumulation"
      },
      "geometry": {
        "type": "LineString",
        "coordinates": [
          [
            39.62102833845189,
            21.45737032711773
          ],
          [
            39.620163177914435,
            21.458186665422133
          ],
          [
            39.61871435915757,
            21.457920986549247
          ],
          [
            39.61785032449739,
            21.459008352114147
          ],
          [
            39.616694457862565,
            21.459554703138327
          ],
          [
            39.614952682866274,
            21.458476941866447
          ]
        ]
      }
    },
    {
      "type": "Feature",
      "properties": {
        "channel_class": "drainage",
        "upstream_area_km2": 0.533,
        "source": "HydroSim D8 flow accumulation"
      },
      "geometry": {
        "type": "LineString",
        "coordinates": [
          [
            39.74436777051584,
            21.456867044326007
          ],
          [
            39.74494131199823,
            21.455780339942994
          ],
          [
            39.747249205227554,
            21.454143821418985
          ]
        ]
      }
    },
    {
      "type": "Feature",
      "properties": {
        "channel_class": "drainage",
        "upstream_area_km2": 0.484,
        "source": "HydroSim D8 flow accumulation"
      },
      "geometry": {
        "type": "LineString",
        "coordinates": [
          [
            39.915183362495455,
            21.456019877865177
          ],
          [
            39.91431990092091,
            21.456837686861416
          ],
          [
            39.91490399918086,
            21.45764758164138
          ],
          [
            39.914617866913495,
            21.458191204753895
          ],
          [
            39.91231692654586,
            21.460643032737707
          ]
        ]
      }
    },
    {
      "type": "Feature",
      "properties": {
        "channel_class": "drainage",
        "upstream_area_km2": 0.452,
        "source": "HydroSim D8 flow accumulation"
      },
      "geometry": {
        "type": "LineString",
        "coordinates": [
          [
            39.86885812112071,
            21.455724800478084
          ],
          [
            39.86885490912641,
            21.45518275343998
          ]
        ]
      }
    },
    {
      "type": "Feature",
      "properties": {
        "channel_class": "major",
        "upstream_area_km2": 6.094,
        "source": "HydroSim D8 flow accumulation"
      },
      "geometry": {
        "type": "LineString",
        "coordinates": [
          [
            39.89751984929839,
            21.45557350446913
          ],
          [
            39.89752482636939,
            21.456386568672514
          ],
          [
            39.8963684321663,
            21.456663798525284
          ],
          [
            39.89695906562954,
            21.458557845027617
          ],
          [
            39.896105424740156,
            21.461001692033758
          ],
          [
            39.896687784460426,
            21.4615406316992
          ]
        ]
      }
    },
    {
      "type": "Feature",
      "properties": {
        "channel_class": "drainage",
        "upstream_area_km2": 1.225,
        "source": "HydroSim D8 flow accumulation"
      },
      "geometry": {
        "type": "LineString",
        "coordinates": [
          [
            39.706725443942354,
            21.456217164192463
          ],
          [
            39.705286940306195,
            21.45812051167729
          ],
          [
            39.70326803210161,
            21.459755248550024
          ],
          [
            39.70356146763527,
            21.460567133600843
          ],
          [
            39.701830747064136,
            21.461929601884684
          ]
        ]
      }
    },
    {
      "type": "Feature",
      "properties": {
        "channel_class": "major",
        "upstream_area_km2": 17.613,
        "source": "HydroSim D8 flow accumulation"
      },
      "geometry": {
        "type": "LineString",
        "coordinates": [
          [
            39.87696287296395,
            21.455411484575954
          ],
          [
            39.8746467727523,
            21.45542360818084
          ],
          [
            39.87378308014234,
            21.45624121572122
          ],
          [
            39.87117261938402,
            21.455441733489835
          ],
          [
            39.8694371484107,
            21.45572179257294
          ],
          [
            39.86885490912641,
            21.45518275343998
          ]
        ]
      }
    },
    {
      "type": "Feature",
      "properties": {
        "channel_class": "drainage",
        "upstream_area_km2": 0.328,
        "source": "HydroSim D8 flow accumulation"
      },
      "geometry": {
        "type": "LineString",
        "coordinates": [
          [
            39.87869994705185,
            21.455402370837945
          ],
          [
            39.878124168741415,
            21.45594745643429
          ],
          [
            39.87696287296395,
            21.455411484575954
          ]
        ]
      }
    },
    {
      "type": "Feature",
      "properties": {
        "channel_class": "major",
        "upstream_area_km2": 353.806,
        "source": "HydroSim D8 flow accumulation"
      },
      "geometry": {
        "type": "LineString",
        "coordinates": [
          [
            39.59641353475638,
            21.45637570762386
          ],
          [
            39.59351711027158,
            21.45611496307963
          ],
          [
            39.594669743204776,
            21.454755650039303
          ],
          [
            39.593508333878646,
            21.45394664116346
          ],
          [
            39.59437032661976,
            21.45231731655967
          ],
          [
            39.59262879689453,
            21.45123931609144
          ],
          [
            39.59291393678168,
            21.45015412891632
          ]
        ]
      }
    },
    {
      "type": "Feature",
      "properties": {
        "channel_class": "drainage",
        "upstream_area_km2": 0.253,
        "source": "HydroSim D8 flow accumulation"
      },
      "geometry": {
        "type": "LineString",
        "coordinates": [
          [
            39.70672413757131,
            21.45594613009467
          ],
          [
            39.706725443942354,
            21.456217164192463
          ]
        ]
      }
    },
    {
      "type": "Feature",
      "properties": {
        "channel_class": "major",
        "upstream_area_km2": 18.62,
        "source": "HydroSim D8 flow accumulation"
      },
      "geometry": {
        "type": "LineString",
        "coordinates": [
          [
            39.86885490912641,
            21.45518275343998
          ],
          [
            39.86565746910361,
            21.45303107031444
          ],
          [
            39.86449783677552,
            21.45276603333375
          ],
          [
            39.864494641383516,
            21.452223985476962
          ],
          [
            39.86333182632447,
            21.451416892050336
          ],
          [
            39.86419076107051,
            21.44978626491468
          ]
        ]
      }
    },
    {
      "type": "Feature",
      "properties": {
        "channel_class": "drainage",
        "upstream_area_km2": 1.022,
        "source": "HydroSim D8 flow accumulation"
      },
      "geometry": {
        "type": "LineString",
        "coordinates": [
          [
            39.910833966288784,
            21.454959494243287
          ],
          [
            39.910258313531415,
            21.45550468623487
          ],
          [
            39.908805723920594,
            21.454699493566643
          ],
          [
            39.906489655087185,
            21.454712057534717
          ],
          [
            39.90590728882927,
            21.454173151872297
          ],
          [
            39.905040438408044,
            21.45444887285531
          ],
          [
            39.90416857105607,
            21.45391152657887
          ],
          [
            39.901862513272285,
            21.455550152633144
          ],
          [
            39.90070447012171,
            21.455556390807224
          ],
          [
            39.900128776039885,
            21.45610154931278
          ],
          [
            39.89925691559422,
            21.455564177256612
          ],
          [
            39.89751984929839,
            21.45557350446913
          ]
        ]
      }
    },
    {
      "type": "Feature",
      "properties": {
        "channel_class": "major",
        "upstream_area_km2": 351.893,
        "source": "HydroSim D8 flow accumulation"
      },
      "geometry": {
        "type": "LineString",
        "coordinates": [
          [
            39.60741464001338,
            21.45606508774935
          ],
          [
            39.60596362224243,
            21.45525721815058
          ]
        ]
      }
    },
    {
      "type": "Feature",
      "properties": {
        "channel_class": "major",
        "upstream_area_km2": 69.882,
        "source": "HydroSim D8 flow accumulation"
      },
      "geometry": {
        "type": "LineString",
        "coordinates": [
          [
            39.8086342596446,
            21.455213601108273
          ],
          [
            39.808052238164784,
            21.454674343008932
          ],
          [
            39.80833279015607,
            21.453046777889114
          ],
          [
            39.80717026311863,
            21.452239284429663
          ]
        ]
      }
    },
    {
      "type": "Feature",
      "properties": {
        "channel_class": "drainage",
        "upstream_area_km2": 0.319,
        "source": "HydroSim D8 flow accumulation"
      },
      "geometry": {
        "type": "LineString",
        "coordinates": [
          [
            39.677768987583285,
            21.455523846639096
          ],
          [
            39.676024331729295,
            21.453904659018967
          ]
        ]
      }
    },
    {
      "type": "Feature",
      "properties": {
        "channel_class": "drainage",
        "upstream_area_km2": 1.067,
        "source": "HydroSim D8 flow accumulation"
      },
      "geometry": {
        "type": "LineString",
        "coordinates": [
          [
            39.846559235132155,
            21.454754981094997
          ],
          [
            39.84598959058292,
            21.456384060561234
          ],
          [
            39.84425248987999,
            21.456392835102893
          ],
          [
            39.84252317553573,
            21.457756718296512
          ]
        ]
      }
    },
    {
      "type": "Feature",
      "properties": {
        "channel_class": "drainage",
        "upstream_area_km2": 4.866,
        "source": "HydroSim D8 flow accumulation"
      },
      "geometry": {
        "type": "LineString",
        "coordinates": [
          [
            39.898092231492654,
            21.454486311844637
          ],
          [
            39.897514872462274,
            21.454760440185687
          ],
          [
            39.89751984929839,
            21.45557350446913
          ]
        ]
      }
    },
    {
      "type": "Feature",
      "properties": {
        "channel_class": "drainage",
        "upstream_area_km2": 0.44,
        "source": "HydroSim D8 flow accumulation"
      },
      "geometry": {
        "type": "LineString",
        "coordinates": [
          [
            39.75651800523782,
            21.454915284134433
          ],
          [
            39.75651101389044,
            21.453560128461266
          ],
          [
            39.75881733618635,
            21.451652423654192
          ],
          [
            39.76055020065525,
            21.45083144481951
          ]
        ]
      }
    },
    {
      "type": "Feature",
      "properties": {
        "channel_class": "major",
        "upstream_area_km2": 352.994,
        "source": "HydroSim D8 flow accumulation"
      },
      "geometry": {
        "type": "LineString",
        "coordinates": [
          [
            39.60596362224243,
            21.45525721815058
          ],
          [
            39.604801030774496,
            21.454177249565703
          ],
          [
            39.6033567368927,
            21.45499559501041
          ],
          [
            39.601909088898715,
            21.45500080885412
          ],
          [
            39.60046699014169,
            21.456361209544816
          ],
          [
            39.599306644738604,
            21.455823282035716
          ],
          [
            39.59785898749544,
            21.45582846103001
          ],
          [
            39.596993703585795,
            21.456644682500965
          ],
          [
            39.59641353475638,
            21.45637570762386
          ]
        ]
      }
    },
    {
      "type": "Feature",
      "properties": {
        "channel_class": "drainage",
        "upstream_area_km2": 0.358,
        "source": "HydroSim D8 flow accumulation"
      },
      "geometry": {
        "type": "LineString",
        "coordinates": [
          [
            39.8042870400913,
            21.45442144895572
          ],
          [
            39.8051540994729,
            21.454146243780585
          ],
          [
            39.80572866240923,
            21.453330372637396
          ],
          [
            39.80659720318935,
            21.453326188163246
          ],
          [
            39.80717026311863,
            21.452239284429663
          ]
        ]
      }
    },
    {
      "type": "Feature",
      "properties": {
        "channel_class": "drainage",
        "upstream_area_km2": 0.66,
        "source": "HydroSim D8 flow accumulation"
      },
      "geometry": {
        "type": "LineString",
        "coordinates": [
          [
            39.69021350014808,
            21.45438881267701
          ],
          [
            39.6896306294312,
            21.453578094757884
          ],
          [
            39.69020329486245,
            21.45222053151711
          ],
          [
            39.689040124711475,
            21.45114116302539
          ],
          [
            39.68817284527431,
            21.4514157723194
          ],
          [
            39.686136077746546,
            21.449255810377768
          ]
        ]
      }
    },
    {
      "type": "Feature",
      "properties": {
        "channel_class": "drainage",
        "upstream_area_km2": 0.64,
        "source": "HydroSim D8 flow accumulation"
      },
      "geometry": {
        "type": "LineString",
        "coordinates": [
          [
            39.702662986695685,
            21.45433699578512
          ],
          [
            39.702094323712565,
            21.456507701529368
          ],
          [
            39.70240202978932,
            21.46030096619587
          ],
          [
            39.70182555637309,
            21.460845465035842
          ],
          [
            39.701830747064136,
            21.461929601884684
          ]
        ]
      }
    },
    {
      "type": "Feature",
      "properties": {
        "channel_class": "drainage",
        "upstream_area_km2": 1.07,
        "source": "HydroSim D8 flow accumulation"
      },
      "geometry": {
        "type": "LineString",
        "coordinates": [
          [
            39.747249205227554,
            21.454143821418985
          ],
          [
            39.74781995084266,
            21.452515044288894
          ]
        ]
      }
    },
    {
      "type": "Feature",
      "properties": {
        "channel_class": "drainage",
        "upstream_area_km2": 0.418,
        "source": "HydroSim D8 flow accumulation"
      },
      "geometry": {
        "type": "LineString",
        "coordinates": [
          [
            39.731613781508976,
            21.45394187751849
          ],
          [
            39.73217252417303,
            21.44987385405896
          ]
        ]
      }
    },
    {
      "type": "Feature",
      "properties": {
        "channel_class": "drainage",
        "upstream_area_km2": 0.765,
        "source": "HydroSim D8 flow accumulation"
      },
      "geometry": {
        "type": "LineString",
        "coordinates": [
          [
            39.676024331729295,
            21.453904659018967
          ],
          [
            39.67515326607893,
            21.45336609389033
          ]
        ]
      }
    },
    {
      "type": "Feature",
      "properties": {
        "channel_class": "drainage",
        "upstream_area_km2": 0.352,
        "source": "HydroSim D8 flow accumulation"
      },
      "geometry": {
        "type": "LineString",
        "coordinates": [
          [
            39.65488787000096,
            21.453717675433662
          ],
          [
            39.653434210541164,
            21.45236814875773
          ],
          [
            39.65343058771041,
            21.451555037041558
          ],
          [
            39.65284913474012,
            21.451015222437086
          ]
        ]
      }
    },
    {
      "type": "Feature",
      "properties": {
        "channel_class": "drainage",
        "upstream_area_km2": 0.703,
        "source": "HydroSim D8 flow accumulation"
      },
      "geometry": {
        "type": "LineString",
        "coordinates": [
          [
            39.69484201879341,
            21.453556535589545
          ],
          [
            39.69454607905675,
            21.45220256303178
          ],
          [
            39.69163683050625,
            21.44923316793416
          ]
        ]
      }
    },
    {
      "type": "Feature",
      "properties": {
        "channel_class": "drainage",
        "upstream_area_km2": 0.313,
        "source": "HydroSim D8 flow accumulation"
      },
      "geometry": {
        "type": "LineString",
        "coordinates": [
          [
            39.84539024360464,
            21.452863659627038
          ],
          [
            39.84568131636214,
            21.453133221962847
          ],
          [
            39.84510541954691,
            21.453678197874353
          ],
          [
            39.846559235132155,
            21.454754981094997
          ]
        ]
      }
    },
    {
      "type": "Feature",
      "properties": {
        "channel_class": "major",
        "upstream_area_km2": 292.905,
        "source": "HydroSim D8 flow accumulation"
      },
      "geometry": {
        "type": "LineString",
        "coordinates": [
          [
            39.627960881424364,
            21.453549851055225
          ],
          [
            39.62710737416737,
            21.457076609253136
          ],
          [
            39.624222435523734,
            21.459526783608535
          ]
        ]
      }
    },
    {
      "type": "Feature",
      "properties": {
        "channel_class": "major",
        "upstream_area_km2": 7.662,
        "source": "HydroSim D8 flow accumulation"
      },
      "geometry": {
        "type": "LineString",
        "coordinates": [
          [
            39.67515326607893,
            21.45336609389033
          ],
          [
            39.67457422150092,
            21.453368429218262
          ],
          [
            39.67255502336593,
            21.455002803777496
          ],
          [
            39.66936776549361,
            21.454473502217606
          ],
          [
            39.66417350405869,
            21.458288780008335
          ],
          [
            39.662141878806,
            21.457212667363216
          ],
          [
            39.66098864384147,
            21.45830139330565
          ],
          [
            39.657802565223356,
            21.458042909183938
          ],
          [
            39.65520403952685,
            21.459679355841725
          ],
          [
            39.654621336873,
            21.45886851196106
          ],
          [
            39.653753942394395,
            21.459142945452676
          ],
          [
            39.65084656005632,
            21.456443862811092
          ],
          [
            39.6499599502369,
            21.452381679149745
          ]
        ]
      }
    },
    {
      "type": "Feature",
      "properties": {
        "channel_class": "drainage",
        "upstream_area_km2": 0.328,
        "source": "HydroSim D8 flow accumulation"
      },
      "geometry": {
        "type": "LineString",
        "coordinates": [
          [
            39.78777440487411,
            21.452602755140372
          ],
          [
            39.786035871000195,
            21.45233989462627
          ]
        ]
      }
    },
    {
      "type": "Feature",
      "properties": {
        "channel_class": "drainage",
        "upstream_area_km2": 0.895,
        "source": "HydroSim D8 flow accumulation"
      },
      "geometry": {
        "type": "LineString",
        "coordinates": [
          [
            39.83959693921349,
            21.452350761324805
          ],
          [
            39.83873616206454,
            21.45371024554617
          ],
          [
            39.83931983984492,
            21.4545204191052
          ],
          [
            39.839036529684094,
            21.45560597370042
          ],
          [
            39.837884661927056,
            21.456695879834047
          ],
          [
            39.83701610802551,
            21.456700227346673
          ],
          [
            39.8367343238698,
            21.45805680416678
          ],
          [
            39.83500646138402,
            21.459691638073743
          ],
          [
            39.83413943127046,
            21.459966997050866
          ]
        ]
      }
    },
    {
      "type": "Feature",
      "properties": {
        "channel_class": "drainage",
        "upstream_area_km2": 0.268,
        "source": "HydroSim D8 flow accumulation"
      },
      "geometry": {
        "type": "LineString",
        "coordinates": [
          [
            39.85638843292197,
            21.45226566794267
          ],
          [
            39.85782963030925,
            21.451174155718967
          ]
        ]
      }
    },
    {
      "type": "Feature",
      "properties": {
        "channel_class": "major",
        "upstream_area_km2": 27.91,
        "source": "HydroSim D8 flow accumulation"
      },
      "geometry": {
        "type": "LineString",
        "coordinates": [
          [
            39.6288271329768,
            21.453004512219685
          ],
          [
            39.627960881424364,
            21.453549851055225
          ]
        ]
      }
    },
    {
      "type": "Feature",
      "properties": {
        "channel_class": "drainage",
        "upstream_area_km2": 4.546,
        "source": "HydroSim D8 flow accumulation"
      },
      "geometry": {
        "type": "LineString",
        "coordinates": [
          [
            39.6763088550773,
            21.452819345344324
          ],
          [
            39.67515326607893,
            21.45336609389033
          ]
        ]
      }
    },
    {
      "type": "Feature",
      "properties": {
        "channel_class": "drainage",
        "upstream_area_km2": 0.605,
        "source": "HydroSim D8 flow accumulation"
      },
      "geometry": {
        "type": "LineString",
        "coordinates": [
          [
            39.71134076423528,
            21.45267409255384
          ],
          [
            39.71104993141711,
            21.45240428908187
          ],
          [
            39.7090324768729,
            21.454310126695464
          ],
          [
            39.70903771910835,
            21.45539426270297
          ],
          [
            39.708461289778725,
            21.455938783519333
          ],
          [
            39.706725443942354,
            21.456217164192463
          ]
        ]
      }
    },
    {
      "type": "Feature",
      "properties": {
        "channel_class": "drainage",
        "upstream_area_km2": 1.727,
        "source": "HydroSim D8 flow accumulation"
      },
      "geometry": {
        "type": "LineString",
        "coordinates": [
          [
            39.74781995084266,
            21.452515044288894
          ],
          [
            39.75012498803248,
            21.450336424553452
          ],
          [
            39.752448032340965,
            21.45168118438886
          ],
          [
            39.75389142268975,
            21.450861574956352
          ]
        ]
      }
    },
    {
      "type": "Feature",
      "properties": {
        "channel_class": "drainage",
        "upstream_area_km2": 2.309,
        "source": "HydroSim D8 flow accumulation"
      },
      "geometry": {
        "type": "LineString",
        "coordinates": [
          [
            39.786035871000195,
            21.45233989462627
          ],
          [
            39.78603296566712,
            21.451797835995325
          ],
          [
            39.78516007657198,
            21.450988825276877
          ],
          [
            39.784581055613174,
            21.45099154096944
          ],
          [
            39.78399479069329,
            21.449639107134985
          ],
          [
            39.78283241938644,
            21.448831439283477
          ]
        ]
      }
    },
    {
      "type": "Feature",
      "properties": {
        "channel_class": "major",
        "upstream_area_km2": 70.264,
        "source": "HydroSim D8 flow accumulation"
      },
      "geometry": {
        "type": "LineString",
        "coordinates": [
          [
            39.80717026311863,
            21.452239284429663
          ],
          [
            39.8065867684292,
            21.451428992534062
          ]
        ]
      }
    },
    {
      "type": "Feature",
      "properties": {
        "channel_class": "drainage",
        "upstream_area_km2": 0.38,
        "source": "HydroSim D8 flow accumulation"
      },
      "geometry": {
        "type": "LineString",
        "coordinates": [
          [
            39.810065375659484,
            21.452225294389972
          ],
          [
            39.80890135132332,
            21.45114678515779
          ],
          [
            39.80861333655086,
            21.45141921218162
          ],
          [
            39.80774182206883,
            21.450881350946617
          ],
          [
            39.80687776937584,
            21.451698624797405
          ],
          [
            39.8065867684292,
            21.451428992534062
          ]
        ]
      }
    },
    {
      "type": "Feature",
      "properties": {
        "channel_class": "drainage",
        "upstream_area_km2": 0.266,
        "source": "HydroSim D8 flow accumulation"
      },
      "geometry": {
        "type": "LineString",
        "coordinates": [
          [
            39.85783438622821,
            21.451987229021626
          ],
          [
            39.85782963030925,
            21.451174155718967
          ]
        ]
      }
    },
    {
      "type": "Feature",
      "properties": {
        "channel_class": "drainage",
        "upstream_area_km2": 0.422,
        "source": "HydroSim D8 flow accumulation"
      },
      "geometry": {
        "type": "LineString",
        "coordinates": [
          [
            39.60884879255694,
            21.452807352105538
          ],
          [
            39.6079813413292,
            21.453081549702766
          ],
          [
            39.60711052055241,
            21.452542623982488
          ],
          [
            39.606245308323075,
            21.453358891953936
          ],
          [
            39.60654043981463,
            21.454713040876403
          ],
          [
            39.60596362224243,
            21.45525721815058
          ]
        ]
      }
    },
    {
      "type": "Feature",
      "properties": {
        "channel_class": "major",
        "upstream_area_km2": 9.519,
        "source": "HydroSim D8 flow accumulation"
      },
      "geometry": {
        "type": "LineString",
        "coordinates": [
          [
            39.6499599502369,
            21.452381679149745
          ],
          [
            39.64880186286327,
            21.452386173253593
          ],
          [
            39.648225215118956,
            21.45293049229535
          ],
          [
            39.645901868343486,
            21.451313222862364
          ],
          [
            39.64445784148322,
            21.452131917061262
          ],
          [
            39.64415760610016,
            21.44969369186167
          ],
          [
            39.64299478600102,
            21.448613993717856
          ],
          [
            39.64154839738098,
            21.448890586898095
          ],
          [
            39.63980657580821,
            21.44781308435881
          ],
          [
            39.638648522186045,
            21.44781750730296
          ]
        ]
      }
    },
    {
      "type": "Feature",
      "properties": {
        "channel_class": "drainage",
        "upstream_area_km2": 0.761,
        "source": "HydroSim D8 flow accumulation"
      },
      "geometry": {
        "type": "LineString",
        "coordinates": [
          [
            39.723208339438635,
            21.452081144940937
          ],
          [
            39.72291481467775,
            21.45126929608614
          ],
          [
            39.724921327054794,
            21.44719503046758
          ],
          [
            39.72463048119375,
            21.446925250818328
          ],
          [
            39.725494979322484,
            21.446108388461766
          ],
          [
            39.72491061256628,
            21.445026763748448
          ],
          [
            39.725775098240774,
            21.444209900121283
          ],
          [
            39.72519073746434,
            21.443128275987544
          ],
          [
            39.72576303218671,
            21.441770599615715
          ]
        ]
      }
    },
    {
      "type": "Feature",
      "properties": {
        "channel_class": "drainage",
        "upstream_area_km2": 0.69,
        "source": "HydroSim D8 flow accumulation"
      },
      "geometry": {
        "type": "LineString",
        "coordinates": [
          [
            39.877517569939165,
            21.451343104298875
          ],
          [
            39.87665391706607,
            21.45216072568848
          ],
          [
            39.874908796108166,
            21.4508147008354
          ],
          [
            39.87346450654296,
            21.451364309189273
          ],
          [
            39.87287904485846,
            21.450283236936247
          ],
          [
            39.87316532043578,
            21.449739679873698
          ],
          [
            39.871712980174784,
            21.448934155602718
          ],
          [
            39.872000868946834,
            21.448661623907412
          ],
          [
            39.871415429414746,
            21.44758054545584
          ]
        ]
      }
    },
    {
      "type": "Feature",
      "properties": {
        "channel_class": "drainage",
        "upstream_area_km2": 1.292,
        "source": "HydroSim D8 flow accumulation"
      },
      "geometry": {
        "type": "LineString",
        "coordinates": [
          [
            39.792400759560785,
            21.451496767969683
          ],
          [
            39.79209807484679,
            21.449058877839583
          ],
          [
            39.79122224633458,
            21.447707840807947
          ],
          [
            39.786879690390556,
            21.447728314010355
          ],
          [
            39.787164831063706,
            21.44691386444924
          ],
          [
            39.78658291991141,
            21.44637452767631
          ],
          [
            39.78657710707011,
            21.445290409749624
          ],
          [
            39.788302451079545,
            21.443114002636776
          ],
          [
            39.787720551445105,
            21.44257466924289
          ],
          [
            39.78771473133077,
            21.441490551121706
          ],
          [
            39.78684189658802,
            21.4406815465945
          ],
          [
            39.7859734264847,
            21.44068562624689
          ]
        ]
      }
    },
    {
      "type": "Feature",
      "properties": {
        "channel_class": "major",
        "upstream_area_km2": 71.16,
        "source": "HydroSim D8 flow accumulation"
      },
      "geometry": {
        "type": "LineString",
        "coordinates": [
          [
            39.8065867684292,
            21.451428992534062
          ],
          [
            39.80629427852444,
            21.45088833171173
          ],
          [
            39.80744634497223,
            21.449798636279
          ],
          [
            39.80599136536268,
            21.44845047369312
          ],
          [
            39.80685391387844,
            21.44736217646415
          ],
          [
            39.806846460267145,
            21.44600703589435
          ],
          [
            39.80626448288992,
            21.445467769634917
          ],
          [
            39.80683900724231,
            21.444651895102837
          ]
        ]
      }
    },
    {
      "type": "Feature",
      "properties": {
        "channel_class": "drainage",
        "upstream_area_km2": 1.069,
        "source": "HydroSim D8 flow accumulation"
      },
      "geometry": {
        "type": "LineString",
        "coordinates": [
          [
            39.85782963030925,
            21.451174155718967
          ],
          [
            39.8584054686935,
            21.450629137745857
          ],
          [
            39.85666210965817,
            21.449553940657115
          ],
          [
            39.8569421114265,
            21.447926310927485
          ],
          [
            39.85519721537699,
            21.44658007204206
          ],
          [
            39.85461190634609,
            21.445498930103934
          ],
          [
            39.85489666282479,
            21.444684377163266
          ],
          [
            39.85285760773846,
            21.442526514542948
          ]
        ]
      }
    },
    {
      "type": "Feature",
      "properties": {
        "channel_class": "drainage",
        "upstream_area_km2": 1.272,
        "source": "HydroSim D8 flow accumulation"
      },
      "geometry": {
        "type": "LineString",
        "coordinates": [
          [
            39.622742516347266,
            21.45194309431266
          ],
          [
            39.62245644501967,
            21.45275728807877
          ],
          [
            39.620726183645544,
            21.45438997433125
          ],
          [
            39.62073306783603,
            21.456016207507574
          ],
          [
            39.621315574604374,
            21.456827174613963
          ],
          [
            39.62102833845189,
            21.45737032711773
          ]
        ]
      }
    },
    {
      "type": "Feature",
      "properties": {
        "channel_class": "drainage",
        "upstream_area_km2": 0.337,
        "source": "HydroSim D8 flow accumulation"
      },
      "geometry": {
        "type": "LineString",
        "coordinates": [
          [
            39.67919904429359,
            21.451723475728116
          ],
          [
            39.67861875255405,
            21.45145478902599
          ],
          [
            39.6771774183511,
            21.452815832683097
          ],
          [
            39.6763088550773,
            21.452819345344324
          ]
        ]
      }
    },
    {
      "type": "Feature",
      "properties": {
        "channel_class": "major",
        "upstream_area_km2": 27.497,
        "source": "HydroSim D8 flow accumulation"
      },
      "geometry": {
        "type": "LineString",
        "coordinates": [
          [
            39.633743186036426,
            21.45163075251529
          ],
          [
            39.63287579182427,
            21.451905077908346
          ],
          [
            39.633458347605554,
            21.452716001893773
          ],
          [
            39.63288397959899,
            21.453802346055742
          ],
          [
            39.63201540277262,
            21.45380562896309
          ],
          [
            39.63114332625456,
            21.4529957922225
          ],
          [
            39.63027708370186,
            21.453541142837448
          ],
          [
            39.6288271329768,
            21.453004512219685
          ]
        ]
      }
    },
    {
      "type": "Feature",
      "properties": {
        "channel_class": "drainage",
        "upstream_area_km2": 0.252,
        "source": "HydroSim D8 flow accumulation"
      },
      "geometry": {
        "type": "LineString",
        "coordinates": [
          [
            39.63403270727313,
            21.451629655829993
          ],
          [
            39.633743186036426,
            21.45163075251529
          ]
        ]
      }
    },
    {
      "type": "Feature",
      "properties": {
        "channel_class": "drainage",
        "upstream_area_km2": 0.313,
        "source": "HydroSim D8 flow accumulation"
      },
      "geometry": {
        "type": "LineString",
        "coordinates": [
          [
            39.74578644686937,
            21.451168929488407
          ],
          [
            39.746660506715976,
            21.45224918382863
          ],
          [
            39.74781995084266,
            21.452515044288894
          ]
        ]
      }
    },
    {
      "type": "Feature",
      "properties": {
        "channel_class": "drainage",
        "upstream_area_km2": 0.25,
        "source": "HydroSim D8 flow accumulation"
      },
      "geometry": {
        "type": "LineString",
        "coordinates": [
          [
            39.753892815881194,
            21.4511326063602
          ],
          [
            39.75389142268975,
            21.450861574956352
          ]
        ]
      }
    },
    {
      "type": "Feature",
      "properties": {
        "channel_class": "drainage",
        "upstream_area_km2": 0.293,
        "source": "HydroSim D8 flow accumulation"
      },
      "geometry": {
        "type": "LineString",
        "coordinates": [
          [
            39.76460477711285,
            21.45108400577115
          ],
          [
            39.76488439500377,
            21.449185467555843
          ]
        ]
      }
    },
    {
      "type": "Feature",
      "properties": {
        "channel_class": "drainage",
        "upstream_area_km2": 0.512,
        "source": "HydroSim D8 flow accumulation"
      },
      "geometry": {
        "type": "LineString",
        "coordinates": [
          [
            39.5998679677722,
            21.451484567427475
          ],
          [
            39.59842588332144,
            21.452844950729048
          ],
          [
            39.59901047002988,
            21.4541980790287
          ],
          [
            39.59641353475638,
            21.45637570762386
          ]
        ]
      }
    },
    {
      "type": "Feature",
      "properties": {
        "channel_class": "drainage",
        "upstream_area_km2": 2.481,
        "source": "HydroSim D8 flow accumulation"
      },
      "geometry": {
        "type": "LineString",
        "coordinates": [
          [
            39.75389142268975,
            21.450861574956352
          ],
          [
            39.75532921366055,
            21.448957828018695
          ],
          [
            39.75532502665578,
            21.448144733839285
          ],
          [
            39.75675857878834,
            21.445427881129635
          ],
          [
            39.75675298660711,
            21.444343755441196
          ],
          [
            39.75558382309873,
            21.44218073433252
          ]
        ]
      }
    },
    {
      "type": "Feature",
      "properties": {
        "channel_class": "major",
        "upstream_area_km2": 10.532,
        "source": "HydroSim D8 flow accumulation"
      },
      "geometry": {
        "type": "LineString",
        "coordinates": [
          [
            39.76055020065525,
            21.45083144481951
          ],
          [
            39.76141592192042,
            21.45028543338222
          ],
          [
            39.76169980246954,
            21.44919999208821
          ],
          [
            39.761116566196726,
            21.448389533340574
          ],
          [
            39.7613976322281,
            21.446762030233653
          ]
        ]
      }
    },
    {
      "type": "Feature",
      "properties": {
        "channel_class": "drainage",
        "upstream_area_km2": 0.899,
        "source": "HydroSim D8 flow accumulation"
      },
      "geometry": {
        "type": "LineString",
        "coordinates": [
          [
            39.77415723218179,
            21.450769050800535
          ],
          [
            39.77241873967594,
            21.450506047344653
          ],
          [
            39.771263548510746,
            21.451053449069686
          ],
          [
            39.76923696716256,
            21.451062776977757
          ],
          [
            39.76836417222245,
            21.45025367563964
          ],
          [
            39.76488439500377,
            21.449185467555843
          ]
        ]
      }
    },
    {
      "type": "Feature",
      "properties": {
        "channel_class": "drainage",
        "upstream_area_km2": 0.499,
        "source": "HydroSim D8 flow accumulation"
      },
      "geometry": {
        "type": "LineString",
        "coordinates": [
          [
            39.82279471943631,
            21.450536981997498
          ],
          [
            39.82163061854611,
            21.449458563653156
          ],
          [
            39.82191860460597,
            21.449186115051077
          ]
        ]
      }
    },
    {
      "type": "Feature",
      "properties": {
        "channel_class": "drainage",
        "upstream_area_km2": 0.33,
        "source": "HydroSim D8 flow accumulation"
      },
      "geometry": {
        "type": "LineString",
        "coordinates": [
          [
            39.82858485229324,
            21.450508413391397
          ],
          [
            39.82828769297341,
            21.449154713791334
          ],
          [
            39.82770562656595,
            21.448615525208584
          ]
        ]
      }
    },
    {
      "type": "Feature",
      "properties": {
        "channel_class": "drainage",
        "upstream_area_km2": 0.919,
        "source": "HydroSim D8 flow accumulation"
      },
      "geometry": {
        "type": "LineString",
        "coordinates": [
          [
            39.65284913474012,
            21.451015222437086
          ],
          [
            39.6499599502369,
            21.452381679149745
          ]
        ]
      }
    },
    {
      "type": "Feature",
      "properties": {
        "channel_class": "drainage",
        "upstream_area_km2": 0.555,
        "source": "HydroSim D8 flow accumulation"
      },
      "geometry": {
        "type": "LineString",
        "coordinates": [
          [
            39.73680879525324,
            21.450666621501718
          ],
          [
            39.73419639298378,
            21.449322910122138
          ],
          [
            39.73274883971597,
            21.449329254311692
          ],
          [
            39.73217252417303,
            21.44987385405896
          ]
        ]
      }
    },
    {
      "type": "Feature",
      "properties": {
        "channel_class": "drainage",
        "upstream_area_km2": 0.859,
        "source": "HydroSim D8 flow accumulation"
      },
      "geometry": {
        "type": "LineString",
        "coordinates": [
          [
            39.88677350245923,
            21.44993915560301
          ],
          [
            39.886793168107836,
            21.453191423671477
          ],
          [
            39.8845016321855,
            21.457269017971953
          ],
          [
            39.884794418928564,
            21.457809531682116
          ],
          [
            39.883353367979915,
            21.45890127074022
          ],
          [
            39.88364452041115,
            21.4591707640706
          ]
        ]
      }
    },
    {
      "type": "Feature",
      "properties": {
        "channel_class": "drainage",
        "upstream_area_km2": 0.89,
        "source": "HydroSim D8 flow accumulation"
      },
      "geometry": {
        "type": "LineString",
        "coordinates": [
          [
            39.92846135408195,
            21.449713060587207
          ],
          [
            39.92759114875616,
            21.449446857457417
          ],
          [
            39.92557835500873,
            21.4516262332257
          ],
          [
            39.92645370671651,
            21.452705504413544
          ],
          [
            39.92732392980333,
            21.4529717127334
          ],
          [
            39.92733078538528,
            21.454055789630456
          ],
          [
            39.92675519970414,
            21.45460103612179
          ],
          [
            39.923281115639355,
            21.454620242634284
          ],
          [
            39.92241770886866,
            21.45543809165144
          ],
          [
            39.92125967324625,
            21.455444472053372
          ],
          [
            39.92126478191834,
            21.45625753089482
          ],
          [
            39.92040305562366,
            21.457346389732034
          ],
          [
            39.91924500427226,
            21.457352756728973
          ]
        ]
      }
    },
    {
      "type": "Feature",
      "properties": {
        "channel_class": "major",
        "upstream_area_km2": 21.135,
        "source": "HydroSim D8 flow accumulation"
      },
      "geometry": {
        "type": "LineString",
        "coordinates": [
          [
            39.86419076107051,
            21.44978626491468
          ],
          [
            39.86331906347933,
            21.449248699391962
          ],
          [
            39.863606969000905,
            21.448976181600727
          ],
          [
            39.86273368426397,
            21.448167588561386
          ]
        ]
      }
    },
    {
      "type": "Feature",
      "properties": {
        "channel_class": "drainage",
        "upstream_area_km2": 3.095,
        "source": "HydroSim D8 flow accumulation"
      },
      "geometry": {
        "type": "LineString",
        "coordinates": [
          [
            39.89864135518806,
            21.449604816954086
          ],
          [
            39.8972137549666,
            21.45286484244718
          ],
          [
            39.89808559190167,
            21.45340222614543
          ],
          [
            39.898092231492654,
            21.454486311844637
          ]
        ]
      }
    },
    {
      "type": "Feature",
      "properties": {
        "channel_class": "drainage",
        "upstream_area_km2": 0.322,
        "source": "HydroSim D8 flow accumulation"
      },
      "geometry": {
        "type": "LineString",
        "coordinates": [
          [
            39.58944186746466,
            21.450708482817976
          ],
          [
            39.58712026749406,
            21.449361421225873
          ]
        ]
      }
    },
    {
      "type": "Feature",
      "properties": {
        "channel_class": "drainage",
        "upstream_area_km2": 0.314,
        "source": "HydroSim D8 flow accumulation"
      },
      "geometry": {
        "type": "LineString",
        "coordinates": [
          [
            39.62273676210685,
            21.450587899880354
          ],
          [
            39.622742516347266,
            21.45194309431266
          ]
        ]
      }
    },
    {
      "type": "Feature",
      "properties": {
        "channel_class": "drainage",
        "upstream_area_km2": 0.272,
        "source": "HydroSim D8 flow accumulation"
      },
      "geometry": {
        "type": "LineString",
        "coordinates": [
          [
            39.63923936104722,
            21.450525677738483
          ],
          [
            39.63778705271289,
            21.44944704836228
          ]
        ]
      }
    },
    {
      "type": "Feature",
      "properties": {
        "channel_class": "drainage",
        "upstream_area_km2": 0.297,
        "source": "HydroSim D8 flow accumulation"
      },
      "geometry": {
        "type": "LineString",
        "coordinates": [
          [
            39.59494167963696,
            21.450417976845856
          ],
          [
            39.59407421449851,
            21.450692102704352
          ],
          [
            39.59291393678168,
            21.45015412891632
          ]
        ]
      }
    },
    {
      "type": "Feature",
      "properties": {
        "channel_class": "drainage",
        "upstream_area_km2": 0.459,
        "source": "HydroSim D8 flow accumulation"
      },
      "geometry": {
        "type": "LineString",
        "coordinates": [
          [
            39.656319722073874,
            21.450188521508178
          ],
          [
            39.65573826432532,
            21.44964871698807
          ],
          [
            39.655161653488534,
            21.45019305918276
          ],
          [
            39.65371406732827,
            21.45019872000841
          ],
          [
            39.65284913474012,
            21.451015222437086
          ]
        ]
      }
    },
    {
      "type": "Feature",
      "properties": {
        "channel_class": "drainage",
        "upstream_area_km2": 0.427,
        "source": "HydroSim D8 flow accumulation"
      },
      "geometry": {
        "type": "LineString",
        "coordinates": [
          [
            39.69540435432043,
            21.45003067647793
          ],
          [
            39.69482275745389,
            21.449491011536143
          ],
          [
            39.69337519007282,
            21.449497015223937
          ],
          [
            39.69279360263224,
            21.44895734293684
          ],
          [
            39.69163683050625,
            21.44923316793416
          ]
        ]
      }
    },
    {
      "type": "Feature",
      "properties": {
        "channel_class": "drainage",
        "upstream_area_km2": 0.299,
        "source": "HydroSim D8 flow accumulation"
      },
      "geometry": {
        "type": "LineString",
        "coordinates": [
          [
            39.72840886872777,
            21.449890277802712
          ],
          [
            39.727821775146495,
            21.44826659861078
          ]
        ]
      }
    },
    {
      "type": "Feature",
      "properties": {
        "channel_class": "drainage",
        "upstream_area_km2": 1.265,
        "source": "HydroSim D8 flow accumulation"
      },
      "geometry": {
        "type": "LineString",
        "coordinates": [
          [
            39.73217252417303,
            21.44987385405896
          ],
          [
            39.731010424306234,
            21.44906581794343
          ],
          [
            39.728403484798626,
            21.44880614570401
          ],
          [
            39.727821775146495,
            21.44826659861078
          ]
        ]
      }
    },
    {
      "type": "Feature",
      "properties": {
        "channel_class": "major",
        "upstream_area_km2": 354.261,
        "source": "HydroSim D8 flow accumulation"
      },
      "geometry": {
        "type": "LineString",
        "coordinates": [
          [
            39.59291393678168,
            21.45015412891632
          ],
          [
            39.592332706482445,
            21.44961409845046
          ]
        ]
      }
    },
    {
      "type": "Feature",
      "properties": {
        "channel_class": "drainage",
        "upstream_area_km2": 1.849,
        "source": "HydroSim D8 flow accumulation"
      },
      "geometry": {
        "type": "LineString",
        "coordinates": [
          [
            39.82191860460597,
            21.449186115051077
          ],
          [
            39.821047057403845,
            21.448648324100127
          ],
          [
            39.82133200786818,
            21.447833822313328
          ],
          [
            39.820458955020015,
            21.44702500071606
          ],
          [
            39.820449860107324,
            21.445398837451826
          ],
          [
            39.81928430451919,
            21.44404937293156
          ],
          [
            39.81927068407944,
            21.44161012632977
          ]
        ]
      }
    },
    {
      "type": "Feature",
      "properties": {
        "channel_class": "drainage",
        "upstream_area_km2": 1.284,
        "source": "HydroSim D8 flow accumulation"
      },
      "geometry": {
        "type": "LineString",
        "coordinates": [
          [
            39.76488439500377,
            21.449185467555843
          ],
          [
            39.7637249504434,
            21.44891972536644
          ],
          [
            39.7613976322281,
            21.446762030233653
          ]
        ]
      }
    },
    {
      "type": "Feature",
      "properties": {
        "channel_class": "drainage",
        "upstream_area_km2": 0.254,
        "source": "HydroSim D8 flow accumulation"
      },
      "geometry": {
        "type": "LineString",
        "coordinates": [
          [
            39.78254435900079,
            21.449103822867063
          ],
          [
            39.78283241938644,
            21.448831439283477
          ]
        ]
      }
    },
    {
      "type": "Feature",
      "properties": {
        "channel_class": "major",
        "upstream_area_km2": 354.803,
        "source": "HydroSim D8 flow accumulation"
      },
      "geometry": {
        "type": "LineString",
        "coordinates": [
          [
            39.592332706482445,
            21.44961409845046
          ],
          [
            39.59030279707027,
            21.448808137338695
          ],
          [
            39.58769713409587,
            21.44881730744333
          ],
          [
            39.58712026749406,
            21.449361421225873
          ]
        ]
      }
    },
    {
      "type": "Feature",
      "properties": {
        "channel_class": "major",
        "upstream_area_km2": 26.884,
        "source": "HydroSim D8 flow accumulation"
      },
      "geometry": {
        "type": "LineString",
        "coordinates": [
          [
            39.63778705271289,
            21.44944704836228
          ],
          [
            39.63692321041749,
            21.45053450882709
          ],
          [
            39.635475615671716,
            21.45054001198159
          ],
          [
            39.634315195178615,
            21.45000232886135
          ],
          [
            39.633743186036426,
            21.45163075251529
          ]
        ]
      }
    },
    {
      "type": "Feature",
      "properties": {
        "channel_class": "drainage",
        "upstream_area_km2": 3.532,
        "source": "HydroSim D8 flow accumulation"
      },
      "geometry": {
        "type": "LineString",
        "coordinates": [
          [
            39.686136077746546,
            21.449255810377768
          ],
          [
            39.68439393793902,
            21.448178780568046
          ],
          [
            39.679183983169246,
            21.448471045231035
          ]
        ]
      }
    },
    {
      "type": "Feature",
      "properties": {
        "channel_class": "drainage",
        "upstream_area_km2": 1.204,
        "source": "HydroSim D8 flow accumulation"
      },
      "geometry": {
        "type": "LineString",
        "coordinates": [
          [
            39.69163683050625,
            21.44923316793416
          ],
          [
            39.68874297107146,
            21.449516142899075
          ],
          [
            39.687870616224856,
            21.44870660882419
          ]
        ]
      }
    },
    {
      "type": "Feature",
      "properties": {
        "channel_class": "drainage",
        "upstream_area_km2": 2.939,
        "source": "HydroSim D8 flow accumulation"
      },
      "geometry": {
        "type": "LineString",
        "coordinates": [
          [
            39.78283241938644,
            21.448831439283477
          ],
          [
            39.782537129298824,
            21.447748674563446
          ],
          [
            39.78339985215844,
            21.446660492887553
          ],
          [
            39.78310600962713,
            21.44584875859703
          ],
          [
            39.78165273076934,
            21.444771405489575
          ],
          [
            39.78163396031019,
            21.441248016864783
          ],
          [
            39.78105209202164,
            21.44070865919472
          ]
        ]
      }
    },
    {
      "type": "Feature",
      "properties": {
        "channel_class": "drainage",
        "upstream_area_km2": 0.867,
        "source": "HydroSim D8 flow accumulation"
      },
      "geometry": {
        "type": "LineString",
        "coordinates": [
          [
            39.82770562656595,
            21.448615525208584
          ],
          [
            39.826832534976475,
            21.44780673821537
          ],
          [
            39.82538655374661,
            21.448084909950005
          ],
          [
            39.82393599942002,
            21.44754998860754
          ],
          [
            39.82191860460597,
            21.449186115051077
          ]
        ]
      }
    },
    {
      "type": "Feature",
      "properties": {
        "channel_class": "major",
        "upstream_area_km2": 355.533,
        "source": "HydroSim D8 flow accumulation"
      },
      "geometry": {
        "type": "LineString",
        "coordinates": [
          [
            39.58712026749406,
            21.449361421225873
          ],
          [
            39.5859600246769,
            21.44882339831181
          ],
          [
            39.584504872950276,
            21.4469311738869
          ],
          [
            39.582768861623535,
            21.44720827213844
          ],
          [
            39.58189709036364,
            21.44639817081908
          ],
          [
            39.58132021100889,
            21.44694226503881
          ],
          [
            39.57929360688969,
            21.446949291499003
          ],
          [
            39.57841971862674,
            21.445597089044806
          ],
          [
            39.57755224866188,
            21.445871129475577
          ],
          [
            39.57609936231863,
            21.44452091104241
          ],
          [
            39.57581091576922,
            21.444792948621423
          ],
          [
            39.57493601042016,
            21.443169685108348
          ]
        ]
      }
    },
    {
      "type": "Feature",
      "properties": {
        "channel_class": "drainage",
        "upstream_area_km2": 0.656,
        "source": "HydroSim D8 flow accumulation"
      },
      "geometry": {
        "type": "LineString",
        "coordinates": [
          [
            39.84912719323735,
            21.448237176300175
          ],
          [
            39.8479801597642,
            21.45014022405945
          ],
          [
            39.846559235132155,
            21.454754981094997
          ]
        ]
      }
    },
    {
      "type": "Feature",
      "properties": {
        "channel_class": "major",
        "upstream_area_km2": 21.974,
        "source": "HydroSim D8 flow accumulation"
      },
      "geometry": {
        "type": "LineString",
        "coordinates": [
          [
            39.86273368426397,
            21.448167588561386
          ],
          [
            39.858074743102584,
            21.44358398396072
          ],
          [
            39.85691836374881,
            21.44386094069159
          ],
          [
            39.85604356478151,
            21.44278128516735
          ],
          [
            39.85633147206266,
            21.442508779656894
          ],
          [
            39.85488087082865,
            21.44197412805973
          ]
        ]
      }
    },
    {
      "type": "Feature",
      "properties": {
        "channel_class": "drainage",
        "upstream_area_km2": 2.425,
        "source": "HydroSim D8 flow accumulation"
      },
      "geometry": {
        "type": "LineString",
        "coordinates": [
          [
            39.687870616224856,
            21.44870660882419
          ],
          [
            39.686136077746546,
            21.449255810377768
          ]
        ]
      }
    },
    {
      "type": "Feature",
      "properties": {
        "channel_class": "drainage",
        "upstream_area_km2": 0.307,
        "source": "HydroSim D8 flow accumulation"
      },
      "geometry": {
        "type": "LineString",
        "coordinates": [
          [
            39.82915007581427,
            21.44806630687464
          ],
          [
            39.82828157108267,
            21.44807060740184
          ],
          [
            39.82770562656595,
            21.448615525208584
          ]
        ]
      }
    },
    {
      "type": "Feature",
      "properties": {
        "channel_class": "drainage",
        "upstream_area_km2": 4.197,
        "source": "HydroSim D8 flow accumulation"
      },
      "geometry": {
        "type": "LineString",
        "coordinates": [
          [
            39.679183983169246,
            21.448471045231035
          ],
          [
            39.67774143045905,
            21.449561057356327
          ],
          [
            39.67774518768703,
            21.4503741652378
          ],
          [
            39.67716865800954,
            21.450918581165585
          ],
          [
            39.67745942726996,
            21.45118844533184
          ],
          [
            39.6763088550773,
            21.452819345344324
          ]
        ]
      }
    },
    {
      "type": "Feature",
      "properties": {
        "channel_class": "drainage",
        "upstream_area_km2": 1.664,
        "source": "HydroSim D8 flow accumulation"
      },
      "geometry": {
        "type": "LineString",
        "coordinates": [
          [
            39.727821775146495,
            21.44826659861078
          ],
          [
            39.72723469507816,
            21.4466429166787
          ],
          [
            39.727518824334105,
            21.445557525797497
          ]
        ]
      }
    },
    {
      "type": "Feature",
      "properties": {
        "channel_class": "drainage",
        "upstream_area_km2": 0.448,
        "source": "HydroSim D8 flow accumulation"
      },
      "geometry": {
        "type": "LineString",
        "coordinates": [
          [
            39.81322595222254,
            21.447873406292413
          ],
          [
            39.81235444322809,
            21.44733556872415
          ],
          [
            39.81119643775585,
            21.44734118537292
          ],
          [
            39.8106144394599,
            21.446801934996113
          ],
          [
            39.80887743667847,
            21.446810338709373
          ],
          [
            39.80829544879474,
            21.446271079898857
          ],
          [
            39.80858046671432,
            21.445456597498325
          ],
          [
            39.80683900724231,
            21.444651895102837
          ]
        ]
      }
    },
    {
      "type": "Feature",
      "properties": {
        "channel_class": "drainage",
        "upstream_area_km2": 0.36,
        "source": "HydroSim D8 flow accumulation"
      },
      "geometry": {
        "type": "LineString",
        "coordinates": [
          [
            39.86649397001274,
            21.44760609777037
          ],
          [
            39.86417479322847,
            21.447076024090897
          ],
          [
            39.86273368426397,
            21.448167588561386
          ]
        ]
      }
    },
    {
      "type": "Feature",
      "properties": {
        "channel_class": "drainage",
        "upstream_area_km2": 2.476,
        "source": "HydroSim D8 flow accumulation"
      },
      "geometry": {
        "type": "LineString",
        "coordinates": [
          [
            39.871415429414746,
            21.44758054545584
          ],
          [
            39.869686479236975,
            21.44894469890048
          ],
          [
            39.86708418062581,
            21.449500266218323
          ],
          [
            39.866508379913164,
            21.450045312898567
          ],
          [
            39.86563667271414,
            21.449507759803705
          ],
          [
            39.86448186082098,
            21.4500557936944
          ],
          [
            39.86419076107051,
            21.44978626491468
          ]
        ]
      }
    },
    {
      "type": "Feature",
      "properties": {
        "channel_class": "drainage",
        "upstream_area_km2": 0.517,
        "source": "HydroSim D8 flow accumulation"
      },
      "geometry": {
        "type": "LineString",
        "coordinates": [
          [
            39.71942334876167,
            21.447760831964438
          ],
          [
            39.719998374714784,
            21.446945241281767
          ],
          [
            39.71941404434117,
            21.445863596437952
          ],
          [
            39.719700889769165,
            21.445320284520932
          ]
        ]
      }
    },
    {
      "type": "Feature",
      "properties": {
        "channel_class": "drainage",
        "upstream_area_km2": 2.354,
        "source": "HydroSim D8 flow accumulation"
      },
      "geometry": {
        "type": "LineString",
        "coordinates": [
          [
            39.92352112965005,
            21.446759076269846
          ],
          [
            39.92266970264523,
            21.44947406377799
          ],
          [
            39.920653430210976,
            21.45111134336922
          ],
          [
            39.92123583596434,
            21.45165019640073
          ],
          [
            39.920660235834305,
            21.45219542255292
          ],
          [
            39.9206687434658,
            21.45355052133228
          ],
          [
            39.919805327626314,
            21.45436835726673
          ],
          [
            39.92009823582723,
            21.4549088049939
          ],
          [
            39.91923820731399,
            21.456268677780738
          ],
          [
            39.91924500427226,
            21.457352756728973
          ]
        ]
      }
    },
    {
      "type": "Feature",
      "properties": {
        "channel_class": "major",
        "upstream_area_km2": 26.434,
        "source": "HydroSim D8 flow accumulation"
      },
      "geometry": {
        "type": "LineString",
        "coordinates": [
          [
            39.638648522186045,
            21.44781750730296
          ],
          [
            39.637494002047966,
            21.448635036875512
          ],
          [
            39.63778705271289,
            21.44944704836228
          ]
        ]
      }
    },
    {
      "type": "Feature",
      "properties": {
        "channel_class": "drainage",
        "upstream_area_km2": 0.402,
        "source": "HydroSim D8 flow accumulation"
      },
      "geometry": {
        "type": "LineString",
        "coordinates": [
          [
            39.63227688546053,
            21.44729961326926
          ],
          [
            39.63256756701006,
            21.447569557829226
          ],
          [
            39.63170369592187,
            21.448656992276295
          ],
          [
            39.63142584856483,
            21.451368469541272
          ],
          [
            39.62997824404493,
            21.451373925346747
          ],
          [
            39.6288271329768,
            21.453004512219685
          ]
        ]
      }
    },
    {
      "type": "Feature",
      "properties": {
        "channel_class": "major",
        "upstream_area_km2": 12.011,
        "source": "HydroSim D8 flow accumulation"
      },
      "geometry": {
        "type": "LineString",
        "coordinates": [
          [
            39.7613976322281,
            21.446762030233653
          ],
          [
            39.761392005383165,
            21.445677905886743
          ],
          [
            39.763983405238825,
            21.442955723487934
          ]
        ]
      }
    },
    {
      "type": "Feature",
      "properties": {
        "channel_class": "drainage",
        "upstream_area_km2": 1.967,
        "source": "HydroSim D8 flow accumulation"
      },
      "geometry": {
        "type": "LineString",
        "coordinates": [
          [
            39.65891076485149,
            21.446925837840467
          ],
          [
            39.65833174377773,
            21.446928116314474
          ],
          [
            39.657466856348044,
            21.447744641777277
          ],
          [
            39.656886618149755,
            21.447475878147156
          ],
          [
            39.65631001999732,
            21.44802022411182
          ],
          [
            39.65428222079652,
            21.447757121580278
          ],
          [
            39.65341247612169,
            21.447489477267716
          ],
          [
            39.65311934396202,
            21.44667749503282
          ],
          [
            39.65050293365527,
            21.44424830366417
          ],
          [
            39.64876589898296,
            21.4442550450221
          ],
          [
            39.646744136903905,
            21.445347038485966
          ],
          [
            39.64500708792858,
            21.445353741166162
          ],
          [
            39.64384667594576,
            21.444816123652245
          ],
          [
            39.64326409637248,
            21.44400523571665
          ]
        ]
      }
    },
    {
      "type": "Feature",
      "properties": {
        "channel_class": "drainage",
        "upstream_area_km2": 0.405,
        "source": "HydroSim D8 flow accumulation"
      },
      "geometry": {
        "type": "LineString",
        "coordinates": [
          [
            39.66035831720049,
            21.44692013289329
          ],
          [
            39.65891076485149,
            21.446925837840467
          ]
        ]
      }
    },
    {
      "type": "Feature",
      "properties": {
        "channel_class": "drainage",
        "upstream_area_km2": 0.634,
        "source": "HydroSim D8 flow accumulation"
      },
      "geometry": {
        "type": "LineString",
        "coordinates": [
          [
            39.93046204484336,
            21.445636517700194
          ],
          [
            39.92959186080823,
            21.44537032410317
          ],
          [
            39.92901631661318,
            21.44591557739499
          ],
          [
            39.92814784794604,
            21.445920395665453
          ],
          [
            39.92669697553924,
            21.4453863770516
          ],
          [
            39.92554757040761,
            21.4467478822273
          ],
          [
            39.92352112965005,
            21.446759076269846
          ]
        ]
      }
    },
    {
      "type": "Feature",
      "properties": {
        "channel_class": "drainage",
        "upstream_area_km2": 0.733,
        "source": "HydroSim D8 flow accumulation"
      },
      "geometry": {
        "type": "LineString",
        "coordinates": [
          [
            39.62561461896628,
            21.446511519025666
          ],
          [
            39.62562155456982,
            21.448137752215054
          ],
          [
            39.626205212521334,
            21.449219741942976
          ],
          [
            39.622742516347266,
            21.45194309431266
          ]
        ]
      }
    },
    {
      "type": "Feature",
      "properties": {
        "channel_class": "drainage",
        "upstream_area_km2": 0.301,
        "source": "HydroSim D8 flow accumulation"
      },
      "geometry": {
        "type": "LineString",
        "coordinates": [
          [
            39.728100521839885,
            21.446097074452965
          ],
          [
            39.727518824334105,
            21.445557525797497
          ]
        ]
      }
    },
    {
      "type": "Feature",
      "properties": {
        "channel_class": "drainage",
        "upstream_area_km2": 0.257,
        "source": "HydroSim D8 flow accumulation"
      },
      "geometry": {
        "type": "LineString",
        "coordinates": [
          [
            39.6253239520261,
            21.44624156199132
          ],
          [
            39.62561461896628,
            21.446511519025666
          ]
        ]
      }
    },
    {
      "type": "Feature",
      "properties": {
        "channel_class": "drainage",
        "upstream_area_km2": 0.364,
        "source": "HydroSim D8 flow accumulation"
      },
      "geometry": {
        "type": "LineString",
        "coordinates": [
          [
            39.8363721540219,
            21.44532003291062
          ],
          [
            39.836658558268134,
            21.4447765338162
          ],
          [
            39.83578389872134,
            21.44369676778908
          ],
          [
            39.835483603040345,
            21.441801028965216
          ]
        ]
      }
    },
    {
      "type": "Feature",
      "properties": {
        "channel_class": "major",
        "upstream_area_km2": 23.927,
        "source": "HydroSim D8 flow accumulation"
      },
      "geometry": {
        "type": "LineString",
        "coordinates": [
          [
            39.61403187174048,
            21.44601232454966
          ],
          [
            39.61461316527546,
            21.446552278339595
          ],
          [
            39.614901541465116,
            21.446280175543144
          ],
          [
            39.61635137741245,
            21.446816930088946
          ],
          [
            39.616357071552244,
            21.448172126772878
          ],
          [
            39.617812639510326,
            21.45006406401725
          ],
          [
            39.61637301752732,
            21.451966676313567
          ],
          [
            39.6169543436576,
            21.452506620817495
          ],
          [
            39.61608918781431,
            21.453322938382005
          ],
          [
            39.61754252240393,
            21.454672797585143
          ],
          [
            39.61754594681438,
            21.455485914676302
          ],
          [
            39.61668077722397,
            21.456302235353995
          ],
          [
            39.61697144911911,
            21.4565722069821
          ],
          [
            39.61639694307709,
            21.457658497379363
          ],
          [
            39.615531754436724,
            21.458474812365505
          ],
          [
            39.61524108125625,
            21.458204838323876
          ]
        ]
      }
    },
    {
      "type": "Feature",
      "properties": {
        "channel_class": "drainage",
        "upstream_area_km2": 0.484,
        "source": "HydroSim D8 flow accumulation"
      },
      "geometry": {
        "type": "LineString",
        "coordinates": [
          [
            39.68032946231413,
            21.445755982621865
          ],
          [
            39.678890707562175,
            21.44765911199236
          ],
          [
            39.679183983169246,
            21.448471045231035
          ]
        ]
      }
    },
    {
      "type": "Feature",
      "properties": {
        "channel_class": "drainage",
        "upstream_area_km2": 0.264,
        "source": "HydroSim D8 flow accumulation"
      },
      "geometry": {
        "type": "LineString",
        "coordinates": [
          [
            39.7188337067985,
            21.445595050376706
          ],
          [
            39.719700889769165,
            21.445320284520932
          ]
        ]
      }
    },
    {
      "type": "Feature",
      "properties": {
        "channel_class": "drainage",
        "upstream_area_km2": 2.102,
        "source": "HydroSim D8 flow accumulation"
      },
      "geometry": {
        "type": "LineString",
        "coordinates": [
          [
            39.727518824334105,
            21.445557525797497
          ],
          [
            39.726642258949624,
            21.443935098852535
          ],
          [
            39.72663554746073,
            21.442579932210325
          ],
          [
            39.72576303218671,
            21.441770599615715
          ]
        ]
      }
    },
    {
      "type": "Feature",
      "properties": {
        "channel_class": "drainage",
        "upstream_area_km2": 0.432,
        "source": "HydroSim D8 flow accumulation"
      },
      "geometry": {
        "type": "LineString",
        "coordinates": [
          [
            39.80018353991726,
            21.445225915460213
          ],
          [
            39.80018058337307,
            21.44468385823113
          ],
          [
            39.79873162272741,
            21.44441974297312
          ],
          [
            39.79872719617522,
            21.44360665674898
          ]
        ]
      }
    },
    {
      "type": "Feature",
      "properties": {
        "channel_class": "drainage",
        "upstream_area_km2": 1.496,
        "source": "HydroSim D8 flow accumulation"
      },
      "geometry": {
        "type": "LineString",
        "coordinates": [
          [
            39.87805764034495,
            21.44483551287933
          ],
          [
            39.87401767523164,
            21.447024912367915
          ],
          [
            39.871415429414746,
            21.44758054545584
          ]
        ]
      }
    },
    {
      "type": "Feature",
      "properties": {
        "channel_class": "drainage",
        "upstream_area_km2": 1.384,
        "source": "HydroSim D8 flow accumulation"
      },
      "geometry": {
        "type": "LineString",
        "coordinates": [
          [
            39.89542708200425,
            21.444743493720093
          ],
          [
            39.89572319104984,
            21.445826032326387
          ],
          [
            39.895147514523565,
            21.44637117363091
          ],
          [
            39.8948778626537,
            21.449624983959286
          ],
          [
            39.894303821112054,
            21.450441144564557
          ],
          [
            39.89459993512124,
            21.451523684319167
          ],
          [
            39.8940242327418,
            21.452068822317464
          ],
          [
            39.89346008518493,
            21.454511110920347
          ],
          [
            39.88942832462129,
            21.45805599084059
          ],
          [
            39.888849291229214,
            21.45805906824295
          ],
          [
            39.88797581637409,
            21.457250614428194
          ],
          [
            39.885669517690594,
            21.45888902473474
          ]
        ]
      }
    },
    {
      "type": "Feature",
      "properties": {
        "channel_class": "drainage",
        "upstream_area_km2": 0.766,
        "source": "HydroSim D8 flow accumulation"
      },
      "geometry": {
        "type": "LineString",
        "coordinates": [
          [
            39.6704849763249,
            21.445524665336475
          ],
          [
            39.66933065770188,
            21.446342409755264
          ],
          [
            39.6678831136939,
            21.446348192149642
          ],
          [
            39.66526892969911,
            21.444461311296823
          ],
          [
            39.66294921271516,
            21.44365738922916
          ],
          [
            39.65891076485149,
            21.446925837840467
          ]
        ]
      }
    },
    {
      "type": "Feature",
      "properties": {
        "channel_class": "drainage",
        "upstream_area_km2": 0.335,
        "source": "HydroSim D8 flow accumulation"
      },
      "geometry": {
        "type": "LineString",
        "coordinates": [
          [
            39.69683003798955,
            21.445417061049522
          ],
          [
            39.69595766488249,
            21.444607569281523
          ]
        ]
      }
    },
    {
      "type": "Feature",
      "properties": {
        "channel_class": "drainage",
        "upstream_area_km2": 1.042,
        "source": "HydroSim D8 flow accumulation"
      },
      "geometry": {
        "type": "LineString",
        "coordinates": [
          [
            39.71130527558565,
            21.445356173043276
          ],
          [
            39.709852508534304,
            21.444278181052685
          ],
          [
            39.709842018323,
            21.442109906402138
          ],
          [
            39.71040920460069,
            21.439668140911387
          ],
          [
            39.71184878157784,
            21.438035786450822
          ],
          [
            39.711844837793166,
            21.43722268327066
          ],
          [
            39.710682947808515,
            21.43641449886487
          ],
          [
            39.71009872947656,
            21.435332817076972
          ]
        ]
      }
    },
    {
      "type": "Feature",
      "properties": {
        "channel_class": "drainage",
        "upstream_area_km2": 1.378,
        "source": "HydroSim D8 flow accumulation"
      },
      "geometry": {
        "type": "LineString",
        "coordinates": [
          [
            39.719700889769165,
            21.445320284520932
          ],
          [
            39.72085490895183,
            21.44450220047136
          ],
          [
            39.72201291657288,
            21.444497209486045
          ],
          [
            39.72287741583791,
            21.443680360407512
          ],
          [
            39.723153557941956,
            21.44096877428078
          ],
          [
            39.72603509574221,
            21.438245909181138
          ]
        ]
      }
    },
    {
      "type": "Feature",
      "properties": {
        "channel_class": "drainage",
        "upstream_area_km2": 0.841,
        "source": "HydroSim D8 flow accumulation"
      },
      "geometry": {
        "type": "LineString",
        "coordinates": [
          [
            39.86792382009284,
            21.444617334633822
          ],
          [
            39.867635931122116,
            21.444889859433154
          ],
          [
            39.86618526856357,
            21.44435530813594
          ],
          [
            39.865308801729086,
            21.44300467932571
          ],
          [
            39.86415403878998,
            21.44355270969189
          ],
          [
            39.86357346347421,
            21.44328467341548
          ],
          [
            39.862700214002714,
            21.44247607851323
          ],
          [
            39.8629849198183,
            21.441661513220183
          ],
          [
            39.86153589634202,
            21.441397944266818
          ]
        ]
      }
    },
    {
      "type": "Feature",
      "properties": {
        "channel_class": "drainage",
        "upstream_area_km2": 0.274,
        "source": "HydroSim D8 flow accumulation"
      },
      "geometry": {
        "type": "LineString",
        "coordinates": [
          [
            39.8786350000473,
            21.444561451447424
          ],
          [
            39.87805764034495,
            21.44483551287933
          ]
        ]
      }
    },
    {
      "type": "Feature",
      "properties": {
        "channel_class": "drainage",
        "upstream_area_km2": 0.518,
        "source": "HydroSim D8 flow accumulation"
      },
      "geometry": {
        "type": "LineString",
        "coordinates": [
          [
            39.75096577120199,
            21.444911895297537
          ],
          [
            39.75154754962618,
            21.445451360086224
          ],
          [
            39.75299644958789,
            21.445715886059148
          ],
          [
            39.75472509683486,
            21.444081873342157
          ],
          [
            39.75558382309873,
            21.44218073433252
          ]
        ]
      }
    },
    {
      "type": "Feature",
      "properties": {
        "channel_class": "drainage",
        "upstream_area_km2": 0.279,
        "source": "HydroSim D8 flow accumulation"
      },
      "geometry": {
        "type": "LineString",
        "coordinates": [
          [
            39.76486178388603,
            21.44484897410527
          ],
          [
            39.763989050446014,
            21.44403984753109
          ],
          [
            39.763983405238825,
            21.442955723487934
          ]
        ]
      }
    },
    {
      "type": "Feature",
      "properties": {
        "channel_class": "major",
        "upstream_area_km2": 71.623,
        "source": "HydroSim D8 flow accumulation"
      },
      "geometry": {
        "type": "LineString",
        "coordinates": [
          [
            39.80683900724231,
            21.444651895102837
          ],
          [
            39.80683453570889,
            21.443838810521495
          ]
        ]
      }
    },
    {
      "type": "Feature",
      "properties": {
        "channel_class": "drainage",
        "upstream_area_km2": 0.436,
        "source": "HydroSim D8 flow accumulation"
      },
      "geometry": {
        "type": "LineString",
        "coordinates": [
          [
            39.81378691457009,
            21.44461825994855
          ],
          [
            39.81233493298788,
            21.443812207574265
          ],
          [
            39.81030697494138,
            21.443551001704364
          ],
          [
            39.809724995343124,
            21.44301174741525
          ],
          [
            39.80943699758219,
            21.44328417556709
          ]
        ]
      }
    },
    {
      "type": "Feature",
      "properties": {
        "channel_class": "drainage",
        "upstream_area_km2": 0.564,
        "source": "HydroSim D8 flow accumulation"
      },
      "geometry": {
        "type": "LineString",
        "coordinates": [
          [
            39.846789286289386,
            21.444454555508408
          ],
          [
            39.846768952091466,
            21.440931223962675
          ],
          [
            39.845604759991204,
            21.439852974406104
          ]
        ]
      }
    },
    {
      "type": "Feature",
      "properties": {
        "channel_class": "drainage",
        "upstream_area_km2": 0.4,
        "source": "HydroSim D8 flow accumulation"
      },
      "geometry": {
        "type": "LineString",
        "coordinates": [
          [
            39.59289421754031,
            21.445275399803627
          ],
          [
            39.59376604119832,
            21.446085442711514
          ],
          [
            39.59376823526167,
            21.446627523726953
          ],
          [
            39.59290407646279,
            21.447714764717375
          ],
          [
            39.592909554245324,
            21.449069967138378
          ],
          [
            39.592332706482445,
            21.44961409845046
          ]
        ]
      }
    },
    {
      "type": "Feature",
      "properties": {
        "channel_class": "major",
        "upstream_area_km2": 16.845,
        "source": "HydroSim D8 flow accumulation"
      },
      "geometry": {
        "type": "LineString",
        "coordinates": [
          [
            39.639214557966824,
            21.444833876815338
          ],
          [
            39.6392181007622,
            21.44564699147142
          ],
          [
            39.638351932045296,
            21.44619238254389
          ],
          [
            39.638933313474055,
            21.446732249646946
          ],
          [
            39.638648522186045,
            21.44781750730296
          ]
        ]
      }
    },
    {
      "type": "Feature",
      "properties": {
        "channel_class": "drainage",
        "upstream_area_km2": 1.065,
        "source": "HydroSim D8 flow accumulation"
      },
      "geometry": {
        "type": "LineString",
        "coordinates": [
          [
            39.69595766488249,
            21.444607569281523
          ],
          [
            39.69508915363611,
            21.444611178105177
          ],
          [
            39.6933598163638,
            21.446244593550137
          ],
          [
            39.687870616224856,
            21.44870660882419
          ]
        ]
      }
    },
    {
      "type": "Feature",
      "properties": {
        "channel_class": "major",
        "upstream_area_km2": 115.346,
        "source": "HydroSim D8 flow accumulation"
      },
      "geometry": {
        "type": "LineString",
        "coordinates": [
          [
            39.80683453570889,
            21.443838810521495
          ],
          [
            39.80596158464185,
            21.443029909633477
          ],
          [
            39.80480955816099,
            21.444119594394714
          ],
          [
            39.80365157591143,
            21.44412515805122
          ],
          [
            39.803069617595355,
            21.443585879960324
          ],
          [
            39.802205579530415,
            21.444403129861463
          ],
          [
            39.801908676381814,
            21.44304937434433
          ],
          [
            39.80075513939323,
            21.443868003545795
          ],
          [
            39.800173192419706,
            21.443328715003247
          ]
        ]
      }
    },
    {
      "type": "Feature",
      "properties": {
        "channel_class": "major",
        "upstream_area_km2": 264.833,
        "source": "HydroSim D8 flow accumulation"
      },
      "geometry": {
        "type": "LineString",
        "coordinates": [
          [
            39.63023748725808,
            21.444325831420436
          ],
          [
            39.62937361698824,
            21.445413254214237
          ],
          [
            39.62995496308337,
            21.445953153446215
          ],
          [
            39.6293782681695,
            21.446497409068343
          ],
          [
            39.630250295554006,
            21.447307256819627
          ],
          [
            39.62823066956315,
            21.44894110805391
          ],
          [
            39.628522508619724,
            21.449482098340486
          ],
          [
            39.627656276331315,
            21.45002743534602
          ],
          [
            39.627949276011385,
            21.450839465197827
          ],
          [
            39.62737255475571,
            21.451383714244923
          ],
          [
            39.62737951158361,
            21.453009945939904
          ],
          [
            39.627960881424364,
            21.453549851055225
          ]
        ]
      }
    },
    {
      "type": "Feature",
      "properties": {
        "channel_class": "major",
        "upstream_area_km2": 117.625,
        "source": "HydroSim D8 flow accumulation"
      },
      "geometry": {
        "type": "LineString",
        "coordinates": [
          [
            39.79872719617522,
            21.44360665674898
          ],
          [
            39.797852815934355,
            21.44252668327257
          ],
          [
            39.796697787622314,
            21.443074256246394
          ],
          [
            39.79407913942162,
            21.44064737432253
          ],
          [
            39.79609527248898,
            21.438740546646013
          ],
          [
            39.79666688716071,
            21.43738264726061
          ],
          [
            39.795503079668,
            21.436304036199974
          ]
        ]
      }
    },
    {
      "type": "Feature",
      "properties": {
        "channel_class": "drainage",
        "upstream_area_km2": 4.5,
        "source": "HydroSim D8 flow accumulation"
      },
      "geometry": {
        "type": "LineString",
        "coordinates": [
          [
            39.64326409637248,
            21.44400523571665
          ],
          [
            39.64123163358903,
            21.442657820298063
          ]
        ]
      }
    },
    {
      "type": "Feature",
      "properties": {
        "channel_class": "major",
        "upstream_area_km2": 116.474,
        "source": "HydroSim D8 flow accumulation"
      },
      "geometry": {
        "type": "LineString",
        "coordinates": [
          [
            39.800173192419706,
            21.443328715003247
          ],
          [
            39.79872719617522,
            21.44360665674898
          ]
        ]
      }
    },
    {
      "type": "Feature",
      "properties": {
        "channel_class": "major",
        "upstream_area_km2": 43.085,
        "source": "HydroSim D8 flow accumulation"
      },
      "geometry": {
        "type": "LineString",
        "coordinates": [
          [
            39.80943699758219,
            21.44328417556709
          ],
          [
            39.80828350266132,
            21.444102855371163
          ],
          [
            39.80683453570889,
            21.443838810521495
          ]
        ]
      }
    },
    {
      "type": "Feature",
      "properties": {
        "channel_class": "drainage",
        "upstream_area_km2": 1.715,
        "source": "HydroSim D8 flow accumulation"
      },
      "geometry": {
        "type": "LineString",
        "coordinates": [
          [
            39.91365139266885,
            21.442476769556233
          ],
          [
            39.91048220438111,
            21.44493330701259
          ],
          [
            39.909324247817466,
            21.444939601881245
          ],
          [
            39.906732245446456,
            21.447121904325677
          ],
          [
            39.90557427040101,
            21.447128173861522
          ],
          [
            39.90154301024002,
            21.450673331459562
          ],
          [
            39.900970667859845,
            21.451760534961558
          ],
          [
            39.89895245073509,
            21.453126540922373
          ],
          [
            39.899246942899254,
            21.45393804938485
          ],
          [
            39.898092231492654,
            21.454486311844637
          ]
        ]
      }
    },
    {
      "type": "Feature",
      "properties": {
        "channel_class": "drainage",
        "upstream_area_km2": 0.318,
        "source": "HydroSim D8 flow accumulation"
      },
      "geometry": {
        "type": "LineString",
        "coordinates": [
          [
            39.62531239967161,
            21.44353117239772
          ],
          [
            39.62618554392441,
            21.44461208152463
          ],
          [
            39.626191328259644,
            21.445967276030235
          ],
          [
            39.62561461896628,
            21.446511519025666
          ]
        ]
      }
    },
    {
      "type": "Feature",
      "properties": {
        "channel_class": "major",
        "upstream_area_km2": 12.364,
        "source": "HydroSim D8 flow accumulation"
      },
      "geometry": {
        "type": "LineString",
        "coordinates": [
          [
            39.763983405238825,
            21.442955723487934
          ],
          [
            39.76339313228429,
            21.440790116167793
          ]
        ]
      }
    },
    {
      "type": "Feature",
      "properties": {
        "channel_class": "major",
        "upstream_area_km2": 24.923,
        "source": "HydroSim D8 flow accumulation"
      },
      "geometry": {
        "type": "LineString",
        "coordinates": [
          [
            39.85285760773846,
            21.442526514542948
          ],
          [
            39.85170751870249,
            21.443887535854422
          ],
          [
            39.85112539087448,
            21.44334843052734
          ],
          [
            39.85140387257312,
            21.441449782007133
          ],
          [
            39.849366482689675,
            21.439562898244656
          ]
        ]
      }
    },
    {
      "type": "Feature",
      "properties": {
        "channel_class": "drainage",
        "upstream_area_km2": 1.06,
        "source": "HydroSim D8 flow accumulation"
      },
      "geometry": {
        "type": "LineString",
        "coordinates": [
          [
            39.923492126927115,
            21.44215173948696
          ],
          [
            39.92235123464461,
            21.444868322869784
          ],
          [
            39.92264754075728,
            21.44595080676355
          ],
          [
            39.92352112965005,
            21.446759076269846
          ]
        ]
      }
    },
    {
      "type": "Feature",
      "properties": {
        "channel_class": "drainage",
        "upstream_area_km2": 1.632,
        "source": "HydroSim D8 flow accumulation"
      },
      "geometry": {
        "type": "LineString",
        "coordinates": [
          [
            39.61083596215304,
            21.443313579931917
          ],
          [
            39.610548711796135,
            21.443856715614707
          ],
          [
            39.61112998408246,
            21.444396682149236
          ],
          [
            39.61228801680556,
            21.44439245024568
          ],
          [
            39.61403187174048,
            21.44601232454966
          ]
        ]
      }
    },
    {
      "type": "Feature",
      "properties": {
        "channel_class": "drainage",
        "upstream_area_km2": 0.307,
        "source": "HydroSim D8 flow accumulation"
      },
      "geometry": {
        "type": "LineString",
        "coordinates": [
          [
            39.77990421393847,
            21.442611268047045
          ],
          [
            39.78047887744619,
            21.44179547955083
          ],
          [
            39.779895570508636,
            21.44098508776883
          ]
        ]
      }
    },
    {
      "type": "Feature",
      "properties": {
        "channel_class": "major",
        "upstream_area_km2": 359.329,
        "source": "HydroSim D8 flow accumulation"
      },
      "geometry": {
        "type": "LineString",
        "coordinates": [
          [
            39.57493601042016,
            21.443169685108348
          ],
          [
            39.57406536635841,
            21.442630582678323
          ],
          [
            39.574348507542034,
            21.441003340059904
          ]
        ]
      }
    },
    {
      "type": "Feature",
      "properties": {
        "channel_class": "drainage",
        "upstream_area_km2": 3.756,
        "source": "HydroSim D8 flow accumulation"
      },
      "geometry": {
        "type": "LineString",
        "coordinates": [
          [
            39.57725207146743,
            21.443161714498764
          ],
          [
            39.57493601042016,
            21.443169685108348
          ]
        ]
      }
    },
    {
      "type": "Feature",
      "properties": {
        "channel_class": "drainage",
        "upstream_area_km2": 0.338,
        "source": "HydroSim D8 flow accumulation"
      },
      "geometry": {
        "type": "LineString",
        "coordinates": [
          [
            39.633416212796504,
            21.442958618060146
          ],
          [
            39.63255003725307,
            21.443503979423017
          ],
          [
            39.631969859233884,
            21.443235127713862
          ],
          [
            39.63081766664044,
            21.444594689071547
          ],
          [
            39.63023748725808,
            21.444325831420436
          ]
        ]
      }
    },
    {
      "type": "Feature",
      "properties": {
        "channel_class": "drainage",
        "upstream_area_km2": 0.398,
        "source": "HydroSim D8 flow accumulation"
      },
      "geometry": {
        "type": "LineString",
        "coordinates": [
          [
            39.700580662400945,
            21.44269100211501
          ],
          [
            39.69595766488249,
            21.444607569281523
          ]
        ]
      }
    },
    {
      "type": "Feature",
      "properties": {
        "channel_class": "major",
        "upstream_area_km2": 23.599,
        "source": "HydroSim D8 flow accumulation"
      },
      "geometry": {
        "type": "LineString",
        "coordinates": [
          [
            39.85488087082865,
            21.44197412805973
          ],
          [
            39.85314236892758,
            21.441711964169173
          ],
          [
            39.85285760773846,
            21.442526514542948
          ]
        ]
      }
    },
    {
      "type": "Feature",
      "properties": {
        "channel_class": "drainage",
        "upstream_area_km2": 0.811,
        "source": "HydroSim D8 flow accumulation"
      },
      "geometry": {
        "type": "LineString",
        "coordinates": [
          [
            39.906698745002444,
            21.44170148258054
          ],
          [
            39.903514430228235,
            21.44171869975897
          ],
          [
            39.902077011079705,
            21.44335263470887
          ],
          [
            39.902369831559746,
            21.443893117263865
          ],
          [
            39.901805850126806,
            21.446335430397355
          ],
          [
            39.90007720921961,
            21.44769988775222
          ],
          [
            39.900083861589614,
            21.448783973595162
          ],
          [
            39.89922035364804,
            21.449601706828012
          ],
          [
            39.89864135518806,
            21.449604816954086
          ]
        ]
      }
    },
    {
      "type": "Feature",
      "properties": {
        "channel_class": "drainage",
        "upstream_area_km2": 4.912,
        "source": "HydroSim D8 flow accumulation"
      },
      "geometry": {
        "type": "LineString",
        "coordinates": [
          [
            39.64123163358903,
            21.442657820298063
          ],
          [
            39.64065026050233,
            21.442117960725582
          ],
          [
            39.64007243863137,
            21.44239121382866
          ]
        ]
      }
    },
    {
      "type": "Feature",
      "properties": {
        "channel_class": "drainage",
        "upstream_area_km2": 3.362,
        "source": "HydroSim D8 flow accumulation"
      },
      "geometry": {
        "type": "LineString",
        "coordinates": [
          [
            39.75558382309873,
            21.44218073433252
          ],
          [
            39.755569867328795,
            21.439470418058107
          ],
          [
            39.75498531037076,
            21.438388903136993
          ],
          [
            39.75613488251877,
            21.436757487277262
          ],
          [
            39.75641598615796,
            21.43512998932139
          ]
        ]
      }
    },
    {
      "type": "Feature",
      "properties": {
        "channel_class": "major",
        "upstream_area_km2": 34.716,
        "source": "HydroSim D8 flow accumulation"
      },
      "geometry": {
        "type": "LineString",
        "coordinates": [
          [
            39.835483603040345,
            21.441801028965216
          ],
          [
            39.833159998083744,
            21.440457438945227
          ],
          [
            39.83169567026947,
            21.437483342829246
          ],
          [
            39.830822625960145,
            21.436674574156356
          ],
          [
            39.830243668024714,
            21.436677446010872
          ],
          [
            39.82907962799121,
            21.43559907593178
          ],
          [
            39.82936757348749,
            21.435326615387385
          ],
          [
            39.828205079955396,
            21.43451926555417
          ],
          [
            39.82761848967705,
            21.433166992481695
          ],
          [
            39.82790031939789,
            21.43181042584019
          ],
          [
            39.827318325510404,
            21.431271232541786
          ],
          [
            39.82730916196881,
            21.429645069033988
          ]
        ]
      }
    },
    {
      "type": "Feature",
      "properties": {
        "channel_class": "major",
        "upstream_area_km2": 16.078,
        "source": "HydroSim D8 flow accumulation"
      },
      "geometry": {
        "type": "LineString",
        "coordinates": [
          [
            39.64007243863137,
            21.44239121382866
          ],
          [
            39.639214557966824,
            21.444833876815338
          ]
        ]
      }
    },
    {
      "type": "Feature",
      "properties": {
        "channel_class": "drainage",
        "upstream_area_km2": 0.738,
        "source": "HydroSim D8 flow accumulation"
      },
      "geometry": {
        "type": "LineString",
        "coordinates": [
          [
            39.743713132104325,
            21.441962854869054
          ],
          [
            39.74225742852091,
            21.440343084608518
          ],
          [
            39.742541435126206,
            21.439257670952404
          ],
          [
            39.74398201577684,
            21.43789608282789
          ],
          [
            39.744851853489735,
            21.438163253865383
          ],
          [
            39.746293779793554,
            21.437072678948695
          ],
          [
            39.746572236504825,
            21.434903129624647
          ],
          [
            39.74743240003244,
            21.43327306123719
          ]
        ]
      }
    },
    {
      "type": "Feature",
      "properties": {
        "channel_class": "drainage",
        "upstream_area_km2": 0.285,
        "source": "HydroSim D8 flow accumulation"
      },
      "geometry": {
        "type": "LineString",
        "coordinates": [
          [
            39.77584699231333,
            21.441817010668924
          ],
          [
            39.77642024182612,
            21.440730205134813
          ]
        ]
      }
    },
    {
      "type": "Feature",
      "properties": {
        "channel_class": "drainage",
        "upstream_area_km2": 2.239,
        "source": "HydroSim D8 flow accumulation"
      },
      "geometry": {
        "type": "LineString",
        "coordinates": [
          [
            39.81927068407944,
            21.44161012632977
          ],
          [
            39.81723520005981,
            21.439993865809047
          ]
        ]
      }
    },
    {
      "type": "Feature",
      "properties": {
        "channel_class": "drainage",
        "upstream_area_km2": 0.298,
        "source": "HydroSim D8 flow accumulation"
      },
      "geometry": {
        "type": "LineString",
        "coordinates": [
          [
            39.81956017359126,
            21.441608709313044
          ],
          [
            39.81927068407944,
            21.44161012632977
          ]
        ]
      }
    },
    {
      "type": "Feature",
      "properties": {
        "channel_class": "drainage",
        "upstream_area_km2": 1.579,
        "source": "HydroSim D8 flow accumulation"
      },
      "geometry": {
        "type": "LineString",
        "coordinates": [
          [
            39.86153589634202,
            21.441397944266818
          ],
          [
            39.85921842085536,
            21.44113882227501
          ],
          [
            39.85718410481328,
            21.439794086501564
          ],
          [
            39.85488087082865,
            21.44197412805973
          ]
        ]
      }
    },
    {
      "type": "Feature",
      "properties": {
        "channel_class": "drainage",
        "upstream_area_km2": 2.478,
        "source": "HydroSim D8 flow accumulation"
      },
      "geometry": {
        "type": "LineString",
        "coordinates": [
          [
            39.64846680991493,
            21.442087864500586
          ],
          [
            39.64644865747147,
            21.443992967595154
          ],
          [
            39.645287059368194,
            21.443184321893746
          ],
          [
            39.64326409637248,
            21.44400523571665
          ]
        ]
      }
    },
    {
      "type": "Feature",
      "properties": {
        "channel_class": "drainage",
        "upstream_area_km2": 2.923,
        "source": "HydroSim D8 flow accumulation"
      },
      "geometry": {
        "type": "LineString",
        "coordinates": [
          [
            39.72576303218671,
            21.441770599615715
          ],
          [
            39.72604045926292,
            21.439330043218195
          ]
        ]
      }
    },
    {
      "type": "Feature",
      "properties": {
        "channel_class": "drainage",
        "upstream_area_km2": 0.983,
        "source": "HydroSim D8 flow accumulation"
      },
      "geometry": {
        "type": "LineString",
        "coordinates": [
          [
            39.73821135102054,
            21.44171616836647
          ],
          [
            39.7376282729268,
            21.44090562240356
          ],
          [
            39.73849129815723,
            21.439817662694146
          ],
          [
            39.73848584252632,
            21.438733531746518
          ],
          [
            39.736451255663326,
            21.437116260428187
          ],
          [
            39.73760239057463,
            21.43575599880551
          ],
          [
            39.73817045368736,
            21.433585184135367
          ],
          [
            39.73554884335877,
            21.4303442507059
          ]
        ]
      }
    },
    {
      "type": "Feature",
      "properties": {
        "channel_class": "major",
        "upstream_area_km2": 21.568,
        "source": "HydroSim D8 flow accumulation"
      },
      "geometry": {
        "type": "LineString",
        "coordinates": [
          [
            39.61401485698428,
            21.441946731006965
          ],
          [
            39.61401712538636,
            21.442488810260745
          ],
          [
            39.614889045740874,
            21.443298741055827
          ],
          [
            39.61460862319314,
            21.445468120444165
          ],
          [
            39.61403187174048,
            21.44601232454966
          ]
        ]
      }
    },
    {
      "type": "Feature",
      "properties": {
        "channel_class": "drainage",
        "upstream_area_km2": 0.281,
        "source": "HydroSim D8 flow accumulation"
      },
      "geometry": {
        "type": "LineString",
        "coordinates": [
          [
            39.65020261800889,
            21.441810089156004
          ],
          [
            39.649331716350346,
            21.44127138457049
          ],
          [
            39.64846680991493,
            21.442087864500586
          ]
        ]
      }
    },
    {
      "type": "Feature",
      "properties": {
        "channel_class": "major",
        "upstream_area_km2": 32.951,
        "source": "HydroSim D8 flow accumulation"
      },
      "geometry": {
        "type": "LineString",
        "coordinates": [
          [
            39.83663692168127,
            21.440982166944238
          ],
          [
            39.835483603040345,
            21.441801028965216
          ]
        ]
      }
    },
    {
      "type": "Feature",
      "properties": {
        "channel_class": "drainage",
        "upstream_area_km2": 0.288,
        "source": "HydroSim D8 flow accumulation"
      },
      "geometry": {
        "type": "LineString",
        "coordinates": [
          [
            39.57869426419284,
            21.441801509765803
          ],
          [
            39.57725207146743,
            21.443161714498764
          ]
        ]
      }
    },
    {
      "type": "Feature",
      "properties": {
        "channel_class": "drainage",
        "upstream_area_km2": 0.912,
        "source": "HydroSim D8 flow accumulation"
      },
      "geometry": {
        "type": "LineString",
        "coordinates": [
          [
            39.60011757322676,
            21.441726082726213
          ],
          [
            39.60156953553768,
            21.442805048451987
          ],
          [
            39.602725331025006,
            21.442258802607135
          ],
          [
            39.603885579694904,
            21.442796709499504
          ],
          [
            39.60446347397609,
            21.442523579659756
          ],
          [
            39.60533869792094,
            21.444146681512187
          ],
          [
            39.60649448911115,
            21.4436004098102
          ],
          [
            39.60852216108518,
            21.443864094957345
          ],
          [
            39.61025469532053,
            21.442773612179145
          ],
          [
            39.61083596215304,
            21.443313579931917
          ]
        ]
      }
    },
    {
      "type": "Feature",
      "properties": {
        "channel_class": "major",
        "upstream_area_km2": 124.637,
        "source": "HydroSim D8 flow accumulation"
      },
      "geometry": {
        "type": "LineString",
        "coordinates": [
          [
            39.779895570508636,
            21.44098508776883
          ],
          [
            39.77902853607411,
            21.441260161566873
          ],
          [
            39.77844667699968,
            21.440720794551385
          ],
          [
            39.77642024182612,
            21.440730205134813
          ]
        ]
      }
    },
    {
      "type": "Feature",
      "properties": {
        "channel_class": "major",
        "upstream_area_km2": 32.227,
        "source": "HydroSim D8 flow accumulation"
      },
      "geometry": {
        "type": "LineString",
        "coordinates": [
          [
            39.84126715688954,
            21.44068792884479
          ],
          [
            39.83953023993523,
            21.44069664829398
          ],
          [
            39.83808745242412,
            21.441516979226456
          ],
          [
            39.83663692168127,
            21.440982166944238
          ]
        ]
      }
    },
    {
      "type": "Feature",
      "properties": {
        "channel_class": "drainage",
        "upstream_area_km2": 0.28,
        "source": "HydroSim D8 flow accumulation"
      },
      "geometry": {
        "type": "LineString",
        "coordinates": [
          [
            39.66206969426394,
            21.44122149297129
          ],
          [
            39.6600346666265,
            21.439332234296078
          ]
        ]
      }
    },
    {
      "type": "Feature",
      "properties": {
        "channel_class": "major",
        "upstream_area_km2": 145.37,
        "source": "HydroSim D8 flow accumulation"
      },
      "geometry": {
        "type": "LineString",
        "coordinates": [
          [
            39.76339313228429,
            21.440790116167793
          ],
          [
            39.761070168579096,
            21.43944550439199
          ],
          [
            39.75757670826407,
            21.43566681786376
          ]
        ]
      }
    },
    {
      "type": "Feature",
      "properties": {
        "channel_class": "major",
        "upstream_area_km2": 125.378,
        "source": "HydroSim D8 flow accumulation"
      },
      "geometry": {
        "type": "LineString",
        "coordinates": [
          [
            39.77642024182612,
            21.440730205134813
          ],
          [
            39.77525798269073,
            21.43992248042046
          ],
          [
            39.774390944943185,
            21.440197530305145
          ],
          [
            39.77091136916388,
            21.43912944041899
          ],
          [
            39.76859546414178,
            21.439140088381894
          ],
          [
            39.767434676417444,
            21.43860333847022
          ],
          [
            39.76714660596152,
            21.438875696138926
          ]
        ]
      }
    },
    {
      "type": "Feature",
      "properties": {
        "channel_class": "major",
        "upstream_area_km2": 124.016,
        "source": "HydroSim D8 flow accumulation"
      },
      "geometry": {
        "type": "LineString",
        "coordinates": [
          [
            39.78105209202164,
            21.44070865919472
          ],
          [
            39.779895570508636,
            21.44098508776883
          ]
        ]
      }
    },
    {
      "type": "Feature",
      "properties": {
        "channel_class": "major",
        "upstream_area_km2": 120.946,
        "source": "HydroSim D8 flow accumulation"
      },
      "geometry": {
        "type": "LineString",
        "coordinates": [
          [
            39.7859734264847,
            21.44068562624689
          ],
          [
            39.784233588708226,
            21.440151712419564
          ],
          [
            39.783369461848906,
            21.440968868030495
          ],
          [
            39.78249520824365,
            21.43988881003307
          ],
          [
            39.78105209202164,
            21.44070865919472
          ]
        ]
      }
    },
    {
      "type": "Feature",
      "properties": {
        "channel_class": "drainage",
        "upstream_area_km2": 0.556,
        "source": "HydroSim D8 flow accumulation"
      },
      "geometry": {
        "type": "LineString",
        "coordinates": [
          [
            39.56392741407869,
            21.441309813438526
          ],
          [
            39.56103651269453,
            21.442403709346237
          ],
          [
            39.56045128749154,
            21.440779395307548
          ],
          [
            39.55871116907838,
            21.439972074192145
          ],
          [
            39.56014833470631,
            21.437256813620788
          ]
        ]
      }
    },
    {
      "type": "Feature",
      "properties": {
        "channel_class": "major",
        "upstream_area_km2": 132.593,
        "source": "HydroSim D8 flow accumulation"
      },
      "geometry": {
        "type": "LineString",
        "coordinates": [
          [
            39.76483917846101,
            21.440512478386893
          ],
          [
            39.76425878447623,
            21.440244091450232
          ],
          [
            39.76339313228429,
            21.440790116167793
          ]
        ]
      }
    },
    {
      "type": "Feature",
      "properties": {
        "channel_class": "drainage",
        "upstream_area_km2": 0.273,
        "source": "HydroSim D8 flow accumulation"
      },
      "geometry": {
        "type": "LineString",
        "coordinates": [
          [
            39.765707651899966,
            21.440508508396732
          ],
          [
            39.76483917846101,
            21.440512478386893
          ]
        ]
      }
    },
    {
      "type": "Feature",
      "properties": {
        "channel_class": "major",
        "upstream_area_km2": 42.6,
        "source": "HydroSim D8 flow accumulation"
      },
      "geometry": {
        "type": "LineString",
        "coordinates": [
          [
            39.811157476869475,
            21.44029445955086
          ],
          [
            39.811449961866586,
            21.440835112651637
          ],
          [
            39.81058748493739,
            21.44192343212353
          ],
          [
            39.81000850335222,
            21.441926234664646
          ],
          [
            39.80914451466908,
            21.442743519025342
          ],
          [
            39.80943699758219,
            21.44328417556709
          ]
        ]
      }
    },
    {
      "type": "Feature",
      "properties": {
        "channel_class": "drainage",
        "upstream_area_km2": 0.347,
        "source": "HydroSim D8 flow accumulation"
      },
      "geometry": {
        "type": "LineString",
        "coordinates": [
          [
            39.89134458395282,
            21.439886724624593
          ],
          [
            39.891921897918024,
            21.439612618728127
          ],
          [
            39.893953211010086,
            21.440414877224683
          ],
          [
            39.894816697358095,
            21.439597171145508
          ]
        ]
      }
    },
    {
      "type": "Feature",
      "properties": {
        "channel_class": "major",
        "upstream_area_km2": 360.364,
        "source": "HydroSim D8 flow accumulation"
      },
      "geometry": {
        "type": "LineString",
        "coordinates": [
          [
            39.574348507542034,
            21.441003340059904
          ],
          [
            39.57376420183472,
            21.43965011712503
          ],
          [
            39.572316697557035,
            21.439655071580212
          ],
          [
            39.57087341045772,
            21.440744180774885
          ],
          [
            39.569712241044904,
            21.43993499994666
          ],
          [
            39.569135340230886,
            21.440479053032966
          ],
          [
            39.56855423458771,
            21.439938936536183
          ],
          [
            39.568543734364795,
            21.43722851678225
          ]
        ]
      }
    },
    {
      "type": "Feature",
      "properties": {
        "channel_class": "drainage",
        "upstream_area_km2": 2.927,
        "source": "HydroSim D8 flow accumulation"
      },
      "geometry": {
        "type": "LineString",
        "coordinates": [
          [
            39.81723520005981,
            21.439993865809047
          ],
          [
            39.81636372497769,
            21.439456047597137
          ],
          [
            39.8140493438129,
            21.43973835228223
          ],
          [
            39.81318388889298,
            21.440284628701555
          ],
          [
            39.811733453382296,
            21.439749597236087
          ],
          [
            39.811157476869475,
            21.44029445955086
          ]
        ]
      }
    },
    {
      "type": "Feature",
      "properties": {
        "channel_class": "major",
        "upstream_area_km2": 31.417,
        "source": "HydroSim D8 flow accumulation"
      },
      "geometry": {
        "type": "LineString",
        "coordinates": [
          [
            39.845604759991204,
            21.439852974406104
          ],
          [
            39.8441604573613,
            21.44040233063592
          ],
          [
            39.84357992863189,
            21.440134223283298
          ],
          [
            39.84300407296346,
            21.440679191379097
          ],
          [
            39.84126715688954,
            21.44068792884479
          ]
        ]
      }
    },
    {
      "type": "Feature",
      "properties": {
        "channel_class": "drainage",
        "upstream_area_km2": 2.124,
        "source": "HydroSim D8 flow accumulation"
      },
      "geometry": {
        "type": "LineString",
        "coordinates": [
          [
            39.894816697358095,
            21.439597171145508
          ],
          [
            39.896852994144844,
            21.44121245979634
          ],
          [
            39.8977197844207,
            21.44093678299941
          ],
          [
            39.8985915504604,
            21.441474167231174
          ],
          [
            39.89946996867928,
            21.44309563342729
          ],
          [
            39.90034175391038,
            21.443633007732657
          ],
          [
            39.900346743574886,
            21.44444607246364
          ],
          [
            39.899486585248525,
            21.445805849710887
          ],
          [
            39.899777739262554,
            21.44607531525597
          ],
          [
            39.89863139236147,
            21.44797868764974
          ],
          [
            39.89864135518806,
            21.449604816954086
          ]
        ]
      }
    },
    {
      "type": "Feature",
      "properties": {
        "channel_class": "drainage",
        "upstream_area_km2": 0.565,
        "source": "HydroSim D8 flow accumulation"
      },
      "geometry": {
        "type": "LineString",
        "coordinates": [
          [
            39.69130517085686,
            21.440290197356223
          ],
          [
            39.69043285870086,
            21.439480674656615
          ],
          [
            39.68869589468137,
            21.43948782884305
          ],
          [
            39.687532839123065,
            21.438408445241826
          ],
          [
            39.6878197905967,
            21.437865184651994
          ],
          [
            39.686655486508386,
            21.436514758352978
          ]
        ]
      }
    },
    {
      "type": "Feature",
      "properties": {
        "channel_class": "drainage",
        "upstream_area_km2": 0.4,
        "source": "HydroSim D8 flow accumulation"
      },
      "geometry": {
        "type": "LineString",
        "coordinates": [
          [
            39.730386874961425,
            21.44012425518301
          ],
          [
            39.72864722684724,
            21.439589757450427
          ],
          [
            39.72691430367314,
            21.440410408376334
          ],
          [
            39.72604045926292,
            21.439330043218195
          ]
        ]
      }
    },
    {
      "type": "Feature",
      "properties": {
        "channel_class": "major",
        "upstream_area_km2": 30.658,
        "source": "HydroSim D8 flow accumulation"
      },
      "geometry": {
        "type": "LineString",
        "coordinates": [
          [
            39.846471648859996,
            21.43957755996581
          ],
          [
            39.845604759991204,
            21.439852974406104
          ]
        ]
      }
    },
    {
      "type": "Feature",
      "properties": {
        "channel_class": "major",
        "upstream_area_km2": 26.866,
        "source": "HydroSim D8 flow accumulation"
      },
      "geometry": {
        "type": "LineString",
        "coordinates": [
          [
            39.849366482689675,
            21.439562898244656
          ],
          [
            39.846471648859996,
            21.43957755996581
          ]
        ]
      }
    },
    {
      "type": "Feature",
      "properties": {
        "channel_class": "major",
        "upstream_area_km2": 119.093,
        "source": "HydroSim D8 flow accumulation"
      },
      "geometry": {
        "type": "LineString",
        "coordinates": [
          [
            39.78886249800233,
            21.439587891821642
          ],
          [
            39.788574466726736,
            21.439860285182984
          ],
          [
            39.78799257944864,
            21.43932095216181
          ]
        ]
      }
    },
    {
      "type": "Feature",
      "properties": {
        "channel_class": "major",
        "upstream_area_km2": 119.445,
        "source": "HydroSim D8 flow accumulation"
      },
      "geometry": {
        "type": "LineString",
        "coordinates": [
          [
            39.78799257944864,
            21.43932095216181
          ],
          [
            39.7859734264847,
            21.44068562624689
          ]
        ]
      }
    },
    {
      "type": "Feature",
      "properties": {
        "channel_class": "drainage",
        "upstream_area_km2": 0.37,
        "source": "HydroSim D8 flow accumulation"
      },
      "geometry": {
        "type": "LineString",
        "coordinates": [
          [
            39.64469257069683,
            21.43966305821916
          ],
          [
            39.644983258948855,
            21.439932981270218
          ],
          [
            39.64267558749868,
            21.4418391549007
          ],
          [
            39.64210132896051,
            21.44292552934275
          ],
          [
            39.64123163358903,
            21.442657820298063
          ]
        ]
      }
    },
    {
      "type": "Feature",
      "properties": {
        "channel_class": "drainage",
        "upstream_area_km2": 0.643,
        "source": "HydroSim D8 flow accumulation"
      },
      "geometry": {
        "type": "LineString",
        "coordinates": [
          [
            39.67016823399168,
            21.439563019052493
          ],
          [
            39.66929727566466,
            21.439024419737738
          ],
          [
            39.66814053222276,
            21.439300081769854
          ],
          [
            39.665241896116086,
            21.438498498815026
          ],
          [
            39.663498807998366,
            21.437150205629415
          ],
          [
            39.66119142720042,
            21.43905662787338
          ],
          [
            39.6600346666265,
            21.439332234296078
          ]
        ]
      }
    },
    {
      "type": "Feature",
      "properties": {
        "channel_class": "drainage",
        "upstream_area_km2": 3.343,
        "source": "HydroSim D8 flow accumulation"
      },
      "geometry": {
        "type": "LineString",
        "coordinates": [
          [
            39.72604045926292,
            21.439330043218195
          ],
          [
            39.72603509574221,
            21.438245909181138
          ]
        ]
      }
    },
    {
      "type": "Feature",
      "properties": {
        "channel_class": "drainage",
        "upstream_area_km2": 0.319,
        "source": "HydroSim D8 flow accumulation"
      },
      "geometry": {
        "type": "LineString",
        "coordinates": [
          [
            39.86499374992945,
            21.438669787239544
          ],
          [
            39.86412690477653,
            21.4389452962898
          ],
          [
            39.86153589634202,
            21.441397944266818
          ]
        ]
      }
    },
    {
      "type": "Feature",
      "properties": {
        "channel_class": "drainage",
        "upstream_area_km2": 1.253,
        "source": "HydroSim D8 flow accumulation"
      },
      "geometry": {
        "type": "LineString",
        "coordinates": [
          [
            39.6600346666265,
            21.439332234296078
          ],
          [
            39.65945323978128,
            21.438792441234074
          ],
          [
            39.65771627280365,
            21.438799273814702
          ],
          [
            39.657134856419894,
            21.438259472393867
          ],
          [
            39.65626637576557,
            21.438262878830223
          ],
          [
            39.655689810459904,
            21.438807222386554
          ],
          [
            39.6536609327733,
            21.43827307111363
          ]
        ]
      }
    },
    {
      "type": "Feature",
      "properties": {
        "channel_class": "major",
        "upstream_area_km2": 132.3,
        "source": "HydroSim D8 flow accumulation"
      },
      "geometry": {
        "type": "LineString",
        "coordinates": [
          [
            39.76714660596152,
            21.438875696138926
          ],
          [
            39.76628097292352,
            21.439421735317254
          ],
          [
            39.765700580853824,
            21.43915335329484
          ],
          [
            39.76483917846101,
            21.440512478386893
          ]
        ]
      }
    },
    {
      "type": "Feature",
      "properties": {
        "channel_class": "drainage",
        "upstream_area_km2": 0.409,
        "source": "HydroSim D8 flow accumulation"
      },
      "geometry": {
        "type": "LineString",
        "coordinates": [
          [
            39.60908092461404,
            21.438983270831
          ],
          [
            39.60995054398712,
            21.43925114897822
          ],
          [
            39.611404809887944,
            21.440872108228646
          ],
          [
            39.61083032042235,
            21.441958381056335
          ],
          [
            39.61083596215304,
            21.443313579931917
          ]
        ]
      }
    },
    {
      "type": "Feature",
      "properties": {
        "channel_class": "drainage",
        "upstream_area_km2": 0.434,
        "source": "HydroSim D8 flow accumulation"
      },
      "geometry": {
        "type": "LineString",
        "coordinates": [
          [
            39.822435320399364,
            21.43807115696094
          ],
          [
            39.821572942509576,
            21.439159530277614
          ],
          [
            39.820418034675,
            21.439707263511945
          ],
          [
            39.819834520829346,
            21.43889701734399
          ],
          [
            39.81867658411557,
            21.438902683624516
          ],
          [
            39.81723520005981,
            21.439993865809047
          ]
        ]
      }
    },
    {
      "type": "Feature",
      "properties": {
        "channel_class": "drainage",
        "upstream_area_km2": 0.931,
        "source": "HydroSim D8 flow accumulation"
      },
      "geometry": {
        "type": "LineString",
        "coordinates": [
          [
            39.87888390642827,
            21.43778435026764
          ],
          [
            39.87805764034495,
            21.44483551287933
          ]
        ]
      }
    },
    {
      "type": "Feature",
      "properties": {
        "channel_class": "drainage",
        "upstream_area_km2": 0.54,
        "source": "HydroSim D8 flow accumulation"
      },
      "geometry": {
        "type": "LineString",
        "coordinates": [
          [
            39.63889790685731,
            21.438601100109572
          ],
          [
            39.63890144676672,
            21.439414215420975
          ],
          [
            39.637171526419735,
            21.441047065910166
          ],
          [
            39.63775288269453,
            21.441586938057313
          ],
          [
            39.63717858816079,
            21.44267329652716
          ],
          [
            39.639214557966824,
            21.444833876815338
          ]
        ]
      }
    },
    {
      "type": "Feature",
      "properties": {
        "channel_class": "drainage",
        "upstream_area_km2": 0.511,
        "source": "HydroSim D8 flow accumulation"
      },
      "geometry": {
        "type": "LineString",
        "coordinates": [
          [
            39.68058502526243,
            21.438436832187914
          ],
          [
            39.681161494254475,
            21.437892405320177
          ],
          [
            39.68115646262569,
            21.43680826061571
          ],
          [
            39.68230811963034,
            21.435448365112496
          ],
          [
            39.680850629721995,
            21.433285966573987
          ]
        ]
      }
    },
    {
      "type": "Feature",
      "properties": {
        "channel_class": "drainage",
        "upstream_area_km2": 0.392,
        "source": "HydroSim D8 flow accumulation"
      },
      "geometry": {
        "type": "LineString",
        "coordinates": [
          [
            39.69477013298456,
            21.43837856897047
          ],
          [
            39.693613447793076,
            21.438654405621325
          ],
          [
            39.692159595607585,
            21.437305218329364
          ]
        ]
      }
    },
    {
      "type": "Feature",
      "properties": {
        "channel_class": "drainage",
        "upstream_area_km2": 0.625,
        "source": "HydroSim D8 flow accumulation"
      },
      "geometry": {
        "type": "LineString",
        "coordinates": [
          [
            39.70606028615408,
            21.438331337410006
          ],
          [
            39.70692484160138,
            21.437514568663396
          ],
          [
            39.70808148998575,
            21.437238640935863
          ],
          [
            39.71009872947656,
            21.435332817076972
          ]
        ]
      }
    },
    {
      "type": "Feature",
      "properties": {
        "channel_class": "major",
        "upstream_area_km2": 5.087,
        "source": "HydroSim D8 flow accumulation"
      },
      "geometry": {
        "type": "LineString",
        "coordinates": [
          [
            39.72603509574221,
            21.438245909181138
          ],
          [
            39.72632056098181,
            21.437431553006608
          ],
          [
            39.728049419773846,
            21.43579780842626
          ],
          [
            39.72775321644011,
            21.43444389925708
          ],
          [
            39.72918581514576,
            21.43145623384693
          ],
          [
            39.728604173548,
            21.430916686493823
          ]
        ]
      }
    },
    {
      "type": "Feature",
      "properties": {
        "channel_class": "drainage",
        "upstream_area_km2": 1.915,
        "source": "HydroSim D8 flow accumulation"
      },
      "geometry": {
        "type": "LineString",
        "coordinates": [
          [
            39.6536609327733,
            21.43827307111363
          ],
          [
            39.65279727391253,
            21.43936061032701
          ],
          [
            39.650477701674724,
            21.438556511133243
          ],
          [
            39.649328118310706,
            21.440458271111858
          ],
          [
            39.64961881647572,
            21.440728185833265
          ],
          [
            39.64846680991493,
            21.442087864500586
          ]
        ]
      }
    },
    {
      "type": "Feature",
      "properties": {
        "channel_class": "drainage",
        "upstream_area_km2": 0.332,
        "source": "HydroSim D8 flow accumulation"
      },
      "geometry": {
        "type": "LineString",
        "coordinates": [
          [
            39.7856665239829,
            21.437434628012912
          ],
          [
            39.78682591155734,
            21.437700220114998
          ],
          [
            39.787407788053855,
            21.43823955762355
          ],
          [
            39.78712121022256,
            21.438782978205815
          ],
          [
            39.78799257944864,
            21.43932095216181
          ]
        ]
      }
    },
    {
      "type": "Feature",
      "properties": {
        "channel_class": "drainage",
        "upstream_area_km2": 0.427,
        "source": "HydroSim D8 flow accumulation"
      },
      "geometry": {
        "type": "LineString",
        "coordinates": [
          [
            39.84182436284559,
            21.43689065469098
          ],
          [
            39.84182902662036,
            21.43770373276607
          ],
          [
            39.84096524522276,
            21.43852117525674
          ],
          [
            39.841841464429784,
            21.439871940575834
          ],
          [
            39.84126715688954,
            21.44068792884479
          ]
        ]
      }
    },
    {
      "type": "Feature",
      "properties": {
        "channel_class": "drainage",
        "upstream_area_km2": 0.529,
        "source": "HydroSim D8 flow accumulation"
      },
      "geometry": {
        "type": "LineString",
        "coordinates": [
          [
            39.615733680048756,
            21.437603717018334
          ],
          [
            39.61486746731201,
            21.43814898806202
          ],
          [
            39.61516377974169,
            21.43977416271103
          ],
          [
            39.613719685730004,
            21.44059259424281
          ],
          [
            39.614300956127906,
            21.441132550005346
          ],
          [
            39.61401485698428,
            21.441946731006965
          ]
        ]
      }
    },
    {
      "type": "Feature",
      "properties": {
        "channel_class": "major",
        "upstream_area_km2": 263.992,
        "source": "HydroSim D8 flow accumulation"
      },
      "geometry": {
        "type": "LineString",
        "coordinates": [
          [
            39.629050410956104,
            21.437554215184722
          ],
          [
            39.62847374474001,
            21.43809846750624
          ],
          [
            39.628190050753446,
            21.439454748961747
          ],
          [
            39.62849115671115,
            21.442164051735066
          ],
          [
            39.628781821038345,
            21.44243400345492
          ],
          [
            39.62964684188347,
            21.441617622497642
          ],
          [
            39.63022700939236,
            21.44188648257181
          ],
          [
            39.63023748725808,
            21.444325831420436
          ]
        ]
      }
    },
    {
      "type": "Feature",
      "properties": {
        "channel_class": "drainage",
        "upstream_area_km2": 0.934,
        "source": "HydroSim D8 flow accumulation"
      },
      "geometry": {
        "type": "LineString",
        "coordinates": [
          [
            39.692159595607585,
            21.437305218329364
          ],
          [
            39.690714698756786,
            21.43785326700407
          ],
          [
            39.68897775410114,
            21.43786042359825
          ],
          [
            39.68723446311553,
            21.43651238299528
          ],
          [
            39.686655486508386,
            21.436514758352978
          ]
        ]
      }
    },
    {
      "type": "Feature",
      "properties": {
        "channel_class": "drainage",
        "upstream_area_km2": 0.294,
        "source": "HydroSim D8 flow accumulation"
      },
      "geometry": {
        "type": "LineString",
        "coordinates": [
          [
            39.69273729538259,
            21.43703178833426
          ],
          [
            39.692159595607585,
            21.437305218329364
          ]
        ]
      }
    },
    {
      "type": "Feature",
      "properties": {
        "channel_class": "drainage",
        "upstream_area_km2": 1.179,
        "source": "HydroSim D8 flow accumulation"
      },
      "geometry": {
        "type": "LineString",
        "coordinates": [
          [
            39.8858215439786,
            21.436121598698133
          ],
          [
            39.887566580539804,
            21.437467514660618
          ],
          [
            39.88872448507827,
            21.437461372337967
          ],
          [
            39.89016364611168,
            21.436098570336945
          ],
          [
            39.891321539031814,
            21.436092410428564
          ],
          [
            39.89306827264534,
            21.437709289655512
          ],
          [
            39.89307651920147,
            21.439064401160262
          ],
          [
            39.89394990884324,
            21.43987283286681
          ],
          [
            39.894816697358095,
            21.439597171145508
          ]
        ]
      }
    },
    {
      "type": "Feature",
      "properties": {
        "channel_class": "major",
        "upstream_area_km2": 363.618,
        "source": "HydroSim D8 flow accumulation"
      },
      "geometry": {
        "type": "LineString",
        "coordinates": [
          [
            39.56014833470631,
            21.437256813620788
          ],
          [
            39.56072525724718,
            21.436712790840293
          ],
          [
            39.56043265681773,
            21.43590063277273
          ],
          [
            39.55811773421361,
            21.436179410738763
          ],
          [
            39.557535656062626,
            21.43536821187392
          ],
          [
            39.55781381969165,
            21.43238577880536
          ]
        ]
      }
    },
    {
      "type": "Feature",
      "properties": {
        "channel_class": "major",
        "upstream_area_km2": 362.371,
        "source": "HydroSim D8 flow accumulation"
      },
      "geometry": {
        "type": "LineString",
        "coordinates": [
          [
            39.568543734364795,
            21.43722851678225
          ],
          [
            39.56680570953459,
            21.43696336372819
          ],
          [
            39.56622880909629,
            21.4375074069709
          ],
          [
            39.56506664705819,
            21.43642715028073
          ],
          [
            39.564200246074776,
            21.436972163401016
          ],
          [
            39.562750687368535,
            21.436434949975034
          ],
          [
            39.56217377357614,
            21.43697897956446
          ]
        ]
      }
    },
    {
      "type": "Feature",
      "properties": {
        "channel_class": "major",
        "upstream_area_km2": 118.633,
        "source": "HydroSim D8 flow accumulation"
      },
      "geometry": {
        "type": "LineString",
        "coordinates": [
          [
            39.795503079668,
            21.436304036199974
          ],
          [
            39.793776455661124,
            21.43820948427061
          ],
          [
            39.79290653732589,
            21.43794257012643
          ],
          [
            39.79175737387092,
            21.43957422617287
          ],
          [
            39.7903099362238,
            21.439581065252927
          ],
          [
            39.78972804392168,
            21.439041738408577
          ],
          [
            39.78886249800233,
            21.439587891821642
          ]
        ]
      }
    },
    {
      "type": "Feature",
      "properties": {
        "channel_class": "major",
        "upstream_area_km2": 362.939,
        "source": "HydroSim D8 flow accumulation"
      },
      "geometry": {
        "type": "LineString",
        "coordinates": [
          [
            39.56217377357614,
            21.43697897956446
          ],
          [
            39.56130839486937,
            21.437795020330967
          ],
          [
            39.56014833470631,
            21.437256813620788
          ]
        ]
      }
    },
    {
      "type": "Feature",
      "properties": {
        "channel_class": "drainage",
        "upstream_area_km2": 1.669,
        "source": "HydroSim D8 flow accumulation"
      },
      "geometry": {
        "type": "LineString",
        "coordinates": [
          [
            39.686655486508386,
            21.436514758352978
          ],
          [
            39.68578702144798,
            21.4365183176364
          ],
          [
            39.6843319972777,
            21.43489802347214
          ],
          [
            39.68317405601375,
            21.4349027517758
          ],
          [
            39.681138854419686,
            21.433013753036498
          ]
        ]
      }
    },
    {
      "type": "Feature",
      "properties": {
        "channel_class": "drainage",
        "upstream_area_km2": 0.421,
        "source": "HydroSim D8 flow accumulation"
      },
      "geometry": {
        "type": "LineString",
        "coordinates": [
          [
            39.79029096293342,
            21.436057681785762
          ],
          [
            39.789719293225446,
            21.437415561276275
          ],
          [
            39.79030263834497,
            21.438225917942802
          ],
          [
            39.78886249800233,
            21.439587891821642
          ]
        ]
      }
    },
    {
      "type": "Feature",
      "properties": {
        "channel_class": "drainage",
        "upstream_area_km2": 1.699,
        "source": "HydroSim D8 flow accumulation"
      },
      "geometry": {
        "type": "LineString",
        "coordinates": [
          [
            39.674783956424456,
            21.436020938927367
          ],
          [
            39.673913003284675,
            21.435482363291722
          ],
          [
            39.67217608059781,
            21.435489344856187
          ],
          [
            39.670142245501204,
            21.433871245967634
          ],
          [
            39.66898554414763,
            21.434146912905792
          ],
          [
            39.667531957808286,
            21.432797503873598
          ],
          [
            39.66261075862198,
            21.432817048326374
          ],
          [
            39.66203423828823,
            21.4333614129271
          ],
          [
            39.661165787472314,
            21.43336484403134
          ],
          [
            39.6591284493668,
            21.430933494307524
          ],
          [
            39.65768712533453,
            21.43229437291345
          ],
          [
            39.65652919827511,
            21.432298916445507
          ],
          [
            39.655366431168375,
            21.43121930082408
          ],
          [
            39.6542121354142,
            21.43203694165754
          ],
          [
            39.654209719817956,
            21.43149486595783
          ],
          [
            39.65333766023241,
            21.430685142447913
          ],
          [
            39.65217974485489,
            21.430689655585127
          ],
          [
            39.64929454479942,
            21.432869208331528
          ],
          [
            39.646404484329025,
            21.433964560239218
          ]
        ]
      }
    },
    {
      "type": "Feature",
      "properties": {
        "channel_class": "major",
        "upstream_area_km2": 146.72,
        "source": "HydroSim D8 flow accumulation"
      },
      "geometry": {
        "type": "LineString",
        "coordinates": [
          [
            39.75757670826407,
            21.43566681786376
          ],
          [
            39.75641598615796,
            21.43512998932139
          ]
        ]
      }
    },
    {
      "type": "Feature",
      "properties": {
        "channel_class": "drainage",
        "upstream_area_km2": 0.362,
        "source": "HydroSim D8 flow accumulation"
      },
      "geometry": {
        "type": "LineString",
        "coordinates": [
          [
            39.65654495733108,
            21.435822405884178
          ],
          [
            39.65538700217678,
            21.435826942228584
          ],
          [
            39.65336661256078,
            21.437190050276932
          ],
          [
            39.65307832696887,
            21.437462217418854
          ],
          [
            39.6536609327733,
            21.43827307111363
          ]
        ]
      }
    },
    {
      "type": "Feature",
      "properties": {
        "channel_class": "drainage",
        "upstream_area_km2": 0.284,
        "source": "HydroSim D8 flow accumulation"
      },
      "geometry": {
        "type": "LineString",
        "coordinates": [
          [
            39.75091722728195,
            21.43542577745252
          ],
          [
            39.750619429265576,
            21.433800882588603
          ]
        ]
      }
    },
    {
      "type": "Feature",
      "properties": {
        "channel_class": "major",
        "upstream_area_km2": 262.724,
        "source": "HydroSim D8 flow accumulation"
      },
      "geometry": {
        "type": "LineString",
        "coordinates": [
          [
            39.63164768872661,
            21.435647133896722
          ],
          [
            39.629050410956104,
            21.437554215184722
          ]
        ]
      }
    },
    {
      "type": "Feature",
      "properties": {
        "channel_class": "drainage",
        "upstream_area_km2": 2.11,
        "source": "HydroSim D8 flow accumulation"
      },
      "geometry": {
        "type": "LineString",
        "coordinates": [
          [
            39.71009872947656,
            21.435332817076972
          ],
          [
            39.707481610978846,
            21.432904532734412
          ],
          [
            39.708922466119326,
            21.431543237839062
          ],
          [
            39.7094922518847,
            21.429643542712725
          ],
          [
            39.71093305678358,
            21.428282231392533
          ]
        ]
      }
    },
    {
      "type": "Feature",
      "properties": {
        "channel_class": "major",
        "upstream_area_km2": 150.493,
        "source": "HydroSim D8 flow accumulation"
      },
      "geometry": {
        "type": "LineString",
        "coordinates": [
          [
            39.75641598615796,
            21.43512998932139
          ],
          [
            39.75611952436763,
            21.433776137777297
          ],
          [
            39.75495882243609,
            21.433239298415497
          ],
          [
            39.753223347737,
            21.43351815186996
          ],
          [
            39.752641612123426,
            21.432978690937734
          ],
          [
            39.75206543489675,
            21.433523356228555
          ],
          [
            39.75177456860553,
            21.433253623961686
          ],
          [
            39.750619429265576,
            21.433800882588603
          ]
        ]
      }
    },
    {
      "type": "Feature",
      "properties": {
        "channel_class": "drainage",
        "upstream_area_km2": 0.495,
        "source": "HydroSim D8 flow accumulation"
      },
      "geometry": {
        "type": "LineString",
        "coordinates": [
          [
            39.57808963061823,
            21.435298513763435
          ],
          [
            39.57722648401552,
            21.436656718034012
          ],
          [
            39.57694338202382,
            21.438283965455863
          ],
          [
            39.575789643677105,
            21.43937211826344
          ],
          [
            39.57579283406405,
            21.44018524304204
          ],
          [
            39.57492857635805,
            21.44127239422431
          ],
          [
            39.574348507542034,
            21.441003340059904
          ]
        ]
      }
    },
    {
      "type": "Feature",
      "properties": {
        "channel_class": "drainage",
        "upstream_area_km2": 0.267,
        "source": "HydroSim D8 flow accumulation"
      },
      "geometry": {
        "type": "LineString",
        "coordinates": [
          [
            39.63251382220049,
            21.435101777754337
          ],
          [
            39.63164768872661,
            21.435647133896722
          ]
        ]
      }
    },
    {
      "type": "Feature",
      "properties": {
        "channel_class": "drainage",
        "upstream_area_km2": 0.778,
        "source": "HydroSim D8 flow accumulation"
      },
      "geometry": {
        "type": "LineString",
        "coordinates": [
          [
            39.8177824585701,
            21.434299457141623
          ],
          [
            39.81806740239358,
            21.43348495984256
          ],
          [
            39.81632302466192,
            21.432138296273624
          ],
          [
            39.816892918150984,
            21.430509305515766
          ]
        ]
      }
    },
    {
      "type": "Feature",
      "properties": {
        "channel_class": "drainage",
        "upstream_area_km2": 0.53,
        "source": "HydroSim D8 flow accumulation"
      },
      "geometry": {
        "type": "LineString",
        "coordinates": [
          [
            39.56419295314145,
            21.4350748675616
          ],
          [
            39.562163392760944,
            21.434268555859614
          ],
          [
            39.56158648505573,
            21.434812583426634
          ],
          [
            39.561591670077505,
            21.436167795435765
          ],
          [
            39.56217377357614,
            21.43697897956446
          ]
        ]
      }
    },
    {
      "type": "Feature",
      "properties": {
        "channel_class": "drainage",
        "upstream_area_km2": 0.649,
        "source": "HydroSim D8 flow accumulation"
      },
      "geometry": {
        "type": "LineString",
        "coordinates": [
          [
            39.71270014153855,
            21.43450864472567
          ],
          [
            39.712984358467814,
            21.43342327460161
          ],
          [
            39.71095011814964,
            21.431805682390397
          ],
          [
            39.71093305678358,
            21.428282231392533
          ]
        ]
      }
    },
    {
      "type": "Feature",
      "properties": {
        "channel_class": "drainage",
        "upstream_area_km2": 3.781,
        "source": "HydroSim D8 flow accumulation"
      },
      "geometry": {
        "type": "LineString",
        "coordinates": [
          [
            39.85222826464531,
            21.433856654929286
          ],
          [
            39.850211380639635,
            21.435493108547632
          ],
          [
            39.8490644549121,
            21.437396162840365
          ],
          [
            39.84675487700679,
            21.438491993552184
          ],
          [
            39.846471648859996,
            21.43957755996581
          ]
        ]
      }
    },
    {
      "type": "Feature",
      "properties": {
        "channel_class": "drainage",
        "upstream_area_km2": 0.277,
        "source": "HydroSim D8 flow accumulation"
      },
      "geometry": {
        "type": "LineString",
        "coordinates": [
          [
            39.60124671651355,
            21.43467487709556
          ],
          [
            39.602398001028696,
            21.433044472456405
          ]
        ]
      }
    },
    {
      "type": "Feature",
      "properties": {
        "channel_class": "drainage",
        "upstream_area_km2": 0.481,
        "source": "HydroSim D8 flow accumulation"
      },
      "geometry": {
        "type": "LineString",
        "coordinates": [
          [
            39.73064668293336,
            21.434160259720596
          ],
          [
            39.73092806658654,
            21.432532796033698
          ],
          [
            39.729183122812735,
            21.430914166716608
          ],
          [
            39.728604173548,
            21.430916686493823
          ]
        ]
      }
    },
    {
      "type": "Feature",
      "properties": {
        "channel_class": "drainage",
        "upstream_area_km2": 0.576,
        "source": "HydroSim D8 flow accumulation"
      },
      "geometry": {
        "type": "LineString",
        "coordinates": [
          [
            39.77117379935745,
            21.43397852241356
          ],
          [
            39.76972498856952,
            21.43371415093419
          ]
        ]
      }
    },
    {
      "type": "Feature",
      "properties": {
        "channel_class": "drainage",
        "upstream_area_km2": 0.284,
        "source": "HydroSim D8 flow accumulation"
      },
      "geometry": {
        "type": "LineString",
        "coordinates": [
          [
            39.77146327720771,
            21.433977189016954
          ],
          [
            39.77117379935745,
            21.43397852241356
          ]
        ]
      }
    },
    {
      "type": "Feature",
      "properties": {
        "channel_class": "major",
        "upstream_area_km2": 150.897,
        "source": "HydroSim D8 flow accumulation"
      },
      "geometry": {
        "type": "LineString",
        "coordinates": [
          [
            39.750619429265576,
            21.433800882588603
          ],
          [
            39.75004047142725,
            21.433803476798815
          ],
          [
            39.74945597853854,
            21.432721939991445
          ],
          [
            39.74772325863527,
            21.43354280127829
          ],
          [
            39.74743240003244,
            21.43327306123719
          ]
        ]
      }
    },
    {
      "type": "Feature",
      "properties": {
        "channel_class": "major",
        "upstream_area_km2": 6.853,
        "source": "HydroSim D8 flow accumulation"
      },
      "geometry": {
        "type": "LineString",
        "coordinates": [
          [
            39.76972498856952,
            21.43371415093419
          ],
          [
            39.76856849769743,
            21.43399050046868
          ],
          [
            39.76741625319328,
            21.435079935371807
          ],
          [
            39.76771707466978,
            21.437246856496298
          ],
          [
            39.76685286944826,
            21.438063929388004
          ],
          [
            39.76714660596152,
            21.438875696138926
          ]
        ]
      }
    },
    {
      "type": "Feature",
      "properties": {
        "channel_class": "major",
        "upstream_area_km2": 11.111,
        "source": "HydroSim D8 flow accumulation"
      },
      "geometry": {
        "type": "LineString",
        "coordinates": [
          [
            39.646404484329025,
            21.433964560239218
          ],
          [
            39.64582909038845,
            21.434779908819657
          ],
          [
            39.645833860572914,
            21.43586406156703
          ],
          [
            39.64467947404124,
            21.436681638503376
          ],
          [
            39.64409930232159,
            21.43641282849515
          ],
          [
            39.642371848447276,
            21.438587807498603
          ],
          [
            39.640062980501256,
            21.440222907422562
          ],
          [
            39.63948752716093,
            21.441038235099317
          ],
          [
            39.64007243863137,
            21.44239121382866
          ]
        ]
      }
    },
    {
      "type": "Feature",
      "properties": {
        "channel_class": "drainage",
        "upstream_area_km2": 0.571,
        "source": "HydroSim D8 flow accumulation"
      },
      "geometry": {
        "type": "LineString",
        "coordinates": [
          [
            39.72224772681249,
            21.43338357753928
          ],
          [
            39.72311082620719,
            21.432295694162402
          ],
          [
            39.72310682121055,
            21.43148259243689
          ],
          [
            39.72454885117549,
            21.430392201182187
          ],
          [
            39.72396455759605,
            21.42931056919039
          ]
        ]
      }
    },
    {
      "type": "Feature",
      "properties": {
        "channel_class": "major",
        "upstream_area_km2": 151.678,
        "source": "HydroSim D8 flow accumulation"
      },
      "geometry": {
        "type": "LineString",
        "coordinates": [
          [
            39.74743240003244,
            21.43327306123719
          ],
          [
            39.74685068603284,
            21.432733579520054
          ],
          [
            39.74713326622341,
            21.431377126053437
          ]
        ]
      }
    },
    {
      "type": "Feature",
      "properties": {
        "channel_class": "drainage",
        "upstream_area_km2": 4.752,
        "source": "HydroSim D8 flow accumulation"
      },
      "geometry": {
        "type": "LineString",
        "coordinates": [
          [
            39.680850629721995,
            21.433285966573987
          ],
          [
            39.68027292108359,
            21.43355935587494
          ],
          [
            39.678822999757074,
            21.433023156691732
          ],
          [
            39.677077357648955,
            21.431132932385076
          ],
          [
            39.67533674734872,
            21.430326835266733
          ],
          [
            39.67447080709319,
            21.430872408426033
          ],
          [
            39.673019689861356,
            21.430065120711404
          ],
          [
            39.67041563883983,
            21.4303466069037
          ],
          [
            39.66896701796822,
            21.4300813574866
          ],
          [
            39.6683855968394,
            21.429541594751587
          ],
          [
            39.66694437425678,
            21.43090255068407
          ],
          [
            39.6663654173401,
            21.43090485531143
          ],
          [
            39.66520136329068,
            21.429554272074647
          ],
          [
            39.664334161907995,
            21.429828756384246
          ],
          [
            39.6640361050809,
            21.427932642543393
          ],
          [
            39.66258262618119,
            21.426583186781304
          ],
          [
            39.66200490765043,
            21.4268565134796
          ]
        ]
      }
    },
    {
      "type": "Feature",
      "properties": {
        "channel_class": "drainage",
        "upstream_area_km2": 2.974,
        "source": "HydroSim D8 flow accumulation"
      },
      "geometry": {
        "type": "LineString",
        "coordinates": [
          [
            39.681138854419686,
            21.433013753036498
          ],
          [
            39.680850629721995,
            21.433285966573987
          ]
        ]
      }
    },
    {
      "type": "Feature",
      "properties": {
        "channel_class": "drainage",
        "upstream_area_km2": 1.17,
        "source": "HydroSim D8 flow accumulation"
      },
      "geometry": {
        "type": "LineString",
        "coordinates": [
          [
            39.602398001028696,
            21.433044472456405
          ],
          [
            39.603845432275484,
            21.43303925945859
          ],
          [
            39.60673245224452,
            21.431131513671243
          ],
          [
            39.60760426425274,
            21.431941486055617
          ],
          [
            39.60991900836679,
            21.431662027498
          ],
          [
            39.611951039118814,
            21.433009835504958
          ]
        ]
      }
    },
    {
      "type": "Feature",
      "properties": {
        "channel_class": "major",
        "upstream_area_km2": 20.75,
        "source": "HydroSim D8 flow accumulation"
      },
      "geometry": {
        "type": "LineString",
        "coordinates": [
          [
            39.611951039118814,
            21.433009835504958
          ],
          [
            39.61137771180681,
            21.43436715041045
          ],
          [
            39.61195894852836,
            21.434907115497253
          ],
          [
            39.61167397698372,
            21.435992333070338
          ],
          [
            39.61225635199383,
            21.43680333674112
          ],
          [
            39.611398034407905,
            21.439245869250637
          ],
          [
            39.61314068455359,
            21.44059471579067
          ],
          [
            39.61401485698428,
            21.441946731006965
          ]
        ]
      }
    },
    {
      "type": "Feature",
      "properties": {
        "channel_class": "drainage",
        "upstream_area_km2": 3.42,
        "source": "HydroSim D8 flow accumulation"
      },
      "geometry": {
        "type": "LineString",
        "coordinates": [
          [
            39.59081744455085,
            21.432814685026635
          ],
          [
            39.589953342139225,
            21.433901911197296
          ],
          [
            39.58879538743582,
            21.433905986696026
          ],
          [
            39.588218582182385,
            21.434450103790752
          ],
          [
            39.588221840612086,
            21.43526322724613
          ],
          [
            39.586490306828104,
            21.436624525905152
          ],
          [
            39.58736529753819,
            21.43824772828058
          ],
          [
            39.587662392310655,
            21.440143999705075
          ],
          [
            39.587664563159656,
            21.440686081703387
          ],
          [
            39.58679930824633,
            21.441502251182257
          ],
          [
            39.58680472790367,
            21.442857456102463
          ],
          [
            39.58767541842975,
            21.443396491165636
          ],
          [
            39.5870996571234,
            21.44421164564615
          ],
          [
            39.58536692773106,
            21.445301892953985
          ],
          [
            39.58362662455422,
            21.44449483554235
          ],
          [
            39.58130195429483,
            21.442334565138182
          ],
          [
            39.579569202072044,
            21.4434247531472
          ],
          [
            39.57725207146743,
            21.443161714498764
          ]
        ]
      }
    },
    {
      "type": "Feature",
      "properties": {
        "channel_class": "drainage",
        "upstream_area_km2": 0.39,
        "source": "HydroSim D8 flow accumulation"
      },
      "geometry": {
        "type": "LineString",
        "coordinates": [
          [
            39.59863357247891,
            21.432786927006973
          ],
          [
            39.602398001028696,
            21.433044472456405
          ]
        ]
      }
    },
    {
      "type": "Feature",
      "properties": {
        "channel_class": "drainage",
        "upstream_area_km2": 1.885,
        "source": "HydroSim D8 flow accumulation"
      },
      "geometry": {
        "type": "LineString",
        "coordinates": [
          [
            39.870452081255564,
            21.431594654289576
          ],
          [
            39.867846886784484,
            21.431608175429734
          ],
          [
            39.86668582189954,
            21.43107212290936
          ],
          [
            39.86495062704827,
            21.431352126823263
          ],
          [
            39.86204641863597,
            21.429740903683864
          ],
          [
            39.86147385390123,
            21.43082798203554
          ],
          [
            39.85916764904014,
            21.43246602818374
          ],
          [
            39.85830716675913,
            21.433825606377155
          ],
          [
            39.85859980861628,
            21.434366172262255
          ],
          [
            39.85687088520848,
            21.435730194225737
          ],
          [
            39.85658615530523,
            21.436544750441097
          ],
          [
            39.855138771189466,
            21.436552148981832
          ],
          [
            39.85397770954869,
            21.436016008402945
          ],
          [
            39.849366482689675,
            21.439562898244656
          ]
        ]
      }
    },
    {
      "type": "Feature",
      "properties": {
        "channel_class": "major",
        "upstream_area_km2": 6.026,
        "source": "HydroSim D8 flow accumulation"
      },
      "geometry": {
        "type": "LineString",
        "coordinates": [
          [
            39.77087293540826,
            21.43181160799159
          ],
          [
            39.771163832721776,
            21.432081306170424
          ],
          [
            39.77001020092695,
            21.432899727186953
          ],
          [
            39.76972498856952,
            21.43371415093419
          ]
        ]
      }
    },
    {
      "type": "Feature",
      "properties": {
        "channel_class": "drainage",
        "upstream_area_km2": 0.28,
        "source": "HydroSim D8 flow accumulation"
      },
      "geometry": {
        "type": "LineString",
        "coordinates": [
          [
            39.773478196983376,
            21.43179959524595
          ],
          [
            39.77117379935745,
            21.43397852241356
          ]
        ]
      }
    },
    {
      "type": "Feature",
      "properties": {
        "channel_class": "drainage",
        "upstream_area_km2": 0.754,
        "source": "HydroSim D8 flow accumulation"
      },
      "geometry": {
        "type": "LineString",
        "coordinates": [
          [
            39.797214940029114,
            21.431688279323268
          ],
          [
            39.79692693974889,
            21.43196068634975
          ],
          [
            39.79896209436151,
            21.4335772058508
          ],
          [
            39.797520608518866,
            21.434668221948602
          ],
          [
            39.79694753991865,
            21.435755094989002
          ],
          [
            39.79665658927637,
            21.435485443396683
          ],
          [
            39.795503079668,
            21.436304036199974
          ]
        ]
      }
    },
    {
      "type": "Feature",
      "properties": {
        "channel_class": "major",
        "upstream_area_km2": 366.699,
        "source": "HydroSim D8 flow accumulation"
      },
      "geometry": {
        "type": "LineString",
        "coordinates": [
          [
            39.55781381969165,
            21.43238577880536
          ],
          [
            39.556651759617594,
            21.431305460814198
          ],
          [
            39.55579151293207,
            21.43347668732095
          ],
          [
            39.555209458524075,
            21.432665479598064
          ],
          [
            39.55376406332932,
            21.433212357844535
          ],
          [
            39.55347150857264,
            21.432400186288326
          ],
          [
            39.55404741490414,
            21.43158514320323
          ],
          [
            39.55288640906442,
            21.43077584119818
          ],
          [
            39.552597944863436,
            21.431047839579534
          ],
          [
            39.55143491515239,
            21.429696441111798
          ],
          [
            39.55056545184591,
            21.429428255092756
          ]
        ]
      }
    },
    {
      "type": "Feature",
      "properties": {
        "channel_class": "major",
        "upstream_area_km2": 18.81,
        "source": "HydroSim D8 flow accumulation"
      },
      "geometry": {
        "type": "LineString",
        "coordinates": [
          [
            39.612237133737395,
            21.432195657309247
          ],
          [
            39.611951039118814,
            21.433009835504958
          ]
        ]
      }
    },
    {
      "type": "Feature",
      "properties": {
        "channel_class": "drainage",
        "upstream_area_km2": 2.487,
        "source": "HydroSim D8 flow accumulation"
      },
      "geometry": {
        "type": "LineString",
        "coordinates": [
          [
            39.55954971005169,
            21.43210894168792
          ],
          [
            39.558972800723595,
            21.432652960415908
          ],
          [
            39.558391763302396,
            21.43211280664629
          ],
          [
            39.55781381969165,
            21.43238577880536
          ]
        ]
      }
    },
    {
      "type": "Feature",
      "properties": {
        "channel_class": "drainage",
        "upstream_area_km2": 0.259,
        "source": "HydroSim D8 flow accumulation"
      },
      "geometry": {
        "type": "LineString",
        "coordinates": [
          [
            39.591393141818386,
            21.43199951815895
          ],
          [
            39.59081744455085,
            21.432814685026635
          ]
        ]
      }
    },
    {
      "type": "Feature",
      "properties": {
        "channel_class": "drainage",
        "upstream_area_km2": 0.628,
        "source": "HydroSim D8 flow accumulation"
      },
      "geometry": {
        "type": "LineString",
        "coordinates": [
          [
            39.704001351723065,
            21.43156399742301
          ],
          [
            39.70688046654291,
            21.428299384199928
          ],
          [
            39.71006333426376,
            21.428014880442284
          ],
          [
            39.710927807834985,
            21.427198092323348
          ],
          [
            39.710925183484655,
            21.426656022735713
          ]
        ]
      }
    },
    {
      "type": "Feature",
      "properties": {
        "channel_class": "major",
        "upstream_area_km2": 153.243,
        "source": "HydroSim D8 flow accumulation"
      },
      "geometry": {
        "type": "LineString",
        "coordinates": [
          [
            39.74713326622341,
            21.431377126053437
          ],
          [
            39.74625933240588,
            21.430296867999896
          ],
          [
            39.7462524445551,
            21.42894170514637
          ],
          [
            39.74567075244717,
            21.42840221842839
          ],
          [
            39.74364447184697,
            21.42841122737129
          ],
          [
            39.743069649224296,
            21.429226895233963
          ],
          [
            39.7433618640262,
            21.429767676196875
          ],
          [
            39.742785663515214,
            21.430312310399664
          ],
          [
            39.73554884335877,
            21.4303442507059
          ]
        ]
      }
    },
    {
      "type": "Feature",
      "properties": {
        "channel_class": "drainage",
        "upstream_area_km2": 0.684,
        "source": "HydroSim D8 flow accumulation"
      },
      "geometry": {
        "type": "LineString",
        "coordinates": [
          [
            39.83947288365301,
            21.430668677434422
          ],
          [
            39.83919271272441,
            21.432296286562618
          ],
          [
            39.838616869867735,
            21.432841239598176
          ],
          [
            39.839200459681834,
            21.43365141830411
          ],
          [
            39.83891563417206,
            21.43446594776948
          ],
          [
            39.839787157267075,
            21.4350036471885
          ],
          [
            39.83863699996669,
            21.4363645819567
          ],
          [
            39.83922525404345,
            21.437987838386203
          ],
          [
            39.83663692168127,
            21.440982166944238
          ]
        ]
      }
    },
    {
      "type": "Feature",
      "properties": {
        "channel_class": "drainage",
        "upstream_area_km2": 0.744,
        "source": "HydroSim D8 flow accumulation"
      },
      "geometry": {
        "type": "LineString",
        "coordinates": [
          [
            39.62236561889037,
            21.431345191154566
          ],
          [
            39.62381763472245,
            21.432423963813648
          ],
          [
            39.6249767240739,
            21.432690685806556
          ],
          [
            39.62584055529502,
            21.431603285093637
          ],
          [
            39.62671247287095,
            21.43241315534581
          ],
          [
            39.62671710130135,
            21.43349731243687
          ],
          [
            39.62904111799263,
            21.435385902883684
          ],
          [
            39.629050410956104,
            21.437554215184722
          ]
        ]
      }
    },
    {
      "type": "Feature",
      "properties": {
        "channel_class": "major",
        "upstream_area_km2": 262.285,
        "source": "HydroSim D8 flow accumulation"
      },
      "geometry": {
        "type": "LineString",
        "coordinates": [
          [
            39.631918510329506,
            21.43130941787277
          ],
          [
            39.63163369353834,
            21.43239466612343
          ],
          [
            39.63018627624391,
            21.432400119140055
          ],
          [
            39.62932014944505,
            21.432945463238266
          ],
          [
            39.62961428401677,
            21.43402853152469
          ],
          [
            39.63164768872661,
            21.435647133896722
          ]
        ]
      }
    },
    {
      "type": "Feature",
      "properties": {
        "channel_class": "major",
        "upstream_area_km2": 5.599,
        "source": "HydroSim D8 flow accumulation"
      },
      "geometry": {
        "type": "LineString",
        "coordinates": [
          [
            39.728604173548,
            21.430916686493823
          ],
          [
            39.728022536224515,
            21.430377136964612
          ]
        ]
      }
    },
    {
      "type": "Feature",
      "properties": {
        "channel_class": "major",
        "upstream_area_km2": 39.569,
        "source": "HydroSim D8 flow accumulation"
      },
      "geometry": {
        "type": "LineString",
        "coordinates": [
          [
            39.81197196206577,
            21.430533236552407
          ],
          [
            39.81197945707573,
            21.43188837790343
          ],
          [
            39.810833549523295,
            21.43406221443852
          ],
          [
            39.810848521826,
            21.436772496544226
          ],
          [
            39.81027404954291,
            21.43758838392351
          ],
          [
            39.81028003513102,
            21.43867249656654
          ],
          [
            39.811157476869475,
            21.44029445955086
          ]
        ]
      }
    },
    {
      "type": "Feature",
      "properties": {
        "channel_class": "major",
        "upstream_area_km2": 38.748,
        "source": "HydroSim D8 flow accumulation"
      },
      "geometry": {
        "type": "LineString",
        "coordinates": [
          [
            39.816892918150984,
            21.430509305515766
          ],
          [
            39.815156110902244,
            21.430517768270942
          ],
          [
            39.813699758412135,
            21.428898637598635
          ],
          [
            39.81197196206577,
            21.430533236552407
          ]
        ]
      }
    },
    {
      "type": "Feature",
      "properties": {
        "channel_class": "major",
        "upstream_area_km2": 18.026,
        "source": "HydroSim D8 flow accumulation"
      },
      "geometry": {
        "type": "LineString",
        "coordinates": [
          [
            39.612811576411296,
            21.43110937955544
          ],
          [
            39.612237133737395,
            21.432195657309247
          ]
        ]
      }
    },
    {
      "type": "Feature",
      "properties": {
        "channel_class": "drainage",
        "upstream_area_km2": 1.3,
        "source": "HydroSim D8 flow accumulation"
      },
      "geometry": {
        "type": "LineString",
        "coordinates": [
          [
            39.69183817024099,
            21.430530522869677
          ],
          [
            39.68721162305834,
            21.43163373611452
          ],
          [
            39.68547981289756,
            21.43272499879958
          ],
          [
            39.68461010607061,
            21.43245751525401
          ],
          [
            39.68229552155814,
            21.432738002944347
          ],
          [
            39.68171907655658,
            21.433282433399814
          ],
          [
            39.681138854419686,
            21.433013753036498
          ]
        ]
      }
    },
    {
      "type": "Feature",
      "properties": {
        "channel_class": "major",
        "upstream_area_km2": 168.85,
        "source": "HydroSim D8 flow accumulation"
      },
      "geometry": {
        "type": "LineString",
        "coordinates": [
          [
            39.728022536224515,
            21.430377136964612
          ],
          [
            39.726864641546,
            21.430382166374404
          ],
          [
            39.72541325534513,
            21.429575340386435
          ]
        ]
      }
    },
    {
      "type": "Feature",
      "properties": {
        "channel_class": "major",
        "upstream_area_km2": 163.143,
        "source": "HydroSim D8 flow accumulation"
      },
      "geometry": {
        "type": "LineString",
        "coordinates": [
          [
            39.73554884335877,
            21.4303442507059
          ],
          [
            39.73438823949369,
            21.429807265571256
          ],
          [
            39.733523885442594,
            21.43062417128913
          ],
          [
            39.73294223178706,
            21.43008463931105
          ],
          [
            39.73120539501101,
            21.430092231343888
          ],
          [
            39.730334279940884,
            21.429553953528256
          ],
          [
            39.72831335435198,
            21.43064691200122
          ],
          [
            39.728022536224515,
            21.430377136964612
          ]
        ]
      }
    },
    {
      "type": "Feature",
      "properties": {
        "channel_class": "drainage",
        "upstream_area_km2": 0.335,
        "source": "HydroSim D8 flow accumulation"
      },
      "geometry": {
        "type": "LineString",
        "coordinates": [
          [
            39.76796827395432,
            21.429927689802543
          ],
          [
            39.769424146594666,
            21.431547233183036
          ],
          [
            39.77029114398696,
            21.43127220999573
          ],
          [
            39.77087293540826,
            21.43181160799159
          ]
        ]
      }
    },
    {
      "type": "Feature",
      "properties": {
        "channel_class": "drainage",
        "upstream_area_km2": 1.102,
        "source": "HydroSim D8 flow accumulation"
      },
      "geometry": {
        "type": "LineString",
        "coordinates": [
          [
            39.78881006227964,
            21.429830822837957
          ],
          [
            39.78619758882361,
            21.42848792279044
          ],
          [
            39.785332089989524,
            21.429034057128064
          ],
          [
            39.78474881001137,
            21.428223680301937
          ],
          [
            39.78532484199467,
            21.42767890648535
          ],
          [
            39.78416264183791,
            21.426871240682484
          ],
          [
            39.78358660846713,
            21.427416010588626
          ],
          [
            39.783292807150154,
            21.42660427363465
          ],
          [
            39.782421531409746,
            21.42606627157695
          ],
          [
            39.78270810373607,
            21.425522858448357
          ],
          [
            39.78183683658673,
            21.42498485301912
          ],
          [
            39.78212485254518,
            21.424712471279005
          ]
        ]
      }
    },
    {
      "type": "Feature",
      "properties": {
        "channel_class": "drainage",
        "upstream_area_km2": 0.278,
        "source": "HydroSim D8 flow accumulation"
      },
      "geometry": {
        "type": "LineString",
        "coordinates": [
          [
            39.81138853208908,
            21.42972295743076
          ],
          [
            39.81139152774383,
            21.430265014128764
          ],
          [
            39.81197196206577,
            21.430533236552407
          ]
        ]
      }
    },
    {
      "type": "Feature",
      "properties": {
        "channel_class": "major",
        "upstream_area_km2": 36.092,
        "source": "HydroSim D8 flow accumulation"
      },
      "geometry": {
        "type": "LineString",
        "coordinates": [
          [
            39.82730916196881,
            21.429645069033988
          ],
          [
            39.82932317214325,
            21.427466830029747
          ],
          [
            39.829315518787766,
            21.426111693869416
          ],
          [
            39.82815462877999,
            21.42557536778628
          ],
          [
            39.828730484304444,
            21.425030449923746
          ],
          [
            39.82843949925168,
            21.424760854391035
          ],
          [
            39.8269922207985,
            21.424768005895984
          ],
          [
            39.82582982546583,
            21.42396063544934
          ],
          [
            39.82323689068732,
            21.426141679763216
          ],
          [
            39.82149407328926,
            21.425066095429695
          ],
          [
            39.82091667480059,
            21.425339961427074
          ]
        ]
      }
    },
    {
      "type": "Feature",
      "properties": {
        "channel_class": "drainage",
        "upstream_area_km2": 0.823,
        "source": "HydroSim D8 flow accumulation"
      },
      "geometry": {
        "type": "LineString",
        "coordinates": [
          [
            39.84670328541911,
            21.42954814256305
          ],
          [
            39.84583957840437,
            21.43036560851557
          ],
          [
            39.84874519917314,
            21.432248143845694
          ],
          [
            39.84875146721578,
            21.4333322465868
          ],
          [
            39.85105937820664,
            21.43196536530011
          ],
          [
            39.85222039734948,
            21.432501527792397
          ],
          [
            39.85222826464531,
            21.433856654929286
          ]
        ]
      }
    },
    {
      "type": "Feature",
      "properties": {
        "channel_class": "drainage",
        "upstream_area_km2": 1.108,
        "source": "HydroSim D8 flow accumulation"
      },
      "geometry": {
        "type": "LineString",
        "coordinates": [
          [
            39.80762397279532,
            21.42947011771728
          ],
          [
            39.806473550706094,
            21.430830840588932
          ],
          [
            39.807347920024576,
            21.431910770728337
          ],
          [
            39.80475605007563,
            21.43436256864657
          ],
          [
            39.80533797658923,
            21.434901842414423
          ],
          [
            39.804770910391476,
            21.437072854729163
          ],
          [
            39.803330919685884,
            21.43843494873379
          ],
          [
            39.80305033403963,
            21.440062509143353
          ],
          [
            39.8010342767789,
            21.441969418043016
          ],
          [
            39.801326728665074,
            21.442510089791316
          ],
          [
            39.800173192419706,
            21.443328715003247
          ]
        ]
      }
    },
    {
      "type": "Feature",
      "properties": {
        "channel_class": "major",
        "upstream_area_km2": 370.832,
        "source": "HydroSim D8 flow accumulation"
      },
      "geometry": {
        "type": "LineString",
        "coordinates": [
          [
            39.542173475205814,
            21.430268771466572
          ],
          [
            39.541308021428385,
            21.431084711056286
          ],
          [
            39.53985561051279,
            21.429734165336413
          ]
        ]
      }
    },
    {
      "type": "Feature",
      "properties": {
        "channel_class": "major",
        "upstream_area_km2": 169.573,
        "source": "HydroSim D8 flow accumulation"
      },
      "geometry": {
        "type": "LineString",
        "coordinates": [
          [
            39.72541325534513,
            21.429575340386435
          ],
          [
            39.72396455759605,
            21.42931056919039
          ]
        ]
      }
    },
    {
      "type": "Feature",
      "properties": {
        "channel_class": "major",
        "upstream_area_km2": 17.539,
        "source": "HydroSim D8 flow accumulation"
      },
      "geometry": {
        "type": "LineString",
        "coordinates": [
          [
            39.61222696144843,
            21.42975629657769
          ],
          [
            39.612811576411296,
            21.43110937955544
          ]
        ]
      }
    },
    {
      "type": "Feature",
      "properties": {
        "channel_class": "major",
        "upstream_area_km2": 170.791,
        "source": "HydroSim D8 flow accumulation"
      },
      "geometry": {
        "type": "LineString",
        "coordinates": [
          [
            39.72396455759605,
            21.42931056919039
          ],
          [
            39.72309080311546,
            21.42823018473882
          ],
          [
            39.7222210607831,
            21.427962897534012
          ],
          [
            39.72250519567826,
            21.426877512735373
          ],
          [
            39.72076174138032,
            21.42552982430828
          ],
          [
            39.721049875152275,
            21.425257544280488
          ],
          [
            39.71988670478464,
            21.424178387022057
          ],
          [
            39.71902097278674,
            21.424724185406536
          ],
          [
            39.718439394871105,
            21.424184600516977
          ],
          [
            39.716990761261755,
            21.42391976698231
          ]
        ]
      }
    },
    {
      "type": "Feature",
      "properties": {
        "channel_class": "drainage",
        "upstream_area_km2": 0.286,
        "source": "HydroSim D8 flow accumulation"
      },
      "geometry": {
        "type": "LineString",
        "coordinates": [
          [
            39.54390837001991,
            21.429721052911344
          ],
          [
            39.542173475205814,
            21.430268771466572
          ]
        ]
      }
    },
    {
      "type": "Feature",
      "properties": {
        "channel_class": "major",
        "upstream_area_km2": 367.554,
        "source": "HydroSim D8 flow accumulation"
      },
      "geometry": {
        "type": "LineString",
        "coordinates": [
          [
            39.55056545184591,
            21.429428255092756
          ],
          [
            39.549119056258725,
            21.429704049994296
          ],
          [
            39.54766456727839,
            21.427811486464883
          ],
          [
            39.54679814952654,
            21.428356410404337
          ],
          [
            39.54621818148449,
            21.428087256142998
          ],
          [
            39.54650665209001,
            21.427815268526114
          ]
        ]
      }
    },
    {
      "type": "Feature",
      "properties": {
        "channel_class": "drainage",
        "upstream_area_km2": 0.741,
        "source": "HydroSim D8 flow accumulation"
      },
      "geometry": {
        "type": "LineString",
        "coordinates": [
          [
            39.752908849957954,
            21.42864087575083
          ],
          [
            39.75175791399196,
            21.43000123800248
          ],
          [
            39.75002108562039,
            21.43000902512534
          ],
          [
            39.74944490965777,
            21.430553681534015
          ],
          [
            39.749154054096266,
            21.43028394430753
          ],
          [
            39.74829116344804,
            21.43137195628978
          ],
          [
            39.74713326622341,
            21.431377126053437
          ]
        ]
      }
    },
    {
      "type": "Feature",
      "properties": {
        "channel_class": "drainage",
        "upstream_area_km2": 0.572,
        "source": "HydroSim D8 flow accumulation"
      },
      "geometry": {
        "type": "LineString",
        "coordinates": [
          [
            39.83193292598199,
            21.428266991576635
          ],
          [
            39.83020381417381,
            21.429630744947215
          ],
          [
            39.829621821057074,
            21.429091559510134
          ],
          [
            39.8281760291078,
            21.429369749837033
          ],
          [
            39.82760015502867,
            21.42991466612977
          ],
          [
            39.82730916196881,
            21.429645069033988
          ]
        ]
      }
    },
    {
      "type": "Feature",
      "properties": {
        "channel_class": "major",
        "upstream_area_km2": 261.045,
        "source": "HydroSim D8 flow accumulation"
      },
      "geometry": {
        "type": "LineString",
        "coordinates": [
          [
            39.63132789321821,
            21.42860121017358
          ],
          [
            39.63104074695476,
            21.429144379423597
          ],
          [
            39.63191501056285,
            21.430496300670356
          ],
          [
            39.631918510329506,
            21.43130941787277
          ]
        ]
      }
    },
    {
      "type": "Feature",
      "properties": {
        "channel_class": "drainage",
        "upstream_area_km2": 2.886,
        "source": "HydroSim D8 flow accumulation"
      },
      "geometry": {
        "type": "LineString",
        "coordinates": [
          [
            39.71093305678358,
            21.428282231392533
          ],
          [
            39.71179752690171,
            21.42746543890069
          ],
          [
            39.710925183484655,
            21.426656022735713
          ]
        ]
      }
    },
    {
      "type": "Feature",
      "properties": {
        "channel_class": "drainage",
        "upstream_area_km2": 0.743,
        "source": "HydroSim D8 flow accumulation"
      },
      "geometry": {
        "type": "LineString",
        "coordinates": [
          [
            39.55548253878356,
            21.428327834050194
          ],
          [
            39.55346231254364,
            21.429960800035364
          ],
          [
            39.551431861367654,
            21.428883311897707
          ],
          [
            39.55056545184591,
            21.429428255092756
          ]
        ]
      }
    },
    {
      "type": "Feature",
      "properties": {
        "channel_class": "drainage",
        "upstream_area_km2": 2.009,
        "source": "HydroSim D8 flow accumulation"
      },
      "geometry": {
        "type": "LineString",
        "coordinates": [
          [
            39.61164122853732,
            21.428132170885984
          ],
          [
            39.61164574467552,
            21.42921633162841
          ],
          [
            39.61222696144843,
            21.42975629657769
          ]
        ]
      }
    },
    {
      "type": "Feature",
      "properties": {
        "channel_class": "drainage",
        "upstream_area_km2": 0.48,
        "source": "HydroSim D8 flow accumulation"
      },
      "geometry": {
        "type": "LineString",
        "coordinates": [
          [
            39.61743074718509,
            21.42811092891435
          ],
          [
            39.61453598875422,
            21.428121574911692
          ],
          [
            39.6139593034351,
            21.428665778262268
          ],
          [
            39.6142510481845,
            21.42920679697374
          ],
          [
            39.612811576411296,
            21.43110937955544
          ]
        ]
      }
    },
    {
      "type": "Feature",
      "properties": {
        "channel_class": "major",
        "upstream_area_km2": 370.342,
        "source": "HydroSim D8 flow accumulation"
      },
      "geometry": {
        "type": "LineString",
        "coordinates": [
          [
            39.54650665209001,
            21.427815268526114
          ],
          [
            39.54592567905399,
            21.4272750697983
          ],
          [
            39.54447828989521,
            21.427279780986204
          ],
          [
            39.54360784947479,
            21.426740514695055
          ],
          [
            39.54303090034083,
            21.427284479668312
          ],
          [
            39.54216146571447,
            21.42701624931358
          ],
          [
            39.541007550098335,
            21.428104167599997
          ],
          [
            39.54158850880696,
            21.428644383648344
          ],
          [
            39.54303691451434,
            21.428910740616452
          ],
          [
            39.542173475205814,
            21.430268771466572
          ]
        ]
      }
    },
    {
      "type": "Feature",
      "properties": {
        "channel_class": "drainage",
        "upstream_area_km2": 0.313,
        "source": "HydroSim D8 flow accumulation"
      },
      "geometry": {
        "type": "LineString",
        "coordinates": [
          [
            39.55721735781565,
            21.427779979061064
          ],
          [
            39.55664148375553,
            21.428595032710998
          ],
          [
            39.55548253878356,
            21.428327834050194
          ]
        ]
      }
    },
    {
      "type": "Feature",
      "properties": {
        "channel_class": "drainage",
        "upstream_area_km2": 0.34,
        "source": "HydroSim D8 flow accumulation"
      },
      "geometry": {
        "type": "LineString",
        "coordinates": [
          [
            39.634507442750305,
            21.42750502125308
          ],
          [
            39.63392966559813,
            21.427778252487393
          ],
          [
            39.63305890597453,
            21.427239458797725
          ],
          [
            39.63132789321821,
            21.42860121017358
          ]
        ]
      }
    },
    {
      "type": "Feature",
      "properties": {
        "channel_class": "drainage",
        "upstream_area_km2": 2.579,
        "source": "HydroSim D8 flow accumulation"
      },
      "geometry": {
        "type": "LineString",
        "coordinates": [
          [
            39.54708459989778,
            21.4275423351743
          ],
          [
            39.54650665209001,
            21.427815268526114
          ]
        ]
      }
    },
    {
      "type": "Feature",
      "properties": {
        "channel_class": "drainage",
        "upstream_area_km2": 1.249,
        "source": "HydroSim D8 flow accumulation"
      },
      "geometry": {
        "type": "LineString",
        "coordinates": [
          [
            39.76013573596772,
            21.426710965449068
          ],
          [
            39.761598520614015,
            21.429685739216488
          ],
          [
            39.762762032934944,
            21.430764595911143
          ],
          [
            39.76363044912375,
            21.430760638406735
          ],
          [
            39.76537717195267,
            21.432649929022244
          ],
          [
            39.76538423765629,
            21.43400508527859
          ],
          [
            39.763373394311344,
            21.436995679396283
          ],
          [
            39.75989677408217,
            21.436469418460145
          ],
          [
            39.75815287254925,
            21.435122134100013
          ],
          [
            39.75757670826407,
            21.43566681786376
          ]
        ]
      }
    },
    {
      "type": "Feature",
      "properties": {
        "channel_class": "drainage",
        "upstream_area_km2": 0.602,
        "source": "HydroSim D8 flow accumulation"
      },
      "geometry": {
        "type": "LineString",
        "coordinates": [
          [
            39.87331449800691,
            21.426159102168203
          ],
          [
            39.873303215926256,
            21.424261932939835
          ],
          [
            39.872430032028966,
            21.42345338495254
          ],
          [
            39.8715616827003,
            21.42345790512485
          ]
        ]
      }
    },
    {
      "type": "Feature",
      "properties": {
        "channel_class": "drainage",
        "upstream_area_km2": 0.929,
        "source": "HydroSim D8 flow accumulation"
      },
      "geometry": {
        "type": "LineString",
        "coordinates": [
          [
            39.644347156210216,
            21.426925371227963
          ],
          [
            39.640591114209215,
            21.428566037509256
          ],
          [
            39.63972623070339,
            21.42938247286021
          ],
          [
            39.640309912779074,
            21.43046441509512
          ],
          [
            39.63886723464398,
            21.4315540974154
          ],
          [
            39.63712564135595,
            21.43047655915167
          ],
          [
            39.6359700720391,
            21.431023037882127
          ],
          [
            39.63538759212528,
            21.430212118765223
          ],
          [
            39.634234359798945,
            21.43130066351169
          ],
          [
            39.633365916385934,
            21.431303950149385
          ],
          [
            39.6327846176164,
            21.430764060704465
          ],
          [
            39.631918510329506,
            21.43130941787277
          ]
        ]
      }
    },
    {
      "type": "Feature",
      "properties": {
        "channel_class": "major",
        "upstream_area_km2": 8.924,
        "source": "HydroSim D8 flow accumulation"
      },
      "geometry": {
        "type": "LineString",
        "coordinates": [
          [
            39.653031305088994,
            21.426891739347614
          ],
          [
            39.65216529843696,
            21.42743719901229
          ],
          [
            39.65245717951388,
            21.42797814781851
          ],
          [
            39.651592367123484,
            21.42879464275368
          ],
          [
            39.64783636353467,
            21.430435470326486
          ],
          [
            39.64754568948921,
            21.43016555158311
          ],
          [
            39.64696912191067,
            21.430709865646506
          ],
          [
            39.64726935597247,
            21.433148091095386
          ],
          [
            39.646404484329025,
            21.433964560239218
          ]
        ]
      }
    },
    {
      "type": "Feature",
      "properties": {
        "channel_class": "major",
        "upstream_area_km2": 8.276,
        "source": "HydroSim D8 flow accumulation"
      },
      "geometry": {
        "type": "LineString",
        "coordinates": [
          [
            39.66200490765043,
            21.4268565134796
          ],
          [
            39.66084458503643,
            21.426319010452353
          ],
          [
            39.659113848852364,
            21.42768104236607
          ],
          [
            39.657081476510186,
            21.426333814691876
          ],
          [
            39.655055185965864,
            21.426341751193636
          ],
          [
            39.654478661580995,
            21.42688609026792
          ],
          [
            39.65389730523583,
            21.426346275333756
          ],
          [
            39.653031305088994,
            21.426891739347614
          ]
        ]
      }
    },
    {
      "type": "Feature",
      "properties": {
        "channel_class": "drainage",
        "upstream_area_km2": 3.618,
        "source": "HydroSim D8 flow accumulation"
      },
      "geometry": {
        "type": "LineString",
        "coordinates": [
          [
            39.710925183484655,
            21.426656022735713
          ],
          [
            39.71034362654825,
            21.426116409243665
          ],
          [
            39.710339693506455,
            21.425303304640682
          ],
          [
            39.70888582818117,
            21.42395426102021
          ],
          [
            39.70917136421848,
            21.4231399308222
          ]
        ]
      }
    },
    {
      "type": "Feature",
      "properties": {
        "channel_class": "major",
        "upstream_area_km2": 5.635,
        "source": "HydroSim D8 flow accumulation"
      },
      "geometry": {
        "type": "LineString",
        "coordinates": [
          [
            39.77576391118296,
            21.426097237941335
          ],
          [
            39.77634713380024,
            21.426907648028276
          ],
          [
            39.775771070361785,
            21.427452391936196
          ],
          [
            39.77345535220387,
            21.427463101573927
          ],
          [
            39.77288783556285,
            21.429634021397707
          ],
          [
            39.77144618580728,
            21.430724818270576
          ],
          [
            39.77087293540826,
            21.43181160799159
          ]
        ]
      }
    },
    {
      "type": "Feature",
      "properties": {
        "channel_class": "drainage",
        "upstream_area_km2": 0.276,
        "source": "HydroSim D8 flow accumulation"
      },
      "geometry": {
        "type": "LineString",
        "coordinates": [
          [
            39.55634378862598,
            21.426427651300475
          ],
          [
            39.55548253878356,
            21.428327834050194
          ]
        ]
      }
    },
    {
      "type": "Feature",
      "properties": {
        "channel_class": "drainage",
        "upstream_area_km2": 0.268,
        "source": "HydroSim D8 flow accumulation"
      },
      "geometry": {
        "type": "LineString",
        "coordinates": [
          [
            39.78820784716988,
            21.42549706920738
          ],
          [
            39.788204937815266,
            21.424955009123664
          ]
        ]
      }
    },
    {
      "type": "Feature",
      "properties": {
        "channel_class": "major",
        "upstream_area_km2": 37.836,
        "source": "HydroSim D8 flow accumulation"
      },
      "geometry": {
        "type": "LineString",
        "coordinates": [
          [
            39.82091667480059,
            21.425339961427074
          ],
          [
            39.82063176112439,
            21.426154463347885
          ],
          [
            39.819476950094064,
            21.426702187772737
          ],
          [
            39.81746279957833,
            21.428880312907744
          ],
          [
            39.81775679267922,
            21.429691983640055
          ],
          [
            39.816892918150984,
            21.430509305515766
          ]
        ]
      }
    },
    {
      "type": "Feature",
      "properties": {
        "channel_class": "major",
        "upstream_area_km2": 8.454,
        "source": "HydroSim D8 flow accumulation"
      },
      "geometry": {
        "type": "LineString",
        "coordinates": [
          [
            39.73899796536641,
            21.42545036306077
          ],
          [
            39.73813638732726,
            21.426809357859085
          ],
          [
            39.736118277511835,
            21.428444474578114
          ],
          [
            39.73554884335877,
            21.4303442507059
          ]
        ]
      }
    },
    {
      "type": "Feature",
      "properties": {
        "channel_class": "drainage",
        "upstream_area_km2": 0.727,
        "source": "HydroSim D8 flow accumulation"
      },
      "geometry": {
        "type": "LineString",
        "coordinates": [
          [
            39.570236494324526,
            21.425838840558743
          ],
          [
            39.56937122559322,
            21.426654921631247
          ],
          [
            39.56850279928605,
            21.426657871318014
          ],
          [
            39.56590692052423,
            21.429106075380684
          ],
          [
            39.56532691609851,
            21.42883698813991
          ],
          [
            39.56446160219309,
            21.429653044551667
          ],
          [
            39.564176286597096,
            21.430738189735195
          ],
          [
            39.56215716505619,
            21.43264230121359
          ],
          [
            39.56070662135177,
            21.43183402616716
          ],
          [
            39.55954971005169,
            21.43210894168792
          ]
        ]
      }
    },
    {
      "type": "Feature",
      "properties": {
        "channel_class": "drainage",
        "upstream_area_km2": 1.803,
        "source": "HydroSim D8 flow accumulation"
      },
      "geometry": {
        "type": "LineString",
        "coordinates": [
          [
            39.788204937815266,
            21.424955009123664
          ],
          [
            39.78646818403041,
            21.4249631723718
          ],
          [
            39.78588346457455,
            21.42388176857659
          ],
          [
            39.784721292262624,
            21.42307410546185
          ],
          [
            39.783566362299865,
            21.423621585907895
          ],
          [
            39.78241575533597,
            21.424982149939364
          ],
          [
            39.78212485254518,
            21.424712471279005
          ]
        ]
      }
    },
    {
      "type": "Feature",
      "properties": {
        "channel_class": "major",
        "upstream_area_km2": 15.478,
        "source": "HydroSim D8 flow accumulation"
      },
      "geometry": {
        "type": "LineString",
        "coordinates": [
          [
            39.60989311450463,
            21.425428101107638
          ],
          [
            39.61076490878637,
            21.426238057977287
          ],
          [
            39.61077618239386,
            21.428948460625644
          ],
          [
            39.61164800285128,
            21.429758411946686
          ],
          [
            39.61222696144843,
            21.42975629657769
          ]
        ]
      }
    },
    {
      "type": "Feature",
      "properties": {
        "channel_class": "drainage",
        "upstream_area_km2": 2.938,
        "source": "HydroSim D8 flow accumulation"
      },
      "geometry": {
        "type": "LineString",
        "coordinates": [
          [
            39.78212485254518,
            21.424712471279005
          ],
          [
            39.78067035461286,
            21.423364069781314
          ]
        ]
      }
    },
    {
      "type": "Feature",
      "properties": {
        "channel_class": "drainage",
        "upstream_area_km2": 0.403,
        "source": "HydroSim D8 flow accumulation"
      },
      "geometry": {
        "type": "LineString",
        "coordinates": [
          [
            39.654470206116464,
            21.42498882409982
          ],
          [
            39.653599391024606,
            21.42445013849749
          ],
          [
            39.65244393306878,
            21.42499672854272
          ],
          [
            39.653031305088994,
            21.426891739347614
          ]
        ]
      }
    },
    {
      "type": "Feature",
      "properties": {
        "channel_class": "drainage",
        "upstream_area_km2": 0.358,
        "source": "HydroSim D8 flow accumulation"
      },
      "geometry": {
        "type": "LineString",
        "coordinates": [
          [
            39.71670526762811,
            21.42473410927041
          ],
          [
            39.71467506775462,
            21.423929662428588
          ],
          [
            39.71178176256256,
            21.424213021564235
          ]
        ]
      }
    },
    {
      "type": "Feature",
      "properties": {
        "channel_class": "drainage",
        "upstream_area_km2": 1.742,
        "source": "HydroSim D8 flow accumulation"
      },
      "geometry": {
        "type": "LineString",
        "coordinates": [
          [
            39.77488694439752,
            21.424475072107402
          ],
          [
            39.7751778338456,
            21.424744763763748
          ],
          [
            39.774601774139185,
            21.425289503663752
          ],
          [
            39.77576391118296,
            21.426097237941335
          ]
        ]
      }
    },
    {
      "type": "Feature",
      "properties": {
        "channel_class": "drainage",
        "upstream_area_km2": 1.625,
        "source": "HydroSim D8 flow accumulation"
      },
      "geometry": {
        "type": "LineString",
        "coordinates": [
          [
            39.57804907919275,
            21.42499892554315
          ],
          [
            39.57343446432284,
            21.42935151776742
          ],
          [
            39.57141864913271,
            21.432068864292244
          ],
          [
            39.57201240722693,
            21.43586147524009
          ],
          [
            39.57288617702292,
            21.4372137153282
          ],
          [
            39.57115130994209,
            21.43776173319821
          ],
          [
            39.57057231546589,
            21.437763707280627
          ],
          [
            39.56969961531584,
            21.436682496790887
          ],
          [
            39.568543734364795,
            21.43722851678225
          ]
        ]
      }
    },
    {
      "type": "Feature",
      "properties": {
        "channel_class": "drainage",
        "upstream_area_km2": 0.772,
        "source": "HydroSim D8 flow accumulation"
      },
      "geometry": {
        "type": "LineString",
        "coordinates": [
          [
            39.60352252328314,
            21.424909085523613
          ],
          [
            39.6064228204273,
            21.42625383410326
          ],
          [
            39.607294601081776,
            21.427063809293973
          ],
          [
            39.60700736762963,
            21.42760693950516
          ],
          [
            39.60845923652578,
            21.428685849391446
          ],
          [
            39.60817312709228,
            21.42950002180754
          ],
          [
            39.6093321677523,
            21.42976685341174
          ],
          [
            39.612237133737395,
            21.432195657309247
          ]
        ]
      }
    },
    {
      "type": "Feature",
      "properties": {
        "channel_class": "drainage",
        "upstream_area_km2": 1.308,
        "source": "HydroSim D8 flow accumulation"
      },
      "geometry": {
        "type": "LineString",
        "coordinates": [
          [
            39.61133708387731,
            21.424609704154
          ],
          [
            39.611922798342135,
            21.426233832003366
          ],
          [
            39.61164122853732,
            21.428132170885984
          ]
        ]
      }
    },
    {
      "type": "Feature",
      "properties": {
        "channel_class": "drainage",
        "upstream_area_km2": 3.193,
        "source": "HydroSim D8 flow accumulation"
      },
      "geometry": {
        "type": "LineString",
        "coordinates": [
          [
            39.663441241008506,
            21.424411448982053
          ],
          [
            39.66286353258808,
            21.42468477845011
          ],
          [
            39.662867202657196,
            21.425497891228304
          ],
          [
            39.66200490765043,
            21.4268565134796
          ]
        ]
      }
    },
    {
      "type": "Feature",
      "properties": {
        "channel_class": "major",
        "upstream_area_km2": 172.587,
        "source": "HydroSim D8 flow accumulation"
      },
      "geometry": {
        "type": "LineString",
        "coordinates": [
          [
            39.71178176256256,
            21.424213021564235
          ],
          [
            39.711204150008406,
            21.424486515318097
          ],
          [
            39.70917136421848,
            21.4231399308222
          ]
        ]
      }
    },
    {
      "type": "Feature",
      "properties": {
        "channel_class": "drainage",
        "upstream_area_km2": 1.318,
        "source": "HydroSim D8 flow accumulation"
      },
      "geometry": {
        "type": "LineString",
        "coordinates": [
          [
            39.774594626543426,
            21.423934348943167
          ],
          [
            39.77488694439752,
            21.424475072107402
          ]
        ]
      }
    },
    {
      "type": "Feature",
      "properties": {
        "channel_class": "drainage",
        "upstream_area_km2": 2.615,
        "source": "HydroSim D8 flow accumulation"
      },
      "geometry": {
        "type": "LineString",
        "coordinates": [
          [
            39.8715616827003,
            21.42345790512485
          ],
          [
            39.87097635406753,
            21.422376818400476
          ],
          [
            39.87010479964528,
            21.4218392818077
          ],
          [
            39.867795630198394,
            21.422935391260975
          ],
          [
            39.865208151176574,
            21.425930138542515
          ],
          [
            39.86259827760485,
            21.425130499926517
          ],
          [
            39.86086790955708,
            21.426223534735968
          ],
          [
            39.86057686515555,
            21.42595399710314
          ],
          [
            39.858848056989046,
            21.427318036902815
          ],
          [
            39.857978098089255,
            21.42705146222537
          ],
          [
            39.856244510822414,
            21.427602400333093
          ],
          [
            39.85509298737088,
            21.42869241700608
          ],
          [
            39.855678228144235,
            21.429773561521795
          ],
          [
            39.85510245817025,
            21.430318569061786
          ],
          [
            39.85568454658229,
            21.43085766262177
          ],
          [
            39.8545377271878,
            21.432760751886494
          ],
          [
            39.85222826464531,
            21.433856654929286
          ]
        ]
      }
    },
    {
      "type": "Feature",
      "properties": {
        "channel_class": "drainage",
        "upstream_area_km2": 3.613,
        "source": "HydroSim D8 flow accumulation"
      },
      "geometry": {
        "type": "LineString",
        "coordinates": [
          [
            39.60988861218141,
            21.42434393951994
          ],
          [
            39.60989311450463,
            21.425428101107638
          ]
        ]
      }
    },
    {
      "type": "Feature",
      "properties": {
        "channel_class": "major",
        "upstream_area_km2": 171.692,
        "source": "HydroSim D8 flow accumulation"
      },
      "geometry": {
        "type": "LineString",
        "coordinates": [
          [
            39.716990761261755,
            21.42391976698231
          ],
          [
            39.715251351379685,
            21.423385122280393
          ]
        ]
      }
    },
    {
      "type": "Feature",
      "properties": {
        "channel_class": "drainage",
        "upstream_area_km2": 0.426,
        "source": "HydroSim D8 flow accumulation"
      },
      "geometry": {
        "type": "LineString",
        "coordinates": [
          [
            39.70135851011394,
            21.42371490468239
          ],
          [
            39.701641498357546,
            21.42235851520467
          ],
          [
            39.70250469156027,
            21.421270734166086
          ]
        ]
      }
    },
    {
      "type": "Feature",
      "properties": {
        "channel_class": "drainage",
        "upstream_area_km2": 0.862,
        "source": "HydroSim D8 flow accumulation"
      },
      "geometry": {
        "type": "LineString",
        "coordinates": [
          [
            39.76880262800435,
            21.423418955508897
          ],
          [
            39.77024707098926,
            21.42287024459077
          ],
          [
            39.77168580705173,
            21.42123739661612
          ],
          [
            39.77197953314898,
            21.42204915671311
          ],
          [
            39.772849322032386,
            21.422316184098065
          ],
          [
            39.774594626543426,
            21.423934348943167
          ]
        ]
      }
    },
    {
      "type": "Feature",
      "properties": {
        "channel_class": "drainage",
        "upstream_area_km2": 3.357,
        "source": "HydroSim D8 flow accumulation"
      },
      "geometry": {
        "type": "LineString",
        "coordinates": [
          [
            39.78067035461286,
            21.423364069781314
          ],
          [
            39.77951684488689,
            21.424182553452134
          ],
          [
            39.77835613998828,
            21.423645875935218
          ],
          [
            39.777204048978454,
            21.424735374877066
          ],
          [
            39.77662513048187,
            21.424738059916518
          ],
          [
            39.77547301792868,
            21.42582754745951
          ],
          [
            39.77576391118296,
            21.426097237941335
          ]
        ]
      }
    },
    {
      "type": "Feature",
      "properties": {
        "channel_class": "drainage",
        "upstream_area_km2": 1.116,
        "source": "HydroSim D8 flow accumulation"
      },
      "geometry": {
        "type": "LineString",
        "coordinates": [
          [
            39.58788676761382,
            21.423880507750006
          ],
          [
            39.59021123307709,
            21.42604069593295
          ],
          [
            39.58963663995558,
            21.427126900264543
          ],
          [
            39.589648612590686,
            21.43010835438908
          ],
          [
            39.590229754114105,
            21.43064839743098
          ],
          [
            39.59081744455085,
            21.432814685026635
          ]
        ]
      }
    },
    {
      "type": "Feature",
      "properties": {
        "channel_class": "major",
        "upstream_area_km2": 260.482,
        "source": "HydroSim D8 flow accumulation"
      },
      "geometry": {
        "type": "LineString",
        "coordinates": [
          [
            39.63449104821516,
            21.423710473811155
          ],
          [
            39.63334019650175,
            21.425341090488157
          ],
          [
            39.63334370323409,
            21.426154207966214
          ],
          [
            39.63218581902939,
            21.42615858199298
          ],
          [
            39.63132090136289,
            21.426974974978105
          ],
          [
            39.63132789321821,
            21.42860121017358
          ]
        ]
      }
    },
    {
      "type": "Feature",
      "properties": {
        "channel_class": "drainage",
        "upstream_area_km2": 0.864,
        "source": "HydroSim D8 flow accumulation"
      },
      "geometry": {
        "type": "LineString",
        "coordinates": [
          [
            39.670963631861646,
            21.423568361248286
          ],
          [
            39.66980206861408,
            21.42275988296857
          ],
          [
            39.66749376101333,
            21.424395349965238
          ],
          [
            39.666045203701664,
            21.424130073422674
          ],
          [
            39.66460401045968,
            21.42549100927212
          ],
          [
            39.663441241008506,
            21.424411448982053
          ]
        ]
      }
    },
    {
      "type": "Feature",
      "properties": {
        "channel_class": "major",
        "upstream_area_km2": 172.036,
        "source": "HydroSim D8 flow accumulation"
      },
      "geometry": {
        "type": "LineString",
        "coordinates": [
          [
            39.715251351379685,
            21.423385122280393
          ],
          [
            39.713223810069145,
            21.423122726526326
          ],
          [
            39.71178176256256,
            21.424213021564235
          ]
        ]
      }
    },
    {
      "type": "Feature",
      "properties": {
        "channel_class": "drainage",
        "upstream_area_km2": 0.255,
        "source": "HydroSim D8 flow accumulation"
      },
      "geometry": {
        "type": "LineString",
        "coordinates": [
          [
            39.7815372811392,
            21.423088990208615
          ],
          [
            39.78067035461286,
            21.423364069781314
          ]
        ]
      }
    },
    {
      "type": "Feature",
      "properties": {
        "channel_class": "drainage",
        "upstream_area_km2": 0.316,
        "source": "HydroSim D8 flow accumulation"
      },
      "geometry": {
        "type": "LineString",
        "coordinates": [
          [
            39.87242520226626,
            21.42264031202478
          ],
          [
            39.8715616827003,
            21.42345790512485
          ]
        ]
      }
    },
    {
      "type": "Feature",
      "properties": {
        "channel_class": "drainage",
        "upstream_area_km2": 0.257,
        "source": "HydroSim D8 flow accumulation"
      },
      "geometry": {
        "type": "LineString",
        "coordinates": [
          [
            39.60901683413682,
            21.423533977525224
          ],
          [
            39.60988861218141,
            21.42434393951994
          ]
        ]
      }
    },
    {
      "type": "Feature",
      "properties": {
        "channel_class": "drainage",
        "upstream_area_km2": 0.415,
        "source": "HydroSim D8 flow accumulation"
      },
      "geometry": {
        "type": "LineString",
        "coordinates": [
          [
            39.69585615668002,
            21.42319576912778
          ],
          [
            39.6967193983865,
            21.422108016706876
          ],
          [
            39.69699471103326,
            21.419125418724576
          ]
        ]
      }
    },
    {
      "type": "Feature",
      "properties": {
        "channel_class": "major",
        "upstream_area_km2": 176.467,
        "source": "HydroSim D8 flow accumulation"
      },
      "geometry": {
        "type": "LineString",
        "coordinates": [
          [
            39.70917136421848,
            21.4231399308222
          ],
          [
            39.70829906129269,
            21.422330499453665
          ],
          [
            39.70801090875429,
            21.422602758140023
          ],
          [
            39.706850461587784,
            21.42206557715015
          ]
        ]
      }
    },
    {
      "type": "Feature",
      "properties": {
        "channel_class": "drainage",
        "upstream_area_km2": 0.274,
        "source": "HydroSim D8 flow accumulation"
      },
      "geometry": {
        "type": "LineString",
        "coordinates": [
          [
            39.6130682416906,
            21.423248155385036
          ],
          [
            39.6122043615219,
            21.424335492393645
          ],
          [
            39.61133708387731,
            21.424609704154
          ]
        ]
      }
    },
    {
      "type": "Feature",
      "properties": {
        "channel_class": "drainage",
        "upstream_area_km2": 0.698,
        "source": "HydroSim D8 flow accumulation"
      },
      "geometry": {
        "type": "LineString",
        "coordinates": [
          [
            39.73261624949867,
            21.422768001136983
          ],
          [
            39.73233489984315,
            21.42439546847329
          ],
          [
            39.72945374597652,
            21.42711843541935
          ],
          [
            39.72916293301705,
            21.426848662111382
          ],
          [
            39.728297221620394,
            21.427394507741386
          ],
          [
            39.72628167189418,
            21.429571576739704
          ],
          [
            39.72541325534513,
            21.429575340386435
          ]
        ]
      }
    },
    {
      "type": "Feature",
      "properties": {
        "channel_class": "drainage",
        "upstream_area_km2": 0.58,
        "source": "HydroSim D8 flow accumulation"
      },
      "geometry": {
        "type": "LineString",
        "coordinates": [
          [
            39.83595145350735,
            21.422284223126873
          ],
          [
            39.83508156187024,
            21.42201752700972
          ],
          [
            39.83364046612269,
            21.423108843303833
          ],
          [
            39.83160202541941,
            21.420950696255076
          ]
        ]
      }
    },
    {
      "type": "Feature",
      "properties": {
        "channel_class": "drainage",
        "upstream_area_km2": 0.49,
        "source": "HydroSim D8 flow accumulation"
      },
      "geometry": {
        "type": "LineString",
        "coordinates": [
          [
            39.59859379462942,
            21.42302945587845
          ],
          [
            39.59975276827354,
            21.42329635558661
          ],
          [
            39.600907310329525,
            21.422479083535453
          ],
          [
            39.60235574938111,
            21.42274492670799
          ]
        ]
      }
    },
    {
      "type": "Feature",
      "properties": {
        "channel_class": "major",
        "upstream_area_km2": 258.908,
        "source": "HydroSim D8 flow accumulation"
      },
      "geometry": {
        "type": "LineString",
        "coordinates": [
          [
            39.63535592908116,
            21.422894065050954
          ],
          [
            39.635358274030224,
            21.423436143324487
          ],
          [
            39.63449104821516,
            21.423710473811155
          ]
        ]
      }
    },
    {
      "type": "Feature",
      "properties": {
        "channel_class": "drainage",
        "upstream_area_km2": 0.832,
        "source": "HydroSim D8 flow accumulation"
      },
      "geometry": {
        "type": "LineString",
        "coordinates": [
          [
            39.68369623255742,
            21.42270375479745
          ],
          [
            39.6805096458291,
            21.42217464587798
          ],
          [
            39.678779145800654,
            21.423536875604057
          ],
          [
            39.67761629099004,
            21.422457415789015
          ],
          [
            39.677899497663304,
            21.42110106040169
          ],
          [
            39.67557635021272,
            21.419484192068914
          ]
        ]
      }
    },
    {
      "type": "Feature",
      "properties": {
        "channel_class": "major",
        "upstream_area_km2": 11.763,
        "source": "HydroSim D8 flow accumulation"
      },
      "geometry": {
        "type": "LineString",
        "coordinates": [
          [
            39.60235574938111,
            21.42274492670799
          ],
          [
            39.604095889367926,
            21.423551795141407
          ],
          [
            39.605829340020634,
            21.422732401100223
          ],
          [
            39.60669997644846,
            21.423271339684167
          ],
          [
            39.60699280371597,
            21.424083412850823
          ],
          [
            39.60844126826732,
            21.424349202719476
          ],
          [
            39.60989311450463,
            21.425428101107638
          ]
        ]
      }
    },
    {
      "type": "Feature",
      "properties": {
        "channel_class": "drainage",
        "upstream_area_km2": 0.294,
        "source": "HydroSim D8 flow accumulation"
      },
      "geometry": {
        "type": "LineString",
        "coordinates": [
          [
            39.71582498888595,
            21.4222985109444
          ],
          [
            39.715251351379685,
            21.423385122280393
          ]
        ]
      }
    },
    {
      "type": "Feature",
      "properties": {
        "channel_class": "drainage",
        "upstream_area_km2": 0.347,
        "source": "HydroSim D8 flow accumulation"
      },
      "geometry": {
        "type": "LineString",
        "coordinates": [
          [
            39.77690025284063,
            21.422026409294453
          ],
          [
            39.776615098152526,
            21.422840844032518
          ],
          [
            39.77488694439752,
            21.424475072107402
          ]
        ]
      }
    },
    {
      "type": "Feature",
      "properties": {
        "channel_class": "major",
        "upstream_area_km2": 177.482,
        "source": "HydroSim D8 flow accumulation"
      },
      "geometry": {
        "type": "LineString",
        "coordinates": [
          [
            39.706850461587784,
            21.42206557715015
          ],
          [
            39.70540316837682,
            21.422071677447175
          ],
          [
            39.70482164981205,
            21.421532043429675
          ],
          [
            39.70395717365047,
            21.42234880059856
          ],
          [
            39.703083606111434,
            21.421268305649292
          ],
          [
            39.70250469156027,
            21.421270734166086
          ]
        ]
      }
    },
    {
      "type": "Feature",
      "properties": {
        "channel_class": "drainage",
        "upstream_area_km2": 0.852,
        "source": "HydroSim D8 flow accumulation"
      },
      "geometry": {
        "type": "LineString",
        "coordinates": [
          [
            39.751137380565815,
            21.4218728641569
          ],
          [
            39.74824558740071,
            21.422427882673286
          ],
          [
            39.74709327524766,
            21.423517181006932
          ],
          [
            39.74593406310175,
            21.423251307898962
          ],
          [
            39.74218205928599,
            21.42543628532712
          ],
          [
            39.73899796536641,
            21.42545036306077
          ]
        ]
      }
    },
    {
      "type": "Feature",
      "properties": {
        "channel_class": "major",
        "upstream_area_km2": 7.446,
        "source": "HydroSim D8 flow accumulation"
      },
      "geometry": {
        "type": "LineString",
        "coordinates": [
          [
            39.73984724021125,
            21.421652065418698
          ],
          [
            39.738121402376294,
            21.423827992545814
          ],
          [
            39.73812548892371,
            21.424641092282855
          ],
          [
            39.73899796536641,
            21.42545036306077
          ]
        ]
      }
    },
    {
      "type": "Feature",
      "properties": {
        "channel_class": "drainage",
        "upstream_area_km2": 0.957,
        "source": "HydroSim D8 flow accumulation"
      },
      "geometry": {
        "type": "LineString",
        "coordinates": [
          [
            39.61161526626187,
            21.42189824387814
          ],
          [
            39.61133708387731,
            21.424609704154
          ]
        ]
      }
    },
    {
      "type": "Feature",
      "properties": {
        "channel_class": "drainage",
        "upstream_area_km2": 0.517,
        "source": "HydroSim D8 flow accumulation"
      },
      "geometry": {
        "type": "LineString",
        "coordinates": [
          [
            39.72421526707262,
            21.421449330169978
          ],
          [
            39.7236336840062,
            21.420909763277606
          ],
          [
            39.718712941733884,
            21.420930945145273
          ]
        ]
      }
    },
    {
      "type": "Feature",
      "properties": {
        "channel_class": "drainage",
        "upstream_area_km2": 1.449,
        "source": "HydroSim D8 flow accumulation"
      },
      "geometry": {
        "type": "LineString",
        "coordinates": [
          [
            39.83160202541941,
            21.420950696255076
          ],
          [
            39.828706016245256,
            21.420694011517757
          ],
          [
            39.82812406506534,
            21.42015481898471
          ],
          [
            39.82696933023181,
            21.420702593038413
          ],
          [
            39.823785403628484,
            21.420718279080596
          ],
          [
            39.82033019049438,
            21.42398765802602
          ],
          [
            39.82091667480059,
            21.425339961427074
          ]
        ]
      }
    },
    {
      "type": "Feature",
      "properties": {
        "channel_class": "major",
        "upstream_area_km2": 178.076,
        "source": "HydroSim D8 flow accumulation"
      },
      "geometry": {
        "type": "LineString",
        "coordinates": [
          [
            39.70250469156027,
            21.421270734166086
          ],
          [
            39.70047332008143,
            21.420195075800375
          ],
          [
            39.69989570081354,
            21.420468530835276
          ],
          [
            39.698441977832935,
            21.419119391853467
          ]
        ]
      }
    },
    {
      "type": "Feature",
      "properties": {
        "channel_class": "drainage",
        "upstream_area_km2": 0.952,
        "source": "HydroSim D8 flow accumulation"
      },
      "geometry": {
        "type": "LineString",
        "coordinates": [
          [
            39.689188362802156,
            21.42105500178328
          ],
          [
            39.686865096587766,
            21.41943829327851
          ],
          [
            39.686862562068285,
            21.418896220398015
          ],
          [
            39.68308076159337,
            21.414846053134543
          ],
          [
            39.681345343058304,
            21.41512416020768
          ],
          [
            39.67990563564083,
            21.41675625999897
          ],
          [
            39.67874658421811,
            21.416489916934147
          ],
          [
            39.677591286730184,
            21.417036676873778
          ],
          [
            39.67557385734072,
            21.41894211791507
          ],
          [
            39.67557635021272,
            21.419484192068914
          ]
        ]
      }
    },
    {
      "type": "Feature",
      "properties": {
        "channel_class": "drainage",
        "upstream_area_km2": 0.876,
        "source": "HydroSim D8 flow accumulation"
      },
      "geometry": {
        "type": "LineString",
        "coordinates": [
          [
            39.718712941733884,
            21.420930945145273
          ],
          [
            39.71784722393702,
            21.421476737258903
          ],
          [
            39.71727625185765,
            21.42310542421765
          ],
          [
            39.71756703600883,
            21.423375219107456
          ],
          [
            39.716990761261755,
            21.42391976698231
          ]
        ]
      }
    },
    {
      "type": "Feature",
      "properties": {
        "channel_class": "drainage",
        "upstream_area_km2": 0.274,
        "source": "HydroSim D8 flow accumulation"
      },
      "geometry": {
        "type": "LineString",
        "coordinates": [
          [
            39.83246729697502,
            21.420404329261917
          ],
          [
            39.83160202541941,
            21.420950696255076
          ]
        ]
      }
    },
    {
      "type": "Feature",
      "properties": {
        "channel_class": "drainage",
        "upstream_area_km2": 0.284,
        "source": "HydroSim D8 flow accumulation"
      },
      "geometry": {
        "type": "LineString",
        "coordinates": [
          [
            39.73955232611702,
            21.420569210428653
          ],
          [
            39.73984724021125,
            21.421652065418698
          ]
        ]
      }
    },
    {
      "type": "Feature",
      "properties": {
        "channel_class": "drainage",
        "upstream_area_km2": 0.677,
        "source": "HydroSim D8 flow accumulation"
      },
      "geometry": {
        "type": "LineString",
        "coordinates": [
          [
            39.621452439143944,
            21.420777865340984
          ],
          [
            39.62000513351867,
            21.420783227600204
          ],
          [
            39.61884957246925,
            21.421329588534803
          ],
          [
            39.61509904659583,
            21.4243248884737
          ],
          [
            39.61568139216079,
            21.425135882010956
          ],
          [
            39.613951370711575,
            21.426768497569338
          ],
          [
            39.6133724240817,
            21.426770618618054
          ],
          [
            39.61164122853732,
            21.428132170885984
          ]
        ]
      }
    },
    {
      "type": "Feature",
      "properties": {
        "channel_class": "drainage",
        "upstream_area_km2": 0.258,
        "source": "HydroSim D8 flow accumulation"
      },
      "geometry": {
        "type": "LineString",
        "coordinates": [
          [
            39.71871028949931,
            21.420388876076018
          ],
          [
            39.718712941733884,
            21.420930945145273
          ]
        ]
      }
    },
    {
      "type": "Feature",
      "properties": {
        "channel_class": "drainage",
        "upstream_area_km2": 0.928,
        "source": "HydroSim D8 flow accumulation"
      },
      "geometry": {
        "type": "LineString",
        "coordinates": [
          [
            39.59134511741377,
            21.42007370171149
          ],
          [
            39.59480877515592,
            21.417622033740578
          ],
          [
            39.59625495643026,
            21.41734584853899
          ],
          [
            39.59799499984338,
            21.41815278313848
          ],
          [
            39.59857170556572,
            21.417608633646715
          ],
          [
            39.59886226645146,
            21.41787864055149
          ],
          [
            39.59943896783276,
            21.417334488157053
          ],
          [
            39.60030733421361,
            21.417331379371916
          ]
        ]
      }
    },
    {
      "type": "Feature",
      "properties": {
        "channel_class": "drainage",
        "upstream_area_km2": 2.265,
        "source": "HydroSim D8 flow accumulation"
      },
      "geometry": {
        "type": "LineString",
        "coordinates": [
          [
            39.67557635021272,
            21.419484192068914
          ],
          [
            39.67355016179106,
            21.419492349815677
          ],
          [
            39.67210784410865,
            21.420582310754853
          ],
          [
            39.67066055490963,
            21.42058811053926
          ],
          [
            39.669506429248266,
            21.42140585344042
          ],
          [
            39.66921573483508,
            21.421135972580107
          ],
          [
            39.66748144344327,
            21.42168497592625
          ],
          [
            39.66632975019604,
            21.423044772457896
          ],
          [
            39.66546013314149,
            21.422777186738248
          ],
          [
            39.663441241008506,
            21.424411448982053
          ]
        ]
      }
    },
    {
      "type": "Feature",
      "properties": {
        "channel_class": "drainage",
        "upstream_area_km2": 1.226,
        "source": "HydroSim D8 flow accumulation"
      },
      "geometry": {
        "type": "LineString",
        "coordinates": [
          [
            39.54966048639754,
            21.41967354866398
          ],
          [
            39.55024347264601,
            21.420755822096513
          ],
          [
            39.547359934888334,
            21.423746782176927
          ],
          [
            39.5453386712341,
            21.425108608184654
          ],
          [
            39.54476374580374,
            21.42619466592031
          ],
          [
            39.54650160850034,
            21.42646005169853
          ],
          [
            39.54708459989778,
            21.4275423351743
          ]
        ]
      }
    },
    {
      "type": "Feature",
      "properties": {
        "channel_class": "major",
        "upstream_area_km2": 179.969,
        "source": "HydroSim D8 flow accumulation"
      },
      "geometry": {
        "type": "LineString",
        "coordinates": [
          [
            39.69699471103326,
            21.419125418724576
          ],
          [
            39.696411949623744,
            21.418314718253626
          ],
          [
            39.694962125865985,
            21.417778655351757
          ],
          [
            39.69235962175405,
            21.418331512298654
          ],
          [
            39.69178071745026,
            21.418333903448737
          ],
          [
            39.691197987530785,
            21.417523183902055
          ],
          [
            39.68975200671637,
            21.41780018410428
          ],
          [
            39.68771316089567,
            21.415098147860697
          ],
          [
            39.68828951372924,
            21.414553698106594
          ]
        ]
      }
    },
    {
      "type": "Feature",
      "properties": {
        "channel_class": "major",
        "upstream_area_km2": 179.041,
        "source": "HydroSim D8 flow accumulation"
      },
      "geometry": {
        "type": "LineString",
        "coordinates": [
          [
            39.698441977832935,
            21.419119391853467
          ],
          [
            39.69699471103326,
            21.419125418724576
          ]
        ]
      }
    },
    {
      "type": "Feature",
      "properties": {
        "channel_class": "major",
        "upstream_area_km2": 257.112,
        "source": "HydroSim D8 flow accumulation"
      },
      "geometry": {
        "type": "LineString",
        "coordinates": [
          [
            39.63823290804879,
            21.418817475903754
          ],
          [
            39.63823526312316,
            21.419359554136793
          ],
          [
            39.63621727840847,
            21.421264534565836
          ],
          [
            39.63535592908116,
            21.422894065050954
          ]
        ]
      }
    },
    {
      "type": "Feature",
      "properties": {
        "channel_class": "drainage",
        "upstream_area_km2": 0.578,
        "source": "HydroSim D8 flow accumulation"
      },
      "geometry": {
        "type": "LineString",
        "coordinates": [
          [
            39.758355567395306,
            21.418316844950283
          ],
          [
            39.75834717323204,
            21.41669065170667
          ],
          [
            39.756019063944244,
            21.414261823694122
          ]
        ]
      }
    },
    {
      "type": "Feature",
      "properties": {
        "channel_class": "drainage",
        "upstream_area_km2": 0.994,
        "source": "HydroSim D8 flow accumulation"
      },
      "geometry": {
        "type": "LineString",
        "coordinates": [
          [
            39.63186253389632,
            21.418299533103106
          ],
          [
            39.63331565401331,
            21.419649265918064
          ],
          [
            39.63332500257572,
            21.421817580498843
          ],
          [
            39.63449104821516,
            21.423710473811155
          ]
        ]
      }
    },
    {
      "type": "Feature",
      "properties": {
        "channel_class": "major",
        "upstream_area_km2": 255.755,
        "source": "HydroSim D8 flow accumulation"
      },
      "geometry": {
        "type": "LineString",
        "coordinates": [
          [
            39.638808284896776,
            21.418002152385892
          ],
          [
            39.63823290804879,
            21.418817475903754
          ]
        ]
      }
    },
    {
      "type": "Feature",
      "properties": {
        "channel_class": "major",
        "upstream_area_km2": 6.951,
        "source": "HydroSim D8 flow accumulation"
      },
      "geometry": {
        "type": "LineString",
        "coordinates": [
          [
            39.743879029904484,
            21.417568624667176
          ],
          [
            39.74302028341508,
            21.419469709410528
          ],
          [
            39.73984724021125,
            21.421652065418698
          ]
        ]
      }
    },
    {
      "type": "Feature",
      "properties": {
        "channel_class": "major",
        "upstream_area_km2": 11.021,
        "source": "HydroSim D8 flow accumulation"
      },
      "geometry": {
        "type": "LineString",
        "coordinates": [
          [
            39.60088846214832,
            21.417871386518236
          ],
          [
            39.601186791982165,
            21.420038676438168
          ],
          [
            39.6026418791822,
            21.421930763126046
          ],
          [
            39.60235574938111,
            21.42274492670799
          ]
        ]
      }
    },
    {
      "type": "Feature",
      "properties": {
        "channel_class": "drainage",
        "upstream_area_km2": 0.334,
        "source": "HydroSim D8 flow accumulation"
      },
      "geometry": {
        "type": "LineString",
        "coordinates": [
          [
            39.54907446988626,
            21.417778142265444
          ],
          [
            39.548790073362284,
            21.41913430825758
          ],
          [
            39.54966048639754,
            21.41967354866398
          ]
        ]
      }
    },
    {
      "type": "Feature",
      "properties": {
        "channel_class": "drainage",
        "upstream_area_km2": 0.334,
        "source": "HydroSim D8 flow accumulation"
      },
      "geometry": {
        "type": "LineString",
        "coordinates": [
          [
            39.61246557685794,
            21.417558424427643
          ],
          [
            39.61275955398562,
            21.418641528036776
          ],
          [
            39.61102619159635,
            21.419460992120275
          ],
          [
            39.61161526626187,
            21.42189824387814
          ]
        ]
      }
    },
    {
      "type": "Feature",
      "properties": {
        "channel_class": "drainage",
        "upstream_area_km2": 0.269,
        "source": "HydroSim D8 flow accumulation"
      },
      "geometry": {
        "type": "LineString",
        "coordinates": [
          [
            39.64430554241531,
            21.41743901699743
          ],
          [
            39.643724260835704,
            21.416899164263498
          ]
        ]
      }
    },
    {
      "type": "Feature",
      "properties": {
        "channel_class": "drainage",
        "upstream_area_km2": 1.669,
        "source": "HydroSim D8 flow accumulation"
      },
      "geometry": {
        "type": "LineString",
        "coordinates": [
          [
            39.667751191050854,
            21.417347222362572
          ],
          [
            39.66573239807231,
            21.418981510668647
          ],
          [
            39.6660243107089,
            21.419522435522673
          ],
          [
            39.66515962421826,
            21.420338998100387
          ],
          [
            39.66371355999115,
            21.4206157754981
          ],
          [
            39.66313219613835,
            21.420075992448112
          ],
          [
            39.66168490927555,
            21.420081714570824
          ],
          [
            39.661110873734124,
            21.421168151254264
          ],
          [
            39.65937898264715,
            21.4222591472538
          ],
          [
            39.65880005891622,
            21.422261424855414
          ],
          [
            39.6573466844566,
            21.420911920067926
          ],
          [
            39.656192479476424,
            21.421729573193897
          ],
          [
            39.65474154989318,
            21.420922121311563
          ],
          [
            39.6535873298088,
            21.42173975686015
          ],
          [
            39.65127043817882,
            21.421477736666944
          ],
          [
            39.649537268852825,
            21.422297594445475
          ],
          [
            39.64751103094049,
            21.422305438284056
          ],
          [
            39.64605656484375,
            21.420684794294225
          ],
          [
            39.64432337409037,
            21.4215045987058
          ],
          [
            39.643742075930625,
            21.42096474669962
          ],
          [
            39.64229477470421,
            21.420970301549506
          ],
          [
            39.64171940639241,
            21.42178563656162
          ],
          [
            39.64142876086396,
            21.421515706213505
          ],
          [
            39.64085338560969,
            21.422331038372217
          ],
          [
            39.64056274052213,
            21.42206110652621
          ],
          [
            39.639696713678646,
            21.422606502487223
          ],
          [
            39.63795639971201,
            21.4218000082639
          ],
          [
            39.63709153995213,
            21.422616430037657
          ],
          [
            39.63535592908116,
            21.422894065050954
          ]
        ]
      }
    },
    {
      "type": "Feature",
      "properties": {
        "channel_class": "drainage",
        "upstream_area_km2": 1.22,
        "source": "HydroSim D8 flow accumulation"
      },
      "geometry": {
        "type": "LineString",
        "coordinates": [
          [
            39.60030733421361,
            21.417331379371916
          ],
          [
            39.60088846214832,
            21.417871386518236
          ]
        ]
      }
    },
    {
      "type": "Feature",
      "properties": {
        "channel_class": "drainage",
        "upstream_area_km2": 0.508,
        "source": "HydroSim D8 flow accumulation"
      },
      "geometry": {
        "type": "LineString",
        "coordinates": [
          [
            39.582938901650664,
            21.417121658162518
          ],
          [
            39.58466700854598,
            21.414947271698395
          ],
          [
            39.58611426612729,
            21.41494221601175
          ],
          [
            39.58697937229405,
            21.41412605099292
          ],
          [
            39.58668667604161,
            21.413313938858064
          ]
        ]
      }
    },
    {
      "type": "Feature",
      "properties": {
        "channel_class": "drainage",
        "upstream_area_km2": 0.446,
        "source": "HydroSim D8 flow accumulation"
      },
      "geometry": {
        "type": "LineString",
        "coordinates": [
          [
            39.62751490915406,
            21.41696065173035
          ],
          [
            39.6280938155646,
            21.41695848274603
          ],
          [
            39.62925627166553,
            21.41803829733916
          ],
          [
            39.6307000570245,
            21.41721973714757
          ],
          [
            39.63186253389632,
            21.418299533103106
          ]
        ]
      }
    },
    {
      "type": "Feature",
      "properties": {
        "channel_class": "drainage",
        "upstream_area_km2": 0.7,
        "source": "HydroSim D8 flow accumulation"
      },
      "geometry": {
        "type": "LineString",
        "coordinates": [
          [
            39.643724260835704,
            21.416899164263498
          ],
          [
            39.643146542893994,
            21.417172426162658
          ],
          [
            39.64256526654114,
            21.41663256925739
          ],
          [
            39.641407459471225,
            21.416637005152126
          ]
        ]
      }
    },
    {
      "type": "Feature",
      "properties": {
        "channel_class": "drainage",
        "upstream_area_km2": 0.364,
        "source": "HydroSim D8 flow accumulation"
      },
      "geometry": {
        "type": "LineString",
        "coordinates": [
          [
            39.64864494534428,
            21.416880188215952
          ],
          [
            39.64835668954904,
            21.417152347096625
          ],
          [
            39.64777300471248,
            21.416070431353248
          ],
          [
            39.646617588929956,
            21.416616980635137
          ],
          [
            39.644877310920045,
            21.41581055690479
          ],
          [
            39.644298410924705,
            21.415812783758145
          ],
          [
            39.643724260835704,
            21.416899164263498
          ]
        ]
      }
    },
    {
      "type": "Feature",
      "properties": {
        "channel_class": "drainage",
        "upstream_area_km2": 0.561,
        "source": "HydroSim D8 flow accumulation"
      },
      "geometry": {
        "type": "LineString",
        "coordinates": [
          [
            39.61883016267317,
            21.41672190632259
          ],
          [
            39.617965222969275,
            21.417538231719224
          ],
          [
            39.61709571978191,
            21.417270391768724
          ],
          [
            39.61536807541296,
            21.41944510146119
          ],
          [
            39.614789157802576,
            21.419447226715853
          ],
          [
            39.613060322680326,
            21.42135087314841
          ],
          [
            39.61248026716054,
            21.421081950224355
          ],
          [
            39.61161526626187,
            21.42189824387814
          ]
        ]
      }
    },
    {
      "type": "Feature",
      "properties": {
        "channel_class": "drainage",
        "upstream_area_km2": 0.399,
        "source": "HydroSim D8 flow accumulation"
      },
      "geometry": {
        "type": "LineString",
        "coordinates": [
          [
            39.62953991990852,
            21.416682011889034
          ],
          [
            39.63040827751152,
            21.416678747209204
          ],
          [
            39.63186253389632,
            21.418299533103106
          ]
        ]
      }
    },
    {
      "type": "Feature",
      "properties": {
        "channel_class": "major",
        "upstream_area_km2": 251.012,
        "source": "HydroSim D8 flow accumulation"
      },
      "geometry": {
        "type": "LineString",
        "coordinates": [
          [
            39.641407459471225,
            21.416637005152126
          ],
          [
            39.639964922657626,
            21.41772669511775
          ],
          [
            39.638808284896776,
            21.418002152385892
          ]
        ]
      }
    },
    {
      "type": "Feature",
      "properties": {
        "channel_class": "drainage",
        "upstream_area_km2": 0.274,
        "source": "HydroSim D8 flow accumulation"
      },
      "geometry": {
        "type": "LineString",
        "coordinates": [
          [
            39.599725104196274,
            21.41652032890223
          ],
          [
            39.60030733421361,
            21.417331379371916
          ]
        ]
      }
    },
    {
      "type": "Feature",
      "properties": {
        "channel_class": "drainage",
        "upstream_area_km2": 0.436,
        "source": "HydroSim D8 flow accumulation"
      },
      "geometry": {
        "type": "LineString",
        "coordinates": [
          [
            39.77223621759458,
            21.41581410322883
          ],
          [
            39.7742680241606,
            21.416888878559107
          ],
          [
            39.774852629875134,
            21.41797032723815
          ],
          [
            39.77456461278586,
            21.418242696699725
          ],
          [
            39.77543867507228,
            21.419322804544304
          ],
          [
            39.77574529995562,
            21.422573836518694
          ],
          [
            39.774594626543426,
            21.423934348943167
          ]
        ]
      }
    },
    {
      "type": "Feature",
      "properties": {
        "channel_class": "drainage",
        "upstream_area_km2": 0.852,
        "source": "HydroSim D8 flow accumulation"
      },
      "geometry": {
        "type": "LineString",
        "coordinates": [
          [
            39.65906155299169,
            21.416026412468273
          ],
          [
            39.657907395493105,
            21.416844076652016
          ],
          [
            39.6570341934062,
            21.415763331074157
          ],
          [
            39.6541409072932,
            21.416045693670046
          ],
          [
            39.65298069842329,
            21.4155081325606
          ],
          [
            39.652404207497874,
            21.416052464306524
          ],
          [
            39.65182290260289,
            21.415512640194287
          ],
          [
            39.65124520590761,
            21.415785929543304
          ],
          [
            39.64776105614693,
            21.413360043861225
          ],
          [
            39.64718335983994,
            21.413633319253314
          ],
          [
            39.646312638893505,
            21.413094592667523
          ],
          [
            39.64486541592371,
            21.4131001677757
          ]
        ]
      }
    },
    {
      "type": "Feature",
      "properties": {
        "channel_class": "drainage",
        "upstream_area_km2": 0.851,
        "source": "HydroSim D8 flow accumulation"
      },
      "geometry": {
        "type": "LineString",
        "coordinates": [
          [
            39.69668983410728,
            21.415874191443663
          ],
          [
            39.695246446328525,
            21.416693310473235
          ],
          [
            39.69379920244173,
            21.416699309097027
          ],
          [
            39.692640129222106,
            21.416433062804124
          ],
          [
            39.691187786987,
            21.415354893654843
          ],
          [
            39.69032072127388,
            21.41562950944584
          ],
          [
            39.68828951372924,
            21.414553698106594
          ]
        ]
      }
    },
    {
      "type": "Feature",
      "properties": {
        "channel_class": "drainage",
        "upstream_area_km2": 1.247,
        "source": "HydroSim D8 flow accumulation"
      },
      "geometry": {
        "type": "LineString",
        "coordinates": [
          [
            39.79075899988423,
            21.415456679255936
          ],
          [
            39.79018449270591,
            21.416272500659414
          ],
          [
            39.79076775223872,
            21.417082860239006
          ],
          [
            39.790485600614,
            21.418439376652252
          ],
          [
            39.7916550688424,
            21.420602150308163
          ],
          [
            39.78964348847071,
            21.423322012768125
          ],
          [
            39.789934401768384,
            21.423591678075628
          ],
          [
            39.78935985967836,
            21.4244074969887
          ],
          [
            39.788204937815266,
            21.424955009123664
          ]
        ]
      }
    },
    {
      "type": "Feature",
      "properties": {
        "channel_class": "drainage",
        "upstream_area_km2": 1.653,
        "source": "HydroSim D8 flow accumulation"
      },
      "geometry": {
        "type": "LineString",
        "coordinates": [
          [
            39.57135643483356,
            21.416077367978726
          ],
          [
            39.570488071358604,
            21.416080326568967
          ],
          [
            39.56846713279843,
            21.417442425872938
          ],
          [
            39.567309303458735,
            21.41744634993473
          ],
          [
            39.56673666216585,
            21.419074565274205
          ],
          [
            39.56557881961571,
            21.419078477662264
          ],
          [
            39.565001983124446,
            21.41962251638458
          ],
          [
            39.565005110571256,
            21.420435644611086
          ],
          [
            39.56587767718473,
            21.4215168845496
          ],
          [
            39.56530291878939,
            21.4226030096377
          ],
          [
            39.565596561367784,
            21.42368620306953
          ],
          [
            39.56213848547125,
            21.427763535371643
          ],
          [
            39.560690060544346,
            21.427497344060303
          ],
          [
            39.55809403399271,
            21.429945429968797
          ],
          [
            39.55809609454082,
            21.430487515438227
          ],
          [
            39.55954971005169,
            21.43210894168792
          ]
        ]
      }
    },
    {
      "type": "Feature",
      "properties": {
        "channel_class": "major",
        "upstream_area_km2": 9.559,
        "source": "HydroSim D8 flow accumulation"
      },
      "geometry": {
        "type": "LineString",
        "coordinates": [
          [
            39.60116904634913,
            21.415702019453345
          ],
          [
            39.60175461116607,
            21.41732618806416
          ],
          [
            39.60088846214832,
            21.417871386518236
          ]
        ]
      }
    },
    {
      "type": "Feature",
      "properties": {
        "channel_class": "major",
        "upstream_area_km2": 250.17,
        "source": "HydroSim D8 flow accumulation"
      },
      "geometry": {
        "type": "LineString",
        "coordinates": [
          [
            39.64226752134654,
            21.414736405896914
          ],
          [
            39.64169099261545,
            21.41528070175857
          ],
          [
            39.641407459471225,
            21.416637005152126
          ]
        ]
      }
    },
    {
      "type": "Feature",
      "properties": {
        "channel_class": "major",
        "upstream_area_km2": 182.175,
        "source": "HydroSim D8 flow accumulation"
      },
      "geometry": {
        "type": "LineString",
        "coordinates": [
          [
            39.68828951372924,
            21.414553698106594
          ],
          [
            39.68683595443325,
            21.413204453019716
          ],
          [
            39.68568071420634,
            21.413751267456814
          ],
          [
            39.681628503021024,
            21.413767798627134
          ],
          [
            39.678724049393566,
            21.411611249742553
          ],
          [
            39.67698491363234,
            21.411076199265555
          ],
          [
            39.676407283504254,
            21.411349573833522
          ],
          [
            39.674377476490434,
            21.410544626448306
          ],
          [
            39.67379611551325,
            21.41000487973636
          ],
          [
            39.67408182314497,
            21.409190603495563
          ],
          [
            39.67321227592388,
            21.40892305579518
          ],
          [
            39.67262968539276,
            21.40811226706065
          ],
          [
            39.67147442880795,
            21.408658984236993
          ],
          [
            39.670314219189464,
            21.40812154279404
          ],
          [
            39.667720400023335,
            21.410571280270755
          ],
          [
            39.66684839563731,
            21.40976162379994
          ],
          [
            39.6656967865954,
            21.411121415622787
          ],
          [
            39.66280116793459,
            21.410861849063764
          ]
        ]
      }
    },
    {
      "type": "Feature",
      "properties": {
        "channel_class": "drainage",
        "upstream_area_km2": 0.62,
        "source": "HydroSim D8 flow accumulation"
      },
      "geometry": {
        "type": "LineString",
        "coordinates": [
          [
            39.713181703612875,
            21.414449609006663
          ],
          [
            39.711171343383526,
            21.417710641147284
          ],
          [
            39.70943857108298,
            21.41853110887165
          ],
          [
            39.70828076506154,
            21.418536007227463
          ],
          [
            39.707709696268076,
            21.420164664775466
          ],
          [
            39.708004376490116,
            21.42124758250315
          ],
          [
            39.706850461587784,
            21.42206557715015
          ]
        ]
      }
    },
    {
      "type": "Feature",
      "properties": {
        "channel_class": "drainage",
        "upstream_area_km2": 1.311,
        "source": "HydroSim D8 flow accumulation"
      },
      "geometry": {
        "type": "LineString",
        "coordinates": [
          [
            39.756019063944244,
            21.414261823694122
          ],
          [
            39.75515074375781,
            21.414265738865872
          ],
          [
            39.753987420351336,
            21.41318682168565
          ],
          [
            39.753408544211936,
            21.413189425157984
          ],
          [
            39.75254439393793,
            21.414006424710834
          ],
          [
            39.751382477035044,
            21.41319852156761
          ],
          [
            39.75051554647818,
            21.41347344536446
          ]
        ]
      }
    },
    {
      "type": "Feature",
      "properties": {
        "channel_class": "drainage",
        "upstream_area_km2": 0.456,
        "source": "HydroSim D8 flow accumulation"
      },
      "geometry": {
        "type": "LineString",
        "coordinates": [
          [
            39.761227576814385,
            21.41396720606188
          ],
          [
            39.75920150258181,
            21.413976397314908
          ],
          [
            39.75804654185019,
            21.414523703126846
          ],
          [
            39.75659515288208,
            21.41371714621814
          ],
          [
            39.756019063944244,
            21.414261823694122
          ]
        ]
      }
    },
    {
      "type": "Feature",
      "properties": {
        "channel_class": "drainage",
        "upstream_area_km2": 1.35,
        "source": "HydroSim D8 flow accumulation"
      },
      "geometry": {
        "type": "LineString",
        "coordinates": [
          [
            39.55948259553117,
            21.414491153679155
          ],
          [
            39.557460544766364,
            21.415582079031815
          ],
          [
            39.55717828554553,
            21.417480344242904
          ],
          [
            39.5534316685235,
            21.421829507370752
          ],
          [
            39.554013668833626,
            21.422640723456503
          ],
          [
            39.55199350250578,
            21.424273671492006
          ],
          [
            39.55257652483747,
            21.42535593545206
          ],
          [
            39.551423718646845,
            21.426714966939095
          ],
          [
            39.55142677204695,
            21.427528096364654
          ],
          [
            39.54997938172981,
            21.42753285514046
          ],
          [
            39.54911297447967,
            21.428077790853767
          ],
          [
            39.54766153466594,
            21.426998356552108
          ],
          [
            39.54708459989778,
            21.4275423351743
          ]
        ]
      }
    },
    {
      "type": "Feature",
      "properties": {
        "channel_class": "drainage",
        "upstream_area_km2": 0.257,
        "source": "HydroSim D8 flow accumulation"
      },
      "geometry": {
        "type": "LineString",
        "coordinates": [
          [
            39.64284404580705,
            21.414192108123586
          ],
          [
            39.64226752134654,
            21.414736405896914
          ]
        ]
      }
    },
    {
      "type": "Feature",
      "properties": {
        "channel_class": "drainage",
        "upstream_area_km2": 0.418,
        "source": "HydroSim D8 flow accumulation"
      },
      "geometry": {
        "type": "LineString",
        "coordinates": [
          [
            39.555429242301805,
            21.414233590480467
          ],
          [
            39.554564979112875,
            21.415320639888815
          ],
          [
            39.553697638981056,
            21.415594554784622
          ],
          [
            39.55312383196955,
            21.41695168370629
          ],
          [
            39.54966048639754,
            21.41967354866398
          ]
        ]
      }
    },
    {
      "type": "Feature",
      "properties": {
        "channel_class": "drainage",
        "upstream_area_km2": 1.012,
        "source": "HydroSim D8 flow accumulation"
      },
      "geometry": {
        "type": "LineString",
        "coordinates": [
          [
            39.635027801217944,
            21.413950865515254
          ],
          [
            39.63706215468681,
            21.415840450706877
          ],
          [
            39.6364856019463,
            21.41638472917571
          ],
          [
            39.63648912447502,
            21.41719784702519
          ],
          [
            39.63823290804879,
            21.418817475903754
          ]
        ]
      }
    },
    {
      "type": "Feature",
      "properties": {
        "channel_class": "drainage",
        "upstream_area_km2": 0.387,
        "source": "HydroSim D8 flow accumulation"
      },
      "geometry": {
        "type": "LineString",
        "coordinates": [
          [
            39.66773517820337,
            21.41382373316338
          ],
          [
            39.666286725328995,
            21.413558455675926
          ],
          [
            39.66570538097988,
            21.41301868062391
          ],
          [
            39.66454760774472,
            21.41302327566462
          ],
          [
            39.66368172585536,
            21.41356879255515
          ],
          [
            39.662807279901656,
            21.412217039234424
          ],
          [
            39.66280116793459,
            21.410861849063764
          ]
        ]
      }
    },
    {
      "type": "Feature",
      "properties": {
        "channel_class": "drainage",
        "upstream_area_km2": 3.899,
        "source": "HydroSim D8 flow accumulation"
      },
      "geometry": {
        "type": "LineString",
        "coordinates": [
          [
            39.75051554647818,
            21.41347344536446
          ],
          [
            39.74965137800124,
            21.414290430490798
          ],
          [
            39.748783056372126,
            21.414294312674244
          ],
          [
            39.747629431034724,
            21.415112580824673
          ],
          [
            39.74704916846281,
            21.41484412956194
          ],
          [
            39.74589965671273,
            21.4164754852215
          ],
          [
            39.743879029904484,
            21.417568624667176
          ]
        ]
      }
    },
    {
      "type": "Feature",
      "properties": {
        "channel_class": "drainage",
        "upstream_area_km2": 0.252,
        "source": "HydroSim D8 flow accumulation"
      },
      "geometry": {
        "type": "LineString",
        "coordinates": [
          [
            39.730832307150514,
            21.41328940120804
          ],
          [
            39.731407139636055,
            21.41247377363833
          ]
        ]
      }
    },
    {
      "type": "Feature",
      "properties": {
        "channel_class": "drainage",
        "upstream_area_km2": 0.946,
        "source": "HydroSim D8 flow accumulation"
      },
      "geometry": {
        "type": "LineString",
        "coordinates": [
          [
            39.709701838678164,
            21.41310917854686
          ],
          [
            39.70768489006175,
            21.415014994346382
          ],
          [
            39.70652841457662,
            21.41529091525529
          ],
          [
            39.7059534307373,
            21.41610646137558
          ],
          [
            39.706245483289216,
            21.416647312508875
          ],
          [
            39.70480344414788,
            21.417737547987702
          ],
          [
            39.704221945378556,
            21.417197911079445
          ],
          [
            39.70306674263241,
            21.417744844222778
          ],
          [
            39.702775995794475,
            21.41747502293915
          ],
          [
            39.70219968706524,
            21.418019521189123
          ],
          [
            39.70132874653715,
            21.417481086803143
          ],
          [
            39.700174821952054,
            21.418299036042182
          ],
          [
            39.70017740551217,
            21.41884110742901
          ],
          [
            39.69902217410598,
            21.419388013343628
          ],
          [
            39.698441977832935,
            21.419119391853467
          ]
        ]
      }
    },
    {
      "type": "Feature",
      "properties": {
        "channel_class": "drainage",
        "upstream_area_km2": 0.438,
        "source": "HydroSim D8 flow accumulation"
      },
      "geometry": {
        "type": "LineString",
        "coordinates": [
          [
            39.58147660502778,
            21.41333209732609
          ],
          [
            39.58292062207547,
            21.41251394319734
          ],
          [
            39.58408056391925,
            21.413051996282775
          ],
          [
            39.58552672303218,
            21.412775904093216
          ],
          [
            39.58668667604161,
            21.413313938858064
          ]
        ]
      }
    },
    {
      "type": "Feature",
      "properties": {
        "channel_class": "drainage",
        "upstream_area_km2": 1.498,
        "source": "HydroSim D8 flow accumulation"
      },
      "geometry": {
        "type": "LineString",
        "coordinates": [
          [
            39.58668667604161,
            21.413313938858064
          ],
          [
            39.58812849330366,
            21.411953656723618
          ],
          [
            39.59044514559366,
            21.412216556657604
          ],
          [
            39.591026217459586,
            21.412756599645345
          ],
          [
            39.591602928973515,
            21.412212473682473
          ],
          [
            39.593051251610156,
            21.41247840036027
          ],
          [
            39.59362795437732,
            21.411934267609197
          ],
          [
            39.5936235751542,
            21.410850101027904
          ],
          [
            39.596801944350005,
            21.409483586267402
          ]
        ]
      }
    },
    {
      "type": "Feature",
      "properties": {
        "channel_class": "major",
        "upstream_area_km2": 249.771,
        "source": "HydroSim D8 flow accumulation"
      },
      "geometry": {
        "type": "LineString",
        "coordinates": [
          [
            39.64486541592371,
            21.4131001677757
          ],
          [
            39.64284878893358,
            21.415276264171954
          ],
          [
            39.64226752134654,
            21.414736405896914
          ]
        ]
      }
    },
    {
      "type": "Feature",
      "properties": {
        "channel_class": "drainage",
        "upstream_area_km2": 2.56,
        "source": "HydroSim D8 flow accumulation"
      },
      "geometry": {
        "type": "LineString",
        "coordinates": [
          [
            39.74095995289043,
            21.412702849388964
          ],
          [
            39.74184194983686,
            21.415409341479474
          ],
          [
            39.743879029904484,
            21.417568624667176
          ]
        ]
      }
    },
    {
      "type": "Feature",
      "properties": {
        "channel_class": "drainage",
        "upstream_area_km2": 1.909,
        "source": "HydroSim D8 flow accumulation"
      },
      "geometry": {
        "type": "LineString",
        "coordinates": [
          [
            39.75022195646472,
            21.412661642792944
          ],
          [
            39.75051554647818,
            21.41347344536446
          ]
        ]
      }
    },
    {
      "type": "Feature",
      "properties": {
        "channel_class": "drainage",
        "upstream_area_km2": 0.78,
        "source": "HydroSim D8 flow accumulation"
      },
      "geometry": {
        "type": "LineString",
        "coordinates": [
          [
            39.731407139636055,
            21.41247377363833
          ],
          [
            39.7325648919844,
            21.41246871684418
          ],
          [
            39.73458418381559,
            21.411104678891594
          ]
        ]
      }
    },
    {
      "type": "Feature",
      "properties": {
        "channel_class": "drainage",
        "upstream_area_km2": 0.416,
        "source": "HydroSim D8 flow accumulation"
      },
      "geometry": {
        "type": "LineString",
        "coordinates": [
          [
            39.6028913024332,
            21.41217224556769
          ],
          [
            39.602026298041025,
            21.412988490599385
          ],
          [
            39.60232352170832,
            21.414884738490787
          ],
          [
            39.60116904634913,
            21.415702019453345
          ]
        ]
      }
    },
    {
      "type": "Feature",
      "properties": {
        "channel_class": "drainage",
        "upstream_area_km2": 0.459,
        "source": "HydroSim D8 flow accumulation"
      },
      "geometry": {
        "type": "LineString",
        "coordinates": [
          [
            39.63212517017811,
            21.412064531311774
          ],
          [
            39.635027801217944,
            21.413950865515254
          ]
        ]
      }
    },
    {
      "type": "Feature",
      "properties": {
        "channel_class": "drainage",
        "upstream_area_km2": 0.32,
        "source": "HydroSim D8 flow accumulation"
      },
      "geometry": {
        "type": "LineString",
        "coordinates": [
          [
            39.69030162243644,
            21.41156396309629
          ],
          [
            39.68828951372924,
            21.414553698106594
          ]
        ]
      }
    },
    {
      "type": "Feature",
      "properties": {
        "channel_class": "drainage",
        "upstream_area_km2": 0.438,
        "source": "HydroSim D8 flow accumulation"
      },
      "geometry": {
        "type": "LineString",
        "coordinates": [
          [
            39.7305334358288,
            21.41139342456394
          ],
          [
            39.731407139636055,
            21.41247377363833
          ]
        ]
      }
    },
    {
      "type": "Feature",
      "properties": {
        "channel_class": "drainage",
        "upstream_area_km2": 1.258,
        "source": "HydroSim D8 flow accumulation"
      },
      "geometry": {
        "type": "LineString",
        "coordinates": [
          [
            39.75166221100995,
            21.4112999940086
          ],
          [
            39.75022195646472,
            21.412661642792944
          ]
        ]
      }
    },
    {
      "type": "Feature",
      "properties": {
        "channel_class": "drainage",
        "upstream_area_km2": 1.784,
        "source": "HydroSim D8 flow accumulation"
      },
      "geometry": {
        "type": "LineString",
        "coordinates": [
          [
            39.73458418381559,
            21.411104678891594
          ],
          [
            39.73748397548809,
            21.412176102587424
          ],
          [
            39.73864036162313,
            21.41189997027395
          ],
          [
            39.74095995289043,
            21.412702849388964
          ]
        ]
      }
    },
    {
      "type": "Feature",
      "properties": {
        "channel_class": "major",
        "upstream_area_km2": 182.978,
        "source": "HydroSim D8 flow accumulation"
      },
      "geometry": {
        "type": "LineString",
        "coordinates": [
          [
            39.66280116793459,
            21.410861849063764
          ],
          [
            39.66193285026805,
            21.4108652807183
          ],
          [
            39.661637310195125,
            21.40951123289493
          ],
          [
            39.660190126945515,
            21.409516939428926
          ],
          [
            39.65902630368217,
            21.40816630401949
          ],
          [
            39.6575851958887,
            21.409527179706622
          ],
          [
            39.655847364892324,
            21.409262945586253
          ],
          [
            39.65527090870038,
            21.40980728669996
          ]
        ]
      }
    },
    {
      "type": "Feature",
      "properties": {
        "channel_class": "drainage",
        "upstream_area_km2": 0.778,
        "source": "HydroSim D8 flow accumulation"
      },
      "geometry": {
        "type": "LineString",
        "coordinates": [
          [
            39.723004091015085,
            21.41061295424662
          ],
          [
            39.722422556437586,
            21.410073381122764
          ],
          [
            39.72270665948045,
            21.40898799470222
          ],
          [
            39.71980437642846,
            21.407374240285712
          ],
          [
            39.71893211304404,
            21.406564861785174
          ],
          [
            39.71922021424115,
            21.406292585242145
          ],
          [
            39.71573125723504,
            21.40305502827114
          ],
          [
            39.71601935786535,
            21.402782757143147
          ]
        ]
      }
    },
    {
      "type": "Feature",
      "properties": {
        "channel_class": "major",
        "upstream_area_km2": 248.822,
        "source": "HydroSim D8 flow accumulation"
      },
      "geometry": {
        "type": "LineString",
        "coordinates": [
          [
            39.64630191098076,
            21.410655242393158
          ],
          [
            39.64514891109083,
            21.4117438589356
          ],
          [
            39.64486541592371,
            21.4131001677757
          ]
        ]
      }
    },
    {
      "type": "Feature",
      "properties": {
        "channel_class": "major",
        "upstream_area_km2": 248.489,
        "source": "HydroSim D8 flow accumulation"
      },
      "geometry": {
        "type": "LineString",
        "coordinates": [
          [
            39.6474596698044,
            21.410650773867655
          ],
          [
            39.64630191098076,
            21.410655242393158
          ]
        ]
      }
    },
    {
      "type": "Feature",
      "properties": {
        "channel_class": "drainage",
        "upstream_area_km2": 0.259,
        "source": "HydroSim D8 flow accumulation"
      },
      "geometry": {
        "type": "LineString",
        "coordinates": [
          [
            39.65527453396532,
            21.410620402166558
          ],
          [
            39.65527090870038,
            21.40980728669996
          ]
        ]
      }
    },
    {
      "type": "Feature",
      "properties": {
        "channel_class": "drainage",
        "upstream_area_km2": 0.376,
        "source": "HydroSim D8 flow accumulation"
      },
      "geometry": {
        "type": "LineString",
        "coordinates": [
          [
            39.63356537579828,
            21.410432828774187
          ],
          [
            39.63444071616567,
            21.412055781569148
          ],
          [
            39.63386416791397,
            21.412600051135097
          ],
          [
            39.635027801217944,
            21.413950865515254
          ]
        ]
      }
    },
    {
      "type": "Feature",
      "properties": {
        "channel_class": "drainage",
        "upstream_area_km2": 0.328,
        "source": "HydroSim D8 flow accumulation"
      },
      "geometry": {
        "type": "LineString",
        "coordinates": [
          [
            39.61561892372844,
            21.410228663479828
          ],
          [
            39.61359283895738,
            21.410236093115557
          ],
          [
            39.61271999694402,
            21.409155106771628
          ],
          [
            39.612431687637255,
            21.409427205363166
          ]
        ]
      }
    },
    {
      "type": "Feature",
      "properties": {
        "channel_class": "major",
        "upstream_area_km2": 183.704,
        "source": "HydroSim D8 flow accumulation"
      },
      "geometry": {
        "type": "LineString",
        "coordinates": [
          [
            39.65527090870038,
            21.40980728669996
          ],
          [
            39.654109539632856,
            21.40899869327808
          ],
          [
            39.65266596992306,
            21.409817450658533
          ],
          [
            39.65179284885065,
            21.40873667481855
          ],
          [
            39.65121397751357,
            21.4087389248554
          ],
          [
            39.64861862451185,
            21.410917336176354
          ],
          [
            39.6474596698044,
            21.410650773867655
          ]
        ]
      }
    },
    {
      "type": "Feature",
      "properties": {
        "channel_class": "major",
        "upstream_area_km2": 8.956,
        "source": "HydroSim D8 flow accumulation"
      },
      "geometry": {
        "type": "LineString",
        "coordinates": [
          [
            39.59969745100967,
            21.409744296708084
          ],
          [
            39.60057020268147,
            21.410825352979835
          ],
          [
            39.60115684882024,
            21.412720566467137
          ],
          [
            39.60116904634913,
            21.415702019453345
          ]
        ]
      }
    },
    {
      "type": "Feature",
      "properties": {
        "channel_class": "drainage",
        "upstream_area_km2": 0.282,
        "source": "HydroSim D8 flow accumulation"
      },
      "geometry": {
        "type": "LineString",
        "coordinates": [
          [
            39.646007705889545,
            21.409572202306286
          ],
          [
            39.64630191098076,
            21.410655242393158
          ]
        ]
      }
    },
    {
      "type": "Feature",
      "properties": {
        "channel_class": "major",
        "upstream_area_km2": 6.116,
        "source": "HydroSim D8 flow accumulation"
      },
      "geometry": {
        "type": "LineString",
        "coordinates": [
          [
            39.596801944350005,
            21.409483586267402
          ],
          [
            39.59969745100967,
            21.409744296708084
          ]
        ]
      }
    },
    {
      "type": "Feature",
      "properties": {
        "channel_class": "drainage",
        "upstream_area_km2": 3.339,
        "source": "HydroSim D8 flow accumulation"
      },
      "geometry": {
        "type": "LineString",
        "coordinates": [
          [
            39.612431687637255,
            21.409427205363166
          ],
          [
            39.61127843973667,
            21.41051559493696
          ],
          [
            39.610422499269006,
            21.413500208271266
          ],
          [
            39.608984248772096,
            21.41567379975651
          ],
          [
            39.609857103858545,
            21.41675480445497
          ],
          [
            39.60899323635181,
            21.41784212539895
          ],
          [
            39.60957664675235,
            21.41892418281267
          ],
          [
            39.60929168530177,
            21.420009398070714
          ],
          [
            39.610166821002785,
            21.42163248093918
          ],
          [
            39.60988861218141,
            21.42434393951994
          ]
        ]
      }
    },
    {
      "type": "Feature",
      "properties": {
        "channel_class": "drainage",
        "upstream_area_km2": 0.742,
        "source": "HydroSim D8 flow accumulation"
      },
      "geometry": {
        "type": "LineString",
        "coordinates": [
          [
            39.68102700726356,
            21.408891485790676
          ],
          [
            39.67928288613104,
            21.40727230946194
          ],
          [
            39.67812766218204,
            21.407819071724287
          ],
          [
            39.67638607938913,
            21.406741938723297
          ],
          [
            39.67579849681398,
            21.40484701100066
          ],
          [
            39.676665528943516,
            21.404572470964567
          ],
          [
            39.676082937689166,
            21.40376169386265
          ],
          [
            39.67694746701238,
            21.402945077469617
          ]
        ]
      }
    },
    {
      "type": "Feature",
      "properties": {
        "channel_class": "drainage",
        "upstream_area_km2": 0.491,
        "source": "HydroSim D8 flow accumulation"
      },
      "geometry": {
        "type": "LineString",
        "coordinates": [
          [
            39.74065002622583,
            21.408638625922585
          ],
          [
            39.740073895646276,
            21.40918325005302
          ],
          [
            39.740364691991935,
            21.40945300541388
          ],
          [
            39.73978855722952,
            21.409997628633768
          ],
          [
            39.73979401443507,
            21.411081762977915
          ],
          [
            39.74095995289043,
            21.412702849388964
          ]
        ]
      }
    },
    {
      "type": "Feature",
      "properties": {
        "channel_class": "drainage",
        "upstream_area_km2": 0.465,
        "source": "HydroSim D8 flow accumulation"
      },
      "geometry": {
        "type": "LineString",
        "coordinates": [
          [
            39.758015785655424,
            21.40856098988532
          ],
          [
            39.756851092919376,
            21.407211058524588
          ],
          [
            39.7559856024424,
            21.40775704214034
          ],
          [
            39.75598839041774,
            21.40829910746441
          ],
          [
            39.75454959714538,
            21.4099318245636
          ],
          [
            39.75368408203567,
            21.41047779684259
          ],
          [
            39.753103827688086,
            21.41020936618659
          ],
          [
            39.75166221100995,
            21.4112999940086
          ]
        ]
      }
    },
    {
      "type": "Feature",
      "properties": {
        "channel_class": "drainage",
        "upstream_area_km2": 4.534,
        "source": "HydroSim D8 flow accumulation"
      },
      "geometry": {
        "type": "LineString",
        "coordinates": [
          [
            39.59506091378657,
            21.40840559424225
          ],
          [
            39.596801944350005,
            21.409483586267402
          ]
        ]
      }
    },
    {
      "type": "Feature",
      "properties": {
        "channel_class": "drainage",
        "upstream_area_km2": 1.409,
        "source": "HydroSim D8 flow accumulation"
      },
      "geometry": {
        "type": "LineString",
        "coordinates": [
          [
            39.70272933489504,
            21.407717736425436
          ],
          [
            39.70330560239601,
            21.407173236852078
          ],
          [
            39.70329911867678,
            21.405818057344305
          ],
          [
            39.70444773446902,
            21.403915944946746
          ],
          [
            39.70444124130673,
            21.402560765246385
          ],
          [
            39.70124210537326,
            21.399321677649944
          ],
          [
            39.70094752363056,
            21.398238742645983
          ],
          [
            39.69949401749685,
            21.39688960349799
          ],
          [
            39.69949143936431,
            21.39634753061329
          ],
          [
            39.698039251716374,
            21.39526941424048
          ]
        ]
      }
    },
    {
      "type": "Feature",
      "properties": {
        "channel_class": "drainage",
        "upstream_area_km2": 2.587,
        "source": "HydroSim D8 flow accumulation"
      },
      "geometry": {
        "type": "LineString",
        "coordinates": [
          [
            39.601136893785814,
            21.407841822916428
          ],
          [
            39.59969413335902,
            21.4089311724746
          ],
          [
            39.59969745100967,
            21.409744296708084
          ]
        ]
      }
    },
    {
      "type": "Feature",
      "properties": {
        "channel_class": "drainage",
        "upstream_area_km2": 0.643,
        "source": "HydroSim D8 flow accumulation"
      },
      "geometry": {
        "type": "LineString",
        "coordinates": [
          [
            39.74758944687636,
            21.40725262142462
          ],
          [
            39.74817795755466,
            21.409147270742025
          ],
          [
            39.74992422066239,
            21.411036740743036
          ],
          [
            39.74963893413185,
            21.411851134433277
          ],
          [
            39.75022195646472,
            21.412661642792944
          ]
        ]
      }
    },
    {
      "type": "Feature",
      "properties": {
        "channel_class": "drainage",
        "upstream_area_km2": 0.364,
        "source": "HydroSim D8 flow accumulation"
      },
      "geometry": {
        "type": "LineString",
        "coordinates": [
          [
            39.58550620712555,
            21.40762610456241
          ],
          [
            39.58637451833964,
            21.40762306928838
          ]
        ]
      }
    },
    {
      "type": "Feature",
      "properties": {
        "channel_class": "drainage",
        "upstream_area_km2": 3.591,
        "source": "HydroSim D8 flow accumulation"
      },
      "geometry": {
        "type": "LineString",
        "coordinates": [
          [
            39.58637451833964,
            21.40762306928838
          ],
          [
            39.58840057724261,
            21.407615969492273
          ],
          [
            39.58897727904253,
            21.407071852473234
          ],
          [
            39.59100223967872,
            21.406793679474575
          ],
          [
            39.59506091378657,
            21.40840559424225
          ]
        ]
      }
    },
    {
      "type": "Feature",
      "properties": {
        "channel_class": "drainage",
        "upstream_area_km2": 2.209,
        "source": "HydroSim D8 flow accumulation"
      },
      "geometry": {
        "type": "LineString",
        "coordinates": [
          [
            39.61386982771938,
            21.407253585359015
          ],
          [
            39.612141119582894,
            21.409157221910686
          ],
          [
            39.612431687637255,
            21.409427205363166
          ]
        ]
      }
    },
    {
      "type": "Feature",
      "properties": {
        "channel_class": "drainage",
        "upstream_area_km2": 0.315,
        "source": "HydroSim D8 flow accumulation"
      },
      "geometry": {
        "type": "LineString",
        "coordinates": [
          [
            39.68130764742787,
            21.40699304970787
          ],
          [
            39.68101947264537,
            21.407265263010054
          ],
          [
            39.678987195346046,
            21.405918295658136
          ]
        ]
      }
    },
    {
      "type": "Feature",
      "properties": {
        "channel_class": "drainage",
        "upstream_area_km2": 0.68,
        "source": "HydroSim D8 flow accumulation"
      },
      "geometry": {
        "type": "LineString",
        "coordinates": [
          [
            39.733115377019374,
            21.406774470968113
          ],
          [
            39.73456657401957,
            21.407581237622367
          ],
          [
            39.73457334659126,
            21.408936407518098
          ],
          [
            39.73370911261826,
            21.409753312662456
          ],
          [
            39.733713171806656,
            21.410566414572585
          ],
          [
            39.73458418381559,
            21.411104678891594
          ]
        ]
      }
    },
    {
      "type": "Feature",
      "properties": {
        "channel_class": "drainage",
        "upstream_area_km2": 0.751,
        "source": "HydroSim D8 flow accumulation"
      },
      "geometry": {
        "type": "LineString",
        "coordinates": [
          [
            39.75626945183165,
            21.406671605836504
          ],
          [
            39.754542640052904,
            21.408576660999973
          ],
          [
            39.752234143645325,
            21.409942232721438
          ],
          [
            39.75166221100995,
            21.4112999940086
          ]
        ]
      }
    },
    {
      "type": "Feature",
      "properties": {
        "channel_class": "drainage",
        "upstream_area_km2": 0.263,
        "source": "HydroSim D8 flow accumulation"
      },
      "geometry": {
        "type": "LineString",
        "coordinates": [
          [
            39.5727677901623,
            21.40685697684258
          ],
          [
            39.573057226390254,
            21.406855987613085
          ]
        ]
      }
    },
    {
      "type": "Feature",
      "properties": {
        "channel_class": "drainage",
        "upstream_area_km2": 1.559,
        "source": "HydroSim D8 flow accumulation"
      },
      "geometry": {
        "type": "LineString",
        "coordinates": [
          [
            39.573057226390254,
            21.406855987613085
          ],
          [
            39.57392659321046,
            21.407124059668362
          ],
          [
            39.57393400133117,
            21.409021358615504
          ],
          [
            39.57480550253444,
            21.40983151096539
          ],
          [
            39.575673828428464,
            21.409828530829223
          ],
          [
            39.576828404883564,
            21.40901142274304
          ],
          [
            39.57710933182984,
            21.406842085931686
          ],
          [
            39.57912684119509,
            21.404666758099708
          ],
          [
            39.58085700539735,
            21.40303449486697
          ],
          [
            39.58316813110851,
            21.401942286894407
          ]
        ]
      }
    },
    {
      "type": "Feature",
      "properties": {
        "channel_class": "drainage",
        "upstream_area_km2": 0.444,
        "source": "HydroSim D8 flow accumulation"
      },
      "geometry": {
        "type": "LineString",
        "coordinates": [
          [
            39.717771756873844,
            21.406027752994895
          ],
          [
            39.71602727787128,
            21.40440896861966
          ]
        ]
      }
    },
    {
      "type": "Feature",
      "properties": {
        "channel_class": "drainage",
        "upstream_area_km2": 0.752,
        "source": "HydroSim D8 flow accumulation"
      },
      "geometry": {
        "type": "LineString",
        "coordinates": [
          [
            39.678987195346046,
            21.405918295658136
          ],
          [
            39.67782823146787,
            21.40565194359122
          ],
          [
            39.6778207334848,
            21.4040257191005
          ],
          [
            39.67694746701238,
            21.402945077469617
          ]
        ]
      }
    },
    {
      "type": "Feature",
      "properties": {
        "channel_class": "drainage",
        "upstream_area_km2": 0.322,
        "source": "HydroSim D8 flow accumulation"
      },
      "geometry": {
        "type": "LineString",
        "coordinates": [
          [
            39.714297322652556,
            21.405771553300994
          ],
          [
            39.71602727787128,
            21.40440896861966
          ]
        ]
      }
    },
    {
      "type": "Feature",
      "properties": {
        "channel_class": "drainage",
        "upstream_area_km2": 0.296,
        "source": "HydroSim D8 flow accumulation"
      },
      "geometry": {
        "type": "LineString",
        "coordinates": [
          [
            39.66075072476055,
            21.405449084151833
          ],
          [
            39.66045520787495,
            21.404095032813537
          ],
          [
            39.659295072806025,
            21.403557512827973
          ]
        ]
      }
    },
    {
      "type": "Feature",
      "properties": {
        "channel_class": "drainage",
        "upstream_area_km2": 0.291,
        "source": "HydroSim D8 flow accumulation"
      },
      "geometry": {
        "type": "LineString",
        "coordinates": [
          [
            39.573051943462715,
            21.405500773565
          ],
          [
            39.573057226390254,
            21.406855987613085
          ]
        ]
      }
    },
    {
      "type": "Feature",
      "properties": {
        "channel_class": "drainage",
        "upstream_area_km2": 1.54,
        "source": "HydroSim D8 flow accumulation"
      },
      "geometry": {
        "type": "LineString",
        "coordinates": [
          [
            39.61444076706644,
            21.405354179065615
          ],
          [
            39.61386530026412,
            21.406169422229347
          ],
          [
            39.61386982771938,
            21.407253585359015
          ]
        ]
      }
    },
    {
      "type": "Feature",
      "properties": {
        "channel_class": "drainage",
        "upstream_area_km2": 2.019,
        "source": "HydroSim D8 flow accumulation"
      },
      "geometry": {
        "type": "LineString",
        "coordinates": [
          [
            39.60257185576168,
            21.40485517162879
          ],
          [
            39.602290198223805,
            21.40675350149884
          ],
          [
            39.601136893785814,
            21.407841822916428
          ]
        ]
      }
    },
    {
      "type": "Feature",
      "properties": {
        "channel_class": "major",
        "upstream_area_km2": 64.764,
        "source": "HydroSim D8 flow accumulation"
      },
      "geometry": {
        "type": "LineString",
        "coordinates": [
          [
            39.65148539462413,
            21.40467221798026
          ],
          [
            39.650043049927184,
            21.405761991390673
          ],
          [
            39.649468980000385,
            21.406848390806108
          ],
          [
            39.64888891939576,
            21.406579593682295
          ],
          [
            39.64773716466142,
            21.40793926623022
          ],
          [
            39.64716426282724,
            21.4092966970755
          ],
          [
            39.64774313682715,
            21.40929446096881
          ],
          [
            39.64803496386421,
            21.409835419968495
          ],
          [
            39.6474596698044,
            21.410650773867655
          ]
        ]
      }
    },
    {
      "type": "Feature",
      "properties": {
        "channel_class": "drainage",
        "upstream_area_km2": 0.689,
        "source": "HydroSim D8 flow accumulation"
      },
      "geometry": {
        "type": "LineString",
        "coordinates": [
          [
            39.696925299391474,
            21.404489469410866
          ],
          [
            39.69663073767013,
            21.403406526898596
          ],
          [
            39.69778070953944,
            21.40177549418653
          ],
          [
            39.697761418040834,
            21.39770994756769
          ],
          [
            39.69688933141029,
            21.39690044851743
          ],
          [
            39.698039251716374,
            21.39526941424048
          ]
        ]
      }
    },
    {
      "type": "Feature",
      "properties": {
        "channel_class": "drainage",
        "upstream_area_km2": 0.795,
        "source": "HydroSim D8 flow accumulation"
      },
      "geometry": {
        "type": "LineString",
        "coordinates": [
          [
            39.71602727787128,
            21.40440896861966
          ],
          [
            39.71544315553788,
            21.403327298925046
          ],
          [
            39.71601935786535,
            21.402782757143147
          ]
        ]
      }
    },
    {
      "type": "Feature",
      "properties": {
        "channel_class": "drainage",
        "upstream_area_km2": 0.503,
        "source": "HydroSim D8 flow accumulation"
      },
      "geometry": {
        "type": "LineString",
        "coordinates": [
          [
            39.61762109187314,
            21.404529357415502
          ],
          [
            39.61703995811743,
            21.40398940764387
          ],
          [
            39.61646223806382,
            21.404262577947154
          ],
          [
            39.6155973562983,
            21.40507889087947
          ],
          [
            39.61473699871604,
            21.40697936248949
          ],
          [
            39.614160395008554,
            21.407523565889548
          ],
          [
            39.61386982771938,
            21.407253585359015
          ]
        ]
      }
    },
    {
      "type": "Feature",
      "properties": {
        "channel_class": "drainage",
        "upstream_area_km2": 0.496,
        "source": "HydroSim D8 flow accumulation"
      },
      "geometry": {
        "type": "LineString",
        "coordinates": [
          [
            39.59822708394454,
            21.404057595700614
          ],
          [
            39.5996797586846,
            21.405407633212956
          ],
          [
            39.600258622619215,
            21.40540556145484
          ],
          [
            39.601136893785814,
            21.407841822916428
          ]
        ]
      }
    },
    {
      "type": "Feature",
      "properties": {
        "channel_class": "drainage",
        "upstream_area_km2": 0.336,
        "source": "HydroSim D8 flow accumulation"
      },
      "geometry": {
        "type": "LineString",
        "coordinates": [
          [
            39.68273969427019,
            21.403734716062843
          ],
          [
            39.681583254754194,
            21.404010464072538
          ],
          [
            39.678987195346046,
            21.405918295658136
          ]
        ]
      }
    },
    {
      "type": "Feature",
      "properties": {
        "channel_class": "drainage",
        "upstream_area_km2": 1.127,
        "source": "HydroSim D8 flow accumulation"
      },
      "geometry": {
        "type": "LineString",
        "coordinates": [
          [
            39.659295072806025,
            21.403557512827973
          ],
          [
            39.65871865148567,
            21.40410186526473
          ],
          [
            39.656398401538716,
            21.403026792653385
          ],
          [
            39.655820762211775,
            21.40330009670778
          ],
          [
            39.654659442685656,
            21.4024915052354
          ],
          [
            39.65465340886175,
            21.40113631126664
          ],
          [
            39.65349331749421,
            21.400598749800196
          ]
        ]
      }
    },
    {
      "type": "Feature",
      "properties": {
        "channel_class": "drainage",
        "upstream_area_km2": 0.645,
        "source": "HydroSim D8 flow accumulation"
      },
      "geometry": {
        "type": "LineString",
        "coordinates": [
          [
            39.66768715933063,
            21.403253256615447
          ],
          [
            39.66739896574735,
            21.40352544709214
          ],
          [
            39.66681642895868,
            21.402714636236986
          ],
          [
            39.66623758308792,
            21.4027169375417
          ],
          [
            39.66566119138261,
            21.403261313154044
          ],
          [
            39.66392587062269,
            21.403539237510387
          ],
          [
            39.66334457541865,
            21.40299945237626
          ],
          [
            39.66363277571262,
            21.402727268684583
          ],
          [
            39.662180777179664,
            21.401648837242437
          ],
          [
            39.66131495190552,
            21.40219434113429
          ],
          [
            39.6595772024144,
            21.401930143396328
          ],
          [
            39.659002003194296,
            21.402745535248176
          ],
          [
            39.659295072806025,
            21.403557512827973
          ]
        ]
      }
    },
    {
      "type": "Feature",
      "properties": {
        "channel_class": "drainage",
        "upstream_area_km2": 0.895,
        "source": "HydroSim D8 flow accumulation"
      },
      "geometry": {
        "type": "LineString",
        "coordinates": [
          [
            39.593303500228686,
            21.403261955534106
          ],
          [
            39.59592153633202,
            21.40650521775457
          ],
          [
            39.59506091378657,
            21.40840559424225
          ]
        ]
      }
    },
    {
      "type": "Feature",
      "properties": {
        "channel_class": "drainage",
        "upstream_area_km2": 1.985,
        "source": "HydroSim D8 flow accumulation"
      },
      "geometry": {
        "type": "LineString",
        "coordinates": [
          [
            39.67694746701238,
            21.402945077469617
          ],
          [
            39.67723439289003,
            21.402401833530742
          ],
          [
            39.676362387391606,
            21.401592225875437
          ],
          [
            39.67664931297173,
            21.401048982863596
          ],
          [
            39.67519350583107,
            21.39915755280962
          ],
          [
            39.672587526644925,
            21.398896983544386
          ]
        ]
      }
    },
    {
      "type": "Feature",
      "properties": {
        "channel_class": "drainage",
        "upstream_area_km2": 1.842,
        "source": "HydroSim D8 flow accumulation"
      },
      "geometry": {
        "type": "LineString",
        "coordinates": [
          [
            39.71601935786535,
            21.402782757143147
          ],
          [
            39.71745852252366,
            21.401150359157356
          ],
          [
            39.71774132443477,
            21.39979394419756
          ]
        ]
      }
    },
    {
      "type": "Feature",
      "properties": {
        "channel_class": "drainage",
        "upstream_area_km2": 0.271,
        "source": "HydroSim D8 flow accumulation"
      },
      "geometry": {
        "type": "LineString",
        "coordinates": [
          [
            39.59301297890941,
            21.40299193761504
          ],
          [
            39.593303500228686,
            21.403261955534106
          ]
        ]
      }
    },
    {
      "type": "Feature",
      "properties": {
        "channel_class": "drainage",
        "upstream_area_km2": 0.502,
        "source": "HydroSim D8 flow accumulation"
      },
      "geometry": {
        "type": "LineString",
        "coordinates": [
          [
            39.61298344057122,
            21.402920108935803
          ],
          [
            39.61443623584226,
            21.404270015806866
          ],
          [
            39.61444076706644,
            21.405354179065615
          ]
        ]
      }
    },
    {
      "type": "Feature",
      "properties": {
        "channel_class": "drainage",
        "upstream_area_km2": 0.518,
        "source": "HydroSim D8 flow accumulation"
      },
      "geometry": {
        "type": "LineString",
        "coordinates": [
          [
            39.72412044096967,
            21.40220588113765
          ],
          [
            39.723249519303906,
            21.401667559288484
          ],
          [
            39.720064599549595,
            21.401410227624805
          ],
          [
            39.71919104558606,
            21.400329813795206
          ],
          [
            39.71774132443477,
            21.39979394419756
          ]
        ]
      }
    },
    {
      "type": "Feature",
      "properties": {
        "channel_class": "drainage",
        "upstream_area_km2": 4.736,
        "source": "HydroSim D8 flow accumulation"
      },
      "geometry": {
        "type": "LineString",
        "coordinates": [
          [
            39.624267603120785,
            21.40206533683105
          ],
          [
            39.625140484859195,
            21.403146262915648
          ],
          [
            39.626584150156205,
            21.40232773975861
          ],
          [
            39.63266205979095,
            21.40230491429193
          ],
          [
            39.634985645901274,
            21.404193439528974
          ],
          [
            39.63585392880721,
            21.40419014845446
          ],
          [
            39.63730576643023,
            21.405268811857614
          ],
          [
            39.63846348487892,
            21.405264406526946
          ],
          [
            39.63904705690925,
            21.40634635887523
          ],
          [
            39.63905294847344,
            21.407701556191086
          ],
          [
            39.63790344499246,
            21.409603242369784
          ],
          [
            39.63848820859602,
            21.41095623515552
          ],
          [
            39.63762929407015,
            21.413127855878013
          ],
          [
            39.6382105385418,
            21.41366773092968
          ],
          [
            39.637924622376445,
            21.414481950871238
          ],
          [
            39.63879650051628,
            21.415291760732636
          ],
          [
            39.63850940686407,
            21.415834942312472
          ],
          [
            39.63938247589681,
            21.416915787851007
          ],
          [
            39.638808284896776,
            21.418002152385892
          ]
        ]
      }
    },
    {
      "type": "Feature",
      "properties": {
        "channel_class": "drainage",
        "upstream_area_km2": 2.785,
        "source": "HydroSim D8 flow accumulation"
      },
      "geometry": {
        "type": "LineString",
        "coordinates": [
          [
            39.58316813110851,
            21.401942286894407
          ],
          [
            39.58461741640373,
            21.402479331828598
          ],
          [
            39.58665205707588,
            21.40464059280891
          ],
          [
            39.585211374785914,
            21.40627190431937
          ],
          [
            39.58637451833964,
            21.40762306928838
          ]
        ]
      }
    },
    {
      "type": "Feature",
      "properties": {
        "channel_class": "drainage",
        "upstream_area_km2": 0.945,
        "source": "HydroSim D8 flow accumulation"
      },
      "geometry": {
        "type": "LineString",
        "coordinates": [
          [
            39.61703085825904,
            21.401821081695108
          ],
          [
            39.61501169227751,
            21.403454770753964
          ],
          [
            39.615017361419675,
            21.40480997479027
          ],
          [
            39.61444076706644,
            21.405354179065615
          ]
        ]
      }
    },
    {
      "type": "Feature",
      "properties": {
        "channel_class": "drainage",
        "upstream_area_km2": 1.095,
        "source": "HydroSim D8 flow accumulation"
      },
      "geometry": {
        "type": "LineString",
        "coordinates": [
          [
            39.69054267755058,
            21.401263378335326
          ],
          [
            39.688804895727706,
            21.400999484628382
          ],
          [
            39.68618874804524,
            21.398570831630106
          ],
          [
            39.68560992080725,
            21.398573199382362
          ],
          [
            39.684737893859456,
            21.397763635546166
          ],
          [
            39.683869657473785,
            21.39776717878608
          ],
          [
            39.68299764474559,
            21.396957605438047
          ],
          [
            39.68126620280647,
            21.39804881898145
          ],
          [
            39.67981287393237,
            21.396699504280136
          ],
          [
            39.67865773394981,
            21.39724626862417
          ],
          [
            39.67691627501356,
            21.396169136571835
          ],
          [
            39.67633994888292,
            21.39671354760707
          ],
          [
            39.67489040850099,
            21.396177302067112
          ],
          [
            39.673447083598205,
            21.39699623336336
          ],
          [
            39.672284482681356,
            21.395916726595637
          ],
          [
            39.67142244161399,
            21.39727539527038
          ]
        ]
      }
    },
    {
      "type": "Feature",
      "properties": {
        "channel_class": "drainage",
        "upstream_area_km2": 0.274,
        "source": "HydroSim D8 flow accumulation"
      },
      "geometry": {
        "type": "LineString",
        "coordinates": [
          [
            39.6239747284283,
            21.401253292972086
          ],
          [
            39.624267603120785,
            21.40206533683105
          ]
        ]
      }
    },
    {
      "type": "Feature",
      "properties": {
        "channel_class": "major",
        "upstream_area_km2": 62.712,
        "source": "HydroSim D8 flow accumulation"
      },
      "geometry": {
        "type": "LineString",
        "coordinates": [
          [
            39.65349331749421,
            21.400598749800196
          ],
          [
            39.65147938938118,
            21.403317023503647
          ],
          [
            39.65206184562839,
            21.404127889710818
          ],
          [
            39.65148539462413,
            21.40467221798026
          ]
        ]
      }
    },
    {
      "type": "Feature",
      "properties": {
        "channel_class": "drainage",
        "upstream_area_km2": 2.506,
        "source": "HydroSim D8 flow accumulation"
      },
      "geometry": {
        "type": "LineString",
        "coordinates": [
          [
            39.71774132443477,
            21.39979394419756
          ],
          [
            39.717450588014806,
            21.399524147560044
          ],
          [
            39.71831353285861,
            21.398436289125765
          ],
          [
            39.717732064576914,
            21.397896697114316
          ],
          [
            39.71801221230776,
            21.395998210688838
          ]
        ]
      }
    },
    {
      "type": "Feature",
      "properties": {
        "channel_class": "drainage",
        "upstream_area_km2": 0.67,
        "source": "HydroSim D8 flow accumulation"
      },
      "geometry": {
        "type": "LineString",
        "coordinates": [
          [
            39.73163047737801,
            21.39919183270589
          ],
          [
            39.730171305936956,
            21.39675882945739
          ],
          [
            39.726973088743605,
            21.393791277835184
          ],
          [
            39.72581414464158,
            21.393525256860116
          ]
        ]
      }
    },
    {
      "type": "Feature",
      "properties": {
        "channel_class": "drainage",
        "upstream_area_km2": 0.288,
        "source": "HydroSim D8 flow accumulation"
      },
      "geometry": {
        "type": "LineString",
        "coordinates": [
          [
            39.672588766285756,
            21.39916802144047
          ],
          [
            39.672587526644925,
            21.398896983544386
          ]
        ]
      }
    },
    {
      "type": "Feature",
      "properties": {
        "channel_class": "drainage",
        "upstream_area_km2": 2.307,
        "source": "HydroSim D8 flow accumulation"
      },
      "geometry": {
        "type": "LineString",
        "coordinates": [
          [
            39.672587526644925,
            21.398896983544386
          ],
          [
            39.67142244161399,
            21.39727539527038
          ]
        ]
      }
    },
    {
      "type": "Feature",
      "properties": {
        "channel_class": "drainage",
        "upstream_area_km2": 0.318,
        "source": "HydroSim D8 flow accumulation"
      },
      "geometry": {
        "type": "LineString",
        "coordinates": [
          [
            39.617018347826544,
            21.398839632594516
          ],
          [
            39.61703085825904,
            21.401821081695108
          ]
        ]
      }
    },
    {
      "type": "Feature",
      "properties": {
        "channel_class": "drainage",
        "upstream_area_km2": 0.738,
        "source": "HydroSim D8 flow accumulation"
      },
      "geometry": {
        "type": "LineString",
        "coordinates": [
          [
            39.5814176426919,
            21.398424764376365
          ],
          [
            39.58142407246408,
            21.400051020174786
          ],
          [
            39.58316813110851,
            21.401942286894407
          ]
        ]
      }
    },
    {
      "type": "Feature",
      "properties": {
        "channel_class": "drainage",
        "upstream_area_km2": 0.408,
        "source": "HydroSim D8 flow accumulation"
      },
      "geometry": {
        "type": "LineString",
        "coordinates": [
          [
            39.59328162857536,
            21.39784111529441
          ],
          [
            39.592419927380696,
            21.399470437711155
          ],
          [
            39.59416630788294,
            21.40190367095001
          ],
          [
            39.593303500228686,
            21.403261955534106
          ]
        ]
      }
    },
    {
      "type": "Feature",
      "properties": {
        "channel_class": "drainage",
        "upstream_area_km2": 1.621,
        "source": "HydroSim D8 flow accumulation"
      },
      "geometry": {
        "type": "LineString",
        "coordinates": [
          [
            39.64045643466719,
            21.397667570077704
          ],
          [
            39.64017527924346,
            21.399565952954326
          ],
          [
            39.640756477771426,
            21.400105821149847
          ],
          [
            39.64076002097437,
            21.40091893989831
          ],
          [
            39.641918887628314,
            21.401185551072366
          ],
          [
            39.64395195884718,
            21.402804018345986
          ],
          [
            39.64510965637682,
            21.402799567604834
          ],
          [
            39.64626258831125,
            21.40171095194043
          ],
          [
            39.64684262490865,
            21.40197975891457
          ],
          [
            39.64770850481352,
            21.401434328415224
          ],
          [
            39.64886858287238,
            21.401971930228093
          ],
          [
            39.65148539462413,
            21.40467221798026
          ]
        ]
      }
    },
    {
      "type": "Feature",
      "properties": {
        "channel_class": "major",
        "upstream_area_km2": 61.102,
        "source": "HydroSim D8 flow accumulation"
      },
      "geometry": {
        "type": "LineString",
        "coordinates": [
          [
            39.65463772314413,
            21.39761280591586
          ],
          [
            39.65521534275521,
            21.397339506269148
          ],
          [
            39.6557965859572,
            21.397879321294933
          ],
          [
            39.654931964888384,
            21.398695831382515
          ],
          [
            39.655222588203465,
            21.398965739557795
          ],
          [
            39.653490908440745,
            21.40005667199028
          ],
          [
            39.65349331749421,
            21.400598749800196
          ]
        ]
      }
    },
    {
      "type": "Feature",
      "properties": {
        "channel_class": "drainage",
        "upstream_area_km2": 0.436,
        "source": "HydroSim D8 flow accumulation"
      },
      "geometry": {
        "type": "LineString",
        "coordinates": [
          [
            39.711941230055096,
            21.39737930147335
          ],
          [
            39.71135847781644,
            21.396568650781497
          ],
          [
            39.71193335808408,
            21.395753087181912
          ],
          [
            39.71134930182154,
            21.394671400319744
          ],
          [
            39.71134143748868,
            21.393045185293868
          ],
          [
            39.71017859869976,
            21.39196594744424
          ],
          [
            39.70989050749227,
            21.39223820859563
          ],
          [
            39.707859492634455,
            21.39116262648425
          ]
        ]
      }
    },
    {
      "type": "Feature",
      "properties": {
        "channel_class": "drainage",
        "upstream_area_km2": 4.125,
        "source": "HydroSim D8 flow accumulation"
      },
      "geometry": {
        "type": "LineString",
        "coordinates": [
          [
            39.67142244161399,
            21.39727539527038
          ],
          [
            39.668817733382916,
            21.39728580445181
          ],
          [
            39.66823644612677,
            21.396746035703174
          ],
          [
            39.66737313244321,
            21.39783364631777
          ],
          [
            39.66649997926475,
            21.396752946498523
          ],
          [
            39.665630518905196,
            21.396485356793917
          ],
          [
            39.665054148633956,
            21.39702973014425
          ],
          [
            39.66360097465862,
            21.39568027059816
          ],
          [
            39.66244577896318,
            21.396226924690996
          ],
          [
            39.661573890228354,
            21.39541723644823
          ],
          [
            39.65984351652105,
            21.396779271327606
          ],
          [
            39.658974067098264,
            21.396511646798654
          ],
          [
            39.65810947197046,
            21.39732817274429
          ],
          [
            39.65694697779677,
            21.396248556822492
          ],
          [
            39.65665877713503,
            21.396520729221923
          ],
          [
            39.65549871574597,
            21.395983180592854
          ]
        ]
      }
    },
    {
      "type": "Feature",
      "properties": {
        "channel_class": "drainage",
        "upstream_area_km2": 0.759,
        "source": "HydroSim D8 flow accumulation"
      },
      "geometry": {
        "type": "LineString",
        "coordinates": [
          [
            39.70470338472761,
            21.39686779210511
          ],
          [
            39.70179765328983,
            21.394440602471057
          ],
          [
            39.70005735603086,
            21.393634750564836
          ],
          [
            39.69687135336995,
            21.39310593547519
          ]
        ]
      }
    },
    {
      "type": "Feature",
      "properties": {
        "channel_class": "drainage",
        "upstream_area_km2": 0.29,
        "source": "HydroSim D8 flow accumulation"
      },
      "geometry": {
        "type": "LineString",
        "coordinates": [
          [
            39.6384270029104,
            21.396862176205445
          ],
          [
            39.63958465492104,
            21.396857764779302
          ],
          [
            39.64045643466719,
            21.397667570077704
          ]
        ]
      }
    },
    {
      "type": "Feature",
      "properties": {
        "channel_class": "drainage",
        "upstream_area_km2": 0.355,
        "source": "HydroSim D8 flow accumulation"
      },
      "geometry": {
        "type": "LineString",
        "coordinates": [
          [
            39.64016348081494,
            21.3968555560697
          ],
          [
            39.64045643466719,
            21.397667570077704
          ]
        ]
      }
    },
    {
      "type": "Feature",
      "properties": {
        "channel_class": "drainage",
        "upstream_area_km2": 0.812,
        "source": "HydroSim D8 flow accumulation"
      },
      "geometry": {
        "type": "LineString",
        "coordinates": [
          [
            39.60774799818804,
            21.39670512592988
          ],
          [
            39.60659704789942,
            21.398335566234717
          ],
          [
            39.60515218986263,
            21.39888287792696
          ],
          [
            39.605154420590786,
            21.399424960861637
          ],
          [
            39.60428950218659,
            21.400241216741595
          ],
          [
            39.60516222869297,
            21.401322250855447
          ],
          [
            39.604878380110115,
            21.402678502207543
          ],
          [
            39.60257185576168,
            21.40485517162879
          ]
        ]
      }
    },
    {
      "type": "Feature",
      "properties": {
        "channel_class": "drainage",
        "upstream_area_km2": 0.553,
        "source": "HydroSim D8 flow accumulation"
      },
      "geometry": {
        "type": "LineString",
        "coordinates": [
          [
            39.72351226640879,
            21.39624561157011
          ],
          [
            39.72235197717247,
            21.3957085320043
          ],
          [
            39.72119834124541,
            21.39652662007597
          ],
          [
            39.720907605326815,
            21.396256829325505
          ],
          [
            39.72004469237444,
            21.39734470049277
          ],
          [
            39.71859102537991,
            21.395995731371848
          ],
          [
            39.71801221230776,
            21.395998210688838
          ]
        ]
      }
    },
    {
      "type": "Feature",
      "properties": {
        "channel_class": "major",
        "upstream_area_km2": 60.255,
        "source": "HydroSim D8 flow accumulation"
      },
      "geometry": {
        "type": "LineString",
        "coordinates": [
          [
            39.655210512836945,
            21.39625535056699
          ],
          [
            39.6543471036192,
            21.397342896587762
          ],
          [
            39.65463772314413,
            21.39761280591586
          ]
        ]
      }
    },
    {
      "type": "Feature",
      "properties": {
        "channel_class": "drainage",
        "upstream_area_km2": 3.957,
        "source": "HydroSim D8 flow accumulation"
      },
      "geometry": {
        "type": "LineString",
        "coordinates": [
          [
            39.71801221230776,
            21.395998210688838
          ],
          [
            39.715979769065086,
            21.394651694990717
          ],
          [
            39.71597317275108,
            21.39329651719252
          ],
          [
            39.71539173371984,
            21.392756915928196
          ],
          [
            39.713076530284916,
            21.392766775623762
          ],
          [
            39.71133226337351,
            21.3911479340286
          ],
          [
            39.70930125383099,
            21.390072369113653
          ],
          [
            39.70727678815731,
            21.390351959706035
          ]
        ]
      }
    },
    {
      "type": "Feature",
      "properties": {
        "channel_class": "major",
        "upstream_area_km2": 59.797,
        "source": "HydroSim D8 flow accumulation"
      },
      "geometry": {
        "type": "LineString",
        "coordinates": [
          [
            39.65549871574597,
            21.395983180592854
          ],
          [
            39.655210512836945,
            21.39625535056699
          ]
        ]
      }
    },
    {
      "type": "Feature",
      "properties": {
        "channel_class": "drainage",
        "upstream_area_km2": 0.423,
        "source": "HydroSim D8 flow accumulation"
      },
      "geometry": {
        "type": "LineString",
        "coordinates": [
          [
            39.64883988175855,
            21.395466989247566
          ],
          [
            39.65057633962297,
            21.395460261704283
          ],
          [
            39.65261062483433,
            21.397349663740417
          ],
          [
            39.652898834770646,
            21.39707749809253
          ],
          [
            39.65377068717396,
            21.397887232258014
          ],
          [
            39.65463772314413,
            21.39761280591586
          ]
        ]
      }
    },
    {
      "type": "Feature",
      "properties": {
        "channel_class": "drainage",
        "upstream_area_km2": 2.166,
        "source": "HydroSim D8 flow accumulation"
      },
      "geometry": {
        "type": "LineString",
        "coordinates": [
          [
            39.698039251716374,
            21.39526941424048
          ],
          [
            39.69687135336995,
            21.39310593547519
          ]
        ]
      }
    },
    {
      "type": "Feature",
      "properties": {
        "channel_class": "drainage",
        "upstream_area_km2": 0.382,
        "source": "HydroSim D8 flow accumulation"
      },
      "geometry": {
        "type": "LineString",
        "coordinates": [
          [
            39.65172917402966,
            21.394371609987136
          ],
          [
            39.65230678678279,
            21.394098320441625
          ],
          [
            39.65463169103136,
            21.396257611153285
          ],
          [
            39.655210512836945,
            21.39625535056699
          ]
        ]
      }
    },
    {
      "type": "Feature",
      "properties": {
        "channel_class": "major",
        "upstream_area_km2": 55.669,
        "source": "HydroSim D8 flow accumulation"
      },
      "geometry": {
        "type": "LineString",
        "coordinates": [
          [
            39.657227910804885,
            21.394350150735985
          ],
          [
            39.65549871574597,
            21.395983180592854
          ]
        ]
      }
    },
    {
      "type": "Feature",
      "properties": {
        "channel_class": "drainage",
        "upstream_area_km2": 0.668,
        "source": "HydroSim D8 flow accumulation"
      },
      "geometry": {
        "type": "LineString",
        "coordinates": [
          [
            39.73392007435017,
            21.39403206051353
          ],
          [
            39.7330478171684,
            21.393222754137177
          ],
          [
            39.73131545850083,
            21.394043438801383
          ],
          [
            39.729575014080986,
            21.39323789759391
          ],
          [
            39.7281213041484,
            21.391889011761663
          ],
          [
            39.72696907030379,
            21.39297817307395
          ],
          [
            39.72638893180645,
            21.392709645998266
          ],
          [
            39.72581414464158,
            21.393525256860116
          ]
        ]
      }
    },
    {
      "type": "Feature",
      "properties": {
        "channel_class": "drainage",
        "upstream_area_km2": 1.628,
        "source": "HydroSim D8 flow accumulation"
      },
      "geometry": {
        "type": "LineString",
        "coordinates": [
          [
            39.68616725141855,
            21.393963198903247
          ],
          [
            39.68413763746309,
            21.393158363074964
          ],
          [
            39.68326565140006,
            21.39234878998878
          ],
          [
            39.682398704006225,
            21.392623362311497
          ],
          [
            39.68123732990318,
            21.391814955518917
          ],
          [
            39.67922278843121,
            21.394262511083987
          ],
          [
            39.67864147635365,
            21.39372277890335
          ],
          [
            39.676907543455684,
            21.39427187213216
          ],
          [
            39.676324993412635,
            21.393461093839882
          ],
          [
            39.67458856821656,
            21.39346808737025
          ],
          [
            39.674012243512564,
            21.3940124905274
          ],
          [
            39.672565216449904,
            21.394018299906122
          ],
          [
            39.67198392910076,
            21.393478543961564
          ],
          [
            39.67140883160476,
            21.39429397654034
          ],
          [
            39.66938298861922,
            21.3943020748294
          ],
          [
            39.66821920736377,
            21.392951499870147
          ],
          [
            39.66793103441421,
            21.393223691040916
          ],
          [
            39.666479101360345,
            21.392145293988193
          ],
          [
            39.666190926637036,
            21.39241748223755
          ],
          [
            39.66445206171662,
            21.39188229338822
          ],
          [
            39.66387081197637,
            21.391342508188732
          ],
          [
            39.66386591976383,
            21.390258353606836
          ]
        ]
      }
    },
    {
      "type": "Feature",
      "properties": {
        "channel_class": "drainage",
        "upstream_area_km2": 0.257,
        "source": "HydroSim D8 flow accumulation"
      },
      "geometry": {
        "type": "LineString",
        "coordinates": [
          [
            39.62104959845181,
            21.393945940141162
          ],
          [
            39.62133900671434,
            21.39394486816305
          ]
        ]
      }
    },
    {
      "type": "Feature",
      "properties": {
        "channel_class": "drainage",
        "upstream_area_km2": 2.615,
        "source": "HydroSim D8 flow accumulation"
      },
      "geometry": {
        "type": "LineString",
        "coordinates": [
          [
            39.62133900671434,
            21.39394486816305
          ],
          [
            39.6222095244063,
            21.39448373074934
          ],
          [
            39.62163414229404,
            21.395298999560367
          ],
          [
            39.622506963509245,
            21.396379941670613
          ],
          [
            39.62193157594682,
            21.397195211459337
          ],
          [
            39.62280326311058,
            21.39800511085104
          ],
          [
            39.623097272845214,
            21.399088197943335
          ],
          [
            39.622232458508705,
            21.39990454397793
          ],
          [
            39.622814742274464,
            21.40071551646193
          ],
          [
            39.6225264682525,
            21.40098763183733
          ],
          [
            39.62339933082348,
            21.4020685675932
          ],
          [
            39.624267603120785,
            21.40206533683105
          ]
        ]
      }
    },
    {
      "type": "Feature",
      "properties": {
        "channel_class": "drainage",
        "upstream_area_km2": 1.529,
        "source": "HydroSim D8 flow accumulation"
      },
      "geometry": {
        "type": "LineString",
        "coordinates": [
          [
            39.72581414464158,
            21.393525256860116
          ],
          [
            39.72465653970339,
            21.393530262807783
          ],
          [
            39.72320020565279,
            21.39163926279873
          ],
          [
            39.72204394517562,
            21.39191528555516
          ],
          [
            39.72117176426737,
            21.39110591499316
          ]
        ]
      }
    },
    {
      "type": "Feature",
      "properties": {
        "channel_class": "drainage",
        "upstream_area_km2": 4.136,
        "source": "HydroSim D8 flow accumulation"
      },
      "geometry": {
        "type": "LineString",
        "coordinates": [
          [
            39.69687135336995,
            21.39310593547519
          ],
          [
            39.69599929958044,
            21.39229643047871
          ],
          [
            39.69484041660489,
            21.392030193521762
          ],
          [
            39.69252904222448,
            21.392852880158024
          ],
          [
            39.68962231605075,
            21.390154433583515
          ],
          [
            39.688175331645056,
            21.390160376626564
          ],
          [
            39.68702027511718,
            21.390707196794043
          ],
          [
            39.68557202145965,
            21.390442080098662
          ],
          [
            39.68499575006602,
            21.39098651979959
          ],
          [
            39.683550015400904,
            21.391263460684524
          ],
          [
            39.68209673511162,
            21.389914163465182
          ],
          [
            39.680651004706405,
            21.390191079259548
          ],
          [
            39.67861397108554,
            21.38775994674827
          ],
          [
            39.67717074905699,
            21.388578908176658
          ],
          [
            39.67658946738273,
            21.38803916772624
          ],
          [
            39.675141256202515,
            21.387773959681244
          ],
          [
            39.675138768987566,
            21.387231883429834
          ]
        ]
      }
    },
    {
      "type": "Feature",
      "properties": {
        "channel_class": "drainage",
        "upstream_area_km2": 0.304,
        "source": "HydroSim D8 flow accumulation"
      },
      "geometry": {
        "type": "LineString",
        "coordinates": [
          [
            39.707866013485734,
            21.392517807023705
          ],
          [
            39.707859492634455,
            21.39116262648425
          ]
        ]
      }
    },
    {
      "type": "Feature",
      "properties": {
        "channel_class": "drainage",
        "upstream_area_km2": 1.054,
        "source": "HydroSim D8 flow accumulation"
      },
      "geometry": {
        "type": "LineString",
        "coordinates": [
          [
            39.60107484763486,
            21.392663491389367
          ],
          [
            39.59905451834524,
            21.39402594935936
          ],
          [
            39.5990578299228,
            21.394839075132786
          ],
          [
            39.600222111076434,
            21.39646118682093
          ],
          [
            39.59994154199371,
            21.39863055671593
          ],
          [
            39.603719561714016,
            21.402411633694133
          ],
          [
            39.6037240134852,
            21.403495799359717
          ],
          [
            39.60257185576168,
            21.40485517162879
          ]
        ]
      }
    },
    {
      "type": "Feature",
      "properties": {
        "channel_class": "drainage",
        "upstream_area_km2": 0.538,
        "source": "HydroSim D8 flow accumulation"
      },
      "geometry": {
        "type": "LineString",
        "coordinates": [
          [
            39.61641224917925,
            21.39233677733634
          ],
          [
            39.62077277330789,
            21.396928460344824
          ],
          [
            39.61703085825904,
            21.401821081695108
          ]
        ]
      }
    },
    {
      "type": "Feature",
      "properties": {
        "channel_class": "drainage",
        "upstream_area_km2": 0.389,
        "source": "HydroSim D8 flow accumulation"
      },
      "geometry": {
        "type": "LineString",
        "coordinates": [
          [
            39.62827553868537,
            21.391750666979974
          ],
          [
            39.62683083047677,
            21.3922981623767
          ],
          [
            39.62538150224595,
            21.391761482933255
          ],
          [
            39.624219287004024,
            21.390681632331177
          ]
        ]
      }
    },
    {
      "type": "Feature",
      "properties": {
        "channel_class": "drainage",
        "upstream_area_km2": 0.76,
        "source": "HydroSim D8 flow accumulation"
      },
      "geometry": {
        "type": "LineString",
        "coordinates": [
          [
            39.707859492634455,
            21.39116262648425
          ],
          [
            39.70727678815731,
            21.390351959706035
          ]
        ]
      }
    },
    {
      "type": "Feature",
      "properties": {
        "channel_class": "drainage",
        "upstream_area_km2": 3.023,
        "source": "HydroSim D8 flow accumulation"
      },
      "geometry": {
        "type": "LineString",
        "coordinates": [
          [
            39.72117176426737,
            21.39110591499316
          ],
          [
            39.719138037566765,
            21.389488400211306
          ],
          [
            39.718560573894365,
            21.389761916245263
          ],
          [
            39.71710303445057,
            21.38759982350925
          ],
          [
            39.71536274047998,
            21.38679412985061
          ],
          [
            39.71131653867353,
            21.387895502281655
          ],
          [
            39.710156358110765,
            21.387358334719796
          ],
          [
            39.70900271569364,
            21.388176339770183
          ],
          [
            39.70784514857034,
            21.388181228520573
          ],
          [
            39.706973066222766,
            21.38737178096857
          ]
        ]
      }
    },
    {
      "type": "Feature",
      "properties": {
        "channel_class": "drainage",
        "upstream_area_km2": 1.75,
        "source": "HydroSim D8 flow accumulation"
      },
      "geometry": {
        "type": "LineString",
        "coordinates": [
          [
            39.624219287004024,
            21.390681632331177
          ],
          [
            39.621912093635466,
            21.392587518688167
          ],
          [
            39.621048454105285,
            21.393674899309993
          ],
          [
            39.62133900671434,
            21.39394486816305
          ]
        ]
      }
    },
    {
      "type": "Feature",
      "properties": {
        "channel_class": "drainage",
        "upstream_area_km2": 4.957,
        "source": "HydroSim D8 flow accumulation"
      },
      "geometry": {
        "type": "LineString",
        "coordinates": [
          [
            39.70727678815731,
            21.390351959706035
          ],
          [
            39.70494733372745,
            21.387380306225705
          ]
        ]
      }
    },
    {
      "type": "Feature",
      "properties": {
        "channel_class": "major",
        "upstream_area_km2": 21.497,
        "source": "HydroSim D8 flow accumulation"
      },
      "geometry": {
        "type": "LineString",
        "coordinates": [
          [
            39.66386591976383,
            21.390258353606836
          ],
          [
            39.664150424297894,
            21.38917305327331
          ],
          [
            39.66356796427555,
            21.388362227812603
          ],
          [
            39.66212342909631,
            21.388910023265375
          ]
        ]
      }
    },
    {
      "type": "Feature",
      "properties": {
        "channel_class": "drainage",
        "upstream_area_km2": 1.082,
        "source": "HydroSim D8 flow accumulation"
      },
      "geometry": {
        "type": "LineString",
        "coordinates": [
          [
            39.637817620476824,
            21.389817339711424
          ],
          [
            39.6383987710428,
            21.39035721787962
          ],
          [
            39.64013517217135,
            21.39035059994962
          ],
          [
            39.64071161169637,
            21.38980631013443
          ],
          [
            39.640418673342786,
            21.38899429545983
          ],
          [
            39.64330553678914,
            21.38735698233953
          ],
          [
            39.6444631128965,
            21.38735253911274
          ],
          [
            39.645333672203634,
            21.387891280961423
          ],
          [
            39.64764644564642,
            21.387340279057014
          ],
          [
            39.650250988931774,
            21.38733020317655
          ],
          [
            39.657227910804885,
            21.394350150735985
          ]
        ]
      }
    },
    {
      "type": "Feature",
      "properties": {
        "channel_class": "drainage",
        "upstream_area_km2": 0.579,
        "source": "HydroSim D8 flow accumulation"
      },
      "geometry": {
        "type": "LineString",
        "coordinates": [
          [
            39.73013363718812,
            21.38916985669156
          ],
          [
            39.728406675970334,
            21.391074650451582
          ],
          [
            39.72579274961137,
            21.38918869595979
          ],
          [
            39.72521930822996,
            21.39027533995208
          ],
          [
            39.724351123622306,
            21.390279091540787
          ],
          [
            39.722042614884565,
            21.39164425028666
          ],
          [
            39.72117176426737,
            21.39110591499316
          ]
        ]
      }
    },
    {
      "type": "Feature",
      "properties": {
        "channel_class": "major",
        "upstream_area_km2": 54.466,
        "source": "HydroSim D8 flow accumulation"
      },
      "geometry": {
        "type": "LineString",
        "coordinates": [
          [
            39.66212342909631,
            21.388910023265375
          ],
          [
            39.66241404537978,
            21.389179919448257
          ],
          [
            39.66126133176441,
            21.390268642208376
          ],
          [
            39.66155194926768,
            21.390538539813136
          ],
          [
            39.658666450178664,
            21.39244720167531
          ],
          [
            39.65837583394887,
            21.3921772990921
          ],
          [
            39.65751368317782,
            21.39353589963122
          ],
          [
            39.658096131772645,
            21.394346745954564
          ],
          [
            39.657227910804885,
            21.394350150735985
          ]
        ]
      }
    },
    {
      "type": "Feature",
      "properties": {
        "channel_class": "drainage",
        "upstream_area_km2": 0.431,
        "source": "HydroSim D8 flow accumulation"
      },
      "geometry": {
        "type": "LineString",
        "coordinates": [
          [
            39.670805301316754,
            21.388875528128718
          ],
          [
            39.669360789954155,
            21.389423385308465
          ],
          [
            39.668490137095915,
            21.388884770762093
          ],
          [
            39.667335013186786,
            21.389431457111844
          ],
          [
            39.666752534876224,
            21.38862064321823
          ]
        ]
      }
    },
    {
      "type": "Feature",
      "properties": {
        "channel_class": "drainage",
        "upstream_area_km2": 0.353,
        "source": "HydroSim D8 flow accumulation"
      },
      "geometry": {
        "type": "LineString",
        "coordinates": [
          [
            39.70032353438942,
            21.388754884033684
          ],
          [
            39.69857816585614,
            21.386864867057476
          ]
        ]
      }
    },
    {
      "type": "Feature",
      "properties": {
        "channel_class": "major",
        "upstream_area_km2": 19.789,
        "source": "HydroSim D8 flow accumulation"
      },
      "geometry": {
        "type": "LineString",
        "coordinates": [
          [
            39.666752534876224,
            21.38862064321823
          ],
          [
            39.66646191199165,
            21.388350754712757
          ],
          [
            39.665885575862845,
            21.3888951305353
          ],
          [
            39.66617742603611,
            21.389436058588057
          ],
          [
            39.66560353711895,
            21.390522510636302
          ],
          [
            39.66386591976383,
            21.390258353606836
          ]
        ]
      }
    },
    {
      "type": "Feature",
      "properties": {
        "channel_class": "major",
        "upstream_area_km2": 32.251,
        "source": "HydroSim D8 flow accumulation"
      },
      "geometry": {
        "type": "LineString",
        "coordinates": [
          [
            39.66240794425828,
            21.38782472544887
          ],
          [
            39.66212342909631,
            21.388910023265375
          ]
        ]
      }
    },
    {
      "type": "Feature",
      "properties": {
        "channel_class": "major",
        "upstream_area_km2": 19.102,
        "source": "HydroSim D8 flow accumulation"
      },
      "geometry": {
        "type": "LineString",
        "coordinates": [
          [
            39.66819581798273,
            21.38780176990294
          ],
          [
            39.66761580119829,
            21.387533035903246
          ],
          [
            39.666752534876224,
            21.38862064321823
          ]
        ]
      }
    },
    {
      "type": "Feature",
      "properties": {
        "channel_class": "major",
        "upstream_area_km2": 11.668,
        "source": "HydroSim D8 flow accumulation"
      },
      "geometry": {
        "type": "LineString",
        "coordinates": [
          [
            39.70494733372745,
            21.387380306225705
          ],
          [
            39.70349260667675,
            21.38576016151863
          ],
          [
            39.702627032858466,
            21.386305873126066
          ],
          [
            39.70117879882221,
            21.38604089063677
          ],
          [
            39.70060260357595,
            21.386585382207503
          ],
          [
            39.69915436987294,
            21.386320382223957
          ],
          [
            39.69857816585614,
            21.386864867057476
          ]
        ]
      }
    },
    {
      "type": "Feature",
      "properties": {
        "channel_class": "major",
        "upstream_area_km2": 6.52,
        "source": "HydroSim D8 flow accumulation"
      },
      "geometry": {
        "type": "LineString",
        "coordinates": [
          [
            39.706973066222766,
            21.38737178096857
          ],
          [
            39.70610099346817,
            21.38656232853986
          ],
          [
            39.70494733372745,
            21.387380306225705
          ]
        ]
      }
    },
    {
      "type": "Feature",
      "properties": {
        "channel_class": "major",
        "upstream_area_km2": 17.496,
        "source": "HydroSim D8 flow accumulation"
      },
      "geometry": {
        "type": "LineString",
        "coordinates": [
          [
            39.675138768987566,
            21.387231883429834
          ],
          [
            39.67368808626737,
            21.386424586089724
          ],
          [
            39.67079788740489,
            21.387249298029168
          ],
          [
            39.669933412633156,
            21.388065882705643
          ],
          [
            39.66819581798273,
            21.38780176990294
          ]
        ]
      }
    },
    {
      "type": "Feature",
      "properties": {
        "channel_class": "major",
        "upstream_area_km2": 13.222,
        "source": "HydroSim D8 flow accumulation"
      },
      "geometry": {
        "type": "LineString",
        "coordinates": [
          [
            39.69857816585614,
            21.386864867057476
          ],
          [
            39.697703570898966,
            21.385513295794176
          ],
          [
            39.694233480284666,
            21.386069776661152
          ],
          [
            39.69364959291128,
            21.384988022300615
          ],
          [
            39.6919170971113,
            21.385808304223698
          ],
          [
            39.69104511428251,
            21.384998770858378
          ],
          [
            39.68988629710525,
            21.384732497643075
          ],
          [
            39.68844316995597,
            21.385551553878845
          ],
          [
            39.68583867849118,
            21.38556222187884
          ],
          [
            39.68468617059393,
            21.386651100764084
          ],
          [
            39.68352483254703,
            21.385842708316687
          ],
          [
            39.6815053873228,
            21.38720613885865
          ],
          [
            39.68005592419134,
            21.386669935377167
          ],
          [
            39.67861147107953,
            21.387217870886094
          ],
          [
            39.67687013340215,
            21.386140733922936
          ],
          [
            39.676291353944244,
            21.38614306821889
          ],
          [
            39.675138768987566,
            21.387231883429834
          ]
        ]
      }
    },
    {
      "type": "Feature",
      "properties": {
        "channel_class": "major",
        "upstream_area_km2": 6.143,
        "source": "HydroSim D8 flow accumulation"
      },
      "geometry": {
        "type": "LineString",
        "coordinates": [
          [
            39.66153366988811,
            21.386472957101272
          ],
          [
            39.66124549656443,
            21.38674513698541
          ],
          [
            39.66240794425828,
            21.38782472544887
          ]
        ]
      }
    },
    {
      "type": "Feature",
      "properties": {
        "channel_class": "drainage",
        "upstream_area_km2": 1.607,
        "source": "HydroSim D8 flow accumulation"
      },
      "geometry": {
        "type": "LineString",
        "coordinates": [
          [
            39.65892307947844,
            21.38512801237395
          ],
          [
            39.6612418427483,
            21.385932020183876
          ],
          [
            39.66153366988811,
            21.386472957101272
          ]
        ]
      }
    },
    {
      "type": "Feature",
      "properties": {
        "channel_class": "drainage",
        "upstream_area_km2": 0.363,
        "source": "HydroSim D8 flow accumulation"
      },
      "geometry": {
        "type": "LineString",
        "coordinates": [
          [
            39.72606074410213,
            21.38485088062003
          ],
          [
            39.725192591660445,
            21.384854635658566
          ],
          [
            39.72316024271618,
            21.383508202714786
          ]
        ]
      }
    },
    {
      "type": "Feature",
      "properties": {
        "channel_class": "drainage",
        "upstream_area_km2": 0.639,
        "source": "HydroSim D8 flow accumulation"
      },
      "geometry": {
        "type": "LineString",
        "coordinates": [
          [
            39.72316024271618,
            21.383508202714786
          ],
          [
            39.72258014864377,
            21.383239660910437
          ]
        ]
      }
    },
    {
      "type": "Feature",
      "properties": {
        "channel_class": "drainage",
        "upstream_area_km2": 1.388,
        "source": "HydroSim D8 flow accumulation"
      },
      "geometry": {
        "type": "LineString",
        "coordinates": [
          [
            39.72258014864377,
            21.383239660910437
          ],
          [
            39.72228943730928,
            21.382969871462432
          ],
          [
            39.72056244211014,
            21.384874586670335
          ],
          [
            39.719983673039096,
            21.38487707156331
          ],
          [
            39.71678856101349,
            21.382451380197203
          ],
          [
            39.715634994518545,
            21.383269429232982
          ],
          [
            39.71360932230603,
            21.38327805751413
          ],
          [
            39.71302793244443,
            21.382738446069112
          ],
          [
            39.71187172005812,
            21.383014397568633
          ],
          [
            39.7109996477427,
            21.382204970220617
          ]
        ]
      }
    },
    {
      "type": "Feature",
      "properties": {
        "channel_class": "drainage",
        "upstream_area_km2": 1.017,
        "source": "HydroSim D8 flow accumulation"
      },
      "geometry": {
        "type": "LineString",
        "coordinates": [
          [
            39.63228991594625,
            21.38306214627924
          ],
          [
            39.63344396120765,
            21.3822446582596
          ],
          [
            39.63488971467819,
            21.38196814879426
          ],
          [
            39.6360437365868,
            21.381150643356584
          ],
          [
            39.63662367338229,
            21.381419488824694
          ],
          [
            39.63748830000084,
            21.380603071446384
          ],
          [
            39.63864464834855,
            21.38032762934027
          ],
          [
            39.64066323369142,
            21.37869366555366
          ],
          [
            39.64065733607364,
            21.377338463981683
          ],
          [
            39.64238648714253,
            21.375705584890543
          ],
          [
            39.642966413161325,
            21.37597440885669
          ],
          [
            39.643832157745415,
            21.375429000185225
          ]
        ]
      }
    },
    {
      "type": "Feature",
      "properties": {
        "channel_class": "drainage",
        "upstream_area_km2": 1.556,
        "source": "HydroSim D8 flow accumulation"
      },
      "geometry": {
        "type": "LineString",
        "coordinates": [
          [
            39.69045362529712,
            21.382290780115156
          ],
          [
            39.68930117739988,
            21.383379689520368
          ],
          [
            39.688138574124785,
            21.38230029114322
          ],
          [
            39.68669419562648,
            21.382848294581077
          ],
          [
            39.685822258735236,
            21.382038732538845
          ],
          [
            39.68495411533579,
            21.38204227891434
          ],
          [
            39.682644093827065,
            21.383135865404768
          ],
          [
            39.68148153995069,
            21.382056419503982
          ],
          [
            39.680614649007104,
            21.382330981412398
          ],
          [
            39.68003338043551,
            21.381791252177166
          ],
          [
            39.67916773879477,
            21.382336844712132
          ],
          [
            39.678007713183156,
            21.381799450089296
          ],
          [
            39.67598204496635,
            21.381807623549346
          ],
          [
            39.67511638758125,
            21.38235319557964
          ],
          [
            39.67453638064839,
            21.382084485103242
          ],
          [
            39.67367195668262,
            21.382901088201407
          ],
          [
            39.67135688781334,
            21.382910367935285
          ],
          [
            39.66991613779686,
            21.384271344267834
          ],
          [
            39.67049738038635,
            21.38481110911992
          ],
          [
            39.67021539936681,
            21.38643849622474
          ],
          [
            39.66819581798273,
            21.38780176990294
          ]
        ]
      }
    },
    {
      "type": "Feature",
      "properties": {
        "channel_class": "drainage",
        "upstream_area_km2": 3.341,
        "source": "HydroSim D8 flow accumulation"
      },
      "geometry": {
        "type": "LineString",
        "coordinates": [
          [
            39.7109996477427,
            21.382204970220617
          ],
          [
            39.709557974838496,
            21.383295240716635
          ],
          [
            39.710143278194934,
            21.38464797310192
          ],
          [
            39.70841479796598,
            21.386281531575516
          ],
          [
            39.70841871250278,
            21.38709464030057
          ],
          [
            39.706973066222766,
            21.38737178096857
          ]
        ]
      }
    },
    {
      "type": "Feature",
      "properties": {
        "channel_class": "drainage",
        "upstream_area_km2": 0.271,
        "source": "HydroSim D8 flow accumulation"
      },
      "geometry": {
        "type": "LineString",
        "coordinates": [
          [
            39.72546861537399,
            21.382143031180643
          ],
          [
            39.72316024271618,
            21.383508202714786
          ]
        ]
      }
    },
    {
      "type": "Feature",
      "properties": {
        "channel_class": "major",
        "upstream_area_km2": 26.093,
        "source": "HydroSim D8 flow accumulation"
      },
      "geometry": {
        "type": "LineString",
        "coordinates": [
          [
            39.6681687442912,
            21.381838920700414
          ],
          [
            39.66788182230325,
            21.382382150276392
          ],
          [
            39.66700876054176,
            21.38130144883598
          ],
          [
            39.66758506349521,
            21.380757069549176
          ],
          [
            39.6667144690804,
            21.380218443725983
          ],
          [
            39.66469371367222,
            21.381310635978167
          ],
          [
            39.66383290539574,
            21.3829403064886
          ],
          [
            39.66441656813207,
            21.38402217090722
          ],
          [
            39.66413329760067,
            21.385378510854427
          ],
          [
            39.66240062354716,
            21.386198492358627
          ],
          [
            39.66240794425828,
            21.38782472544887
          ]
        ]
      }
    },
    {
      "type": "Feature",
      "properties": {
        "channel_class": "drainage",
        "upstream_area_km2": 1.082,
        "source": "HydroSim D8 flow accumulation"
      },
      "geometry": {
        "type": "LineString",
        "coordinates": [
          [
            39.62447073085049,
            21.38173620537887
          ],
          [
            39.62534348926835,
            21.38281713591772
          ],
          [
            39.624767018061334,
            21.383361374098687
          ],
          [
            39.624781977126695,
            21.38688490604686
          ],
          [
            39.62565476937628,
            21.387965833505266
          ],
          [
            39.624219287004024,
            21.390681632331177
          ]
        ]
      }
    },
    {
      "type": "Feature",
      "properties": {
        "channel_class": "drainage",
        "upstream_area_km2": 0.409,
        "source": "HydroSim D8 flow accumulation"
      },
      "geometry": {
        "type": "LineString",
        "coordinates": [
          [
            39.65283028131812,
            21.381628258369243
          ],
          [
            39.65398660590415,
            21.381352711080027
          ],
          [
            39.65514895806194,
            21.38243235299743
          ],
          [
            39.657174643490954,
            21.38242443082717
          ],
          [
            39.65920882596875,
            21.38431375819455
          ],
          [
            39.65892307947844,
            21.38512801237395
          ]
        ]
      }
    },
    {
      "type": "Feature",
      "properties": {
        "channel_class": "drainage",
        "upstream_area_km2": 0.277,
        "source": "HydroSim D8 flow accumulation"
      },
      "geometry": {
        "type": "LineString",
        "coordinates": [
          [
            39.72083324191448,
            21.38107884473053
          ],
          [
            39.719962459291054,
            21.38054050059966
          ]
        ]
      }
    },
    {
      "type": "Feature",
      "properties": {
        "channel_class": "drainage",
        "upstream_area_km2": 0.293,
        "source": "HydroSim D8 flow accumulation"
      },
      "geometry": {
        "type": "LineString",
        "coordinates": [
          [
            39.72430576481906,
            21.3810638903691
          ],
          [
            39.7234402986717,
            21.38160970673952
          ],
          [
            39.72258014864377,
            21.383239660910437
          ]
        ]
      }
    },
    {
      "type": "Feature",
      "properties": {
        "channel_class": "drainage",
        "upstream_area_km2": 1.156,
        "source": "HydroSim D8 flow accumulation"
      },
      "geometry": {
        "type": "LineString",
        "coordinates": [
          [
            39.64501457811547,
            21.381116397248324
          ],
          [
            39.64704144099551,
            21.381379637756027
          ],
          [
            39.64819658205548,
            21.380833090314297
          ],
          [
            39.64906950566797,
            21.381913893328743
          ],
          [
            39.64993645784357,
            21.381639492944295
          ],
          [
            39.65256132931872,
            21.386237055323367
          ],
          [
            39.654004672001676,
            21.38541830245087
          ],
          [
            39.65458465686157,
            21.385687084439237
          ],
          [
            39.65544920555949,
            21.384870576793244
          ],
          [
            39.656610387317706,
            21.385679167936203
          ],
          [
            39.657763101328825,
            21.384590476586784
          ],
          [
            39.65863490375478,
            21.38540018787322
          ],
          [
            39.65892307947844,
            21.38512801237395
          ]
        ]
      }
    },
    {
      "type": "Feature",
      "properties": {
        "channel_class": "drainage",
        "upstream_area_km2": 4.328,
        "source": "HydroSim D8 flow accumulation"
      },
      "geometry": {
        "type": "LineString",
        "coordinates": [
          [
            39.659482424971486,
            21.38078911187719
          ],
          [
            39.6594860681035,
            21.381602229466036
          ],
          [
            39.660936628233884,
            21.382409653349324
          ],
          [
            39.660940279702864,
            21.383222770542222
          ],
          [
            39.66181330965189,
            21.384303504178963
          ],
          [
            39.66153366988811,
            21.386472957101272
          ]
        ]
      }
    },
    {
      "type": "Feature",
      "properties": {
        "channel_class": "drainage",
        "upstream_area_km2": 1.012,
        "source": "HydroSim D8 flow accumulation"
      },
      "geometry": {
        "type": "LineString",
        "coordinates": [
          [
            39.719962459291054,
            21.38054050059966
          ],
          [
            39.717647450369064,
            21.38055041800379
          ],
          [
            39.71706605724215,
            21.38001082049144
          ]
        ]
      }
    },
    {
      "type": "Feature",
      "properties": {
        "channel_class": "drainage",
        "upstream_area_km2": 1.659,
        "source": "HydroSim D8 flow accumulation"
      },
      "geometry": {
        "type": "LineString",
        "coordinates": [
          [
            39.71706605724215,
            21.38001082049144
          ],
          [
            39.716487306850766,
            21.380013292788146
          ],
          [
            39.715047013738776,
            21.381374645016425
          ],
          [
            39.71388555802908,
            21.380566465675475
          ],
          [
            39.711869098176166,
            21.38247232523764
          ],
          [
            39.7109996477427,
            21.382204970220617
          ]
        ]
      }
    },
    {
      "type": "Feature",
      "properties": {
        "channel_class": "drainage",
        "upstream_area_km2": 0.689,
        "source": "HydroSim D8 flow accumulation"
      },
      "geometry": {
        "type": "LineString",
        "coordinates": [
          [
            39.67047515560271,
            21.379932415198628
          ],
          [
            39.6681687442912,
            21.381838920700414
          ]
        ]
      }
    },
    {
      "type": "Feature",
      "properties": {
        "channel_class": "drainage",
        "upstream_area_km2": 3.581,
        "source": "HydroSim D8 flow accumulation"
      },
      "geometry": {
        "type": "LineString",
        "coordinates": [
          [
            39.69970222123365,
            21.379813084227003
          ],
          [
            39.6970965539929,
            21.379552887124913
          ],
          [
            39.69623099121928,
            21.380098565782248
          ],
          [
            39.694488337340935,
            21.37875057469814
          ],
          [
            39.69362276910687,
            21.37929624008658
          ],
          [
            39.69303891456828,
            21.37821448188384
          ],
          [
            39.691597141967264,
            21.379304601130272
          ],
          [
            39.69014264087602,
            21.37768433293798
          ],
          [
            39.688699583124865,
            21.378503390160443
          ],
          [
            39.68811830130562,
            21.37796368908009
          ],
          [
            39.68696333889573,
            21.37851050707629
          ],
          [
            39.686380799543564,
            21.377699762008437
          ],
          [
            39.685804579684074,
            21.378244203890223
          ],
          [
            39.68522078617454,
            21.37716241668835
          ],
          [
            39.68406581858727,
            21.377709214912265
          ],
          [
            39.68203267545014,
            21.376091231533337
          ],
          [
            39.680875196723605,
            21.376095931649814
          ],
          [
            39.67941584112242,
            21.373391412602967
          ]
        ]
      }
    },
    {
      "type": "Feature",
      "properties": {
        "channel_class": "drainage",
        "upstream_area_km2": 0.341,
        "source": "HydroSim D8 flow accumulation"
      },
      "geometry": {
        "type": "LineString",
        "coordinates": [
          [
            39.67365707076878,
            21.37964862728942
          ],
          [
            39.67336893347426,
            21.37992082728317
          ],
          [
            39.672206471790254,
            21.378841314230392
          ],
          [
            39.67163266698536,
            21.379927786020158
          ],
          [
            39.67047515560271,
            21.379932415198628
          ]
        ]
      }
    },
    {
      "type": "Feature",
      "properties": {
        "channel_class": "drainage",
        "upstream_area_km2": 0.275,
        "source": "HydroSim D8 flow accumulation"
      },
      "geometry": {
        "type": "LineString",
        "coordinates": [
          [
            39.67076206338103,
            21.379389181405895
          ],
          [
            39.67047515560271,
            21.379932415198628
          ]
        ]
      }
    },
    {
      "type": "Feature",
      "properties": {
        "channel_class": "drainage",
        "upstream_area_km2": 0.315,
        "source": "HydroSim D8 flow accumulation"
      },
      "geometry": {
        "type": "LineString",
        "coordinates": [
          [
            39.65687074527022,
            21.379173091845804
          ],
          [
            39.659482424971486,
            21.38078911187719
          ]
        ]
      }
    },
    {
      "type": "Feature",
      "properties": {
        "channel_class": "drainage",
        "upstream_area_km2": 2.211,
        "source": "HydroSim D8 flow accumulation"
      },
      "geometry": {
        "type": "LineString",
        "coordinates": [
          [
            39.70809020178905,
            21.378964770836586
          ],
          [
            39.70635395930739,
            21.37897208852528
          ],
          [
            39.70404674616718,
            21.380608037826182
          ],
          [
            39.70288794307893,
            21.38034185397908
          ],
          [
            39.702022398160096,
            21.38088756200231
          ],
          [
            39.70086488662062,
            21.38089240101682
          ],
          [
            39.69970222123365,
            21.379813084227003
          ]
        ]
      }
    },
    {
      "type": "Feature",
      "properties": {
        "channel_class": "drainage",
        "upstream_area_km2": 0.653,
        "source": "HydroSim D8 flow accumulation"
      },
      "geometry": {
        "type": "LineString",
        "coordinates": [
          [
            39.634876855285086,
            21.37898670284651
          ],
          [
            39.63718601361851,
            21.3776227255485
          ],
          [
            39.63804944069584,
            21.376535265042985
          ],
          [
            39.638045916896566,
            21.375722143501214
          ],
          [
            39.640639646009745,
            21.37327285794428
          ],
          [
            39.642088842179845,
            21.37380940988709
          ]
        ]
      }
    },
    {
      "type": "Feature",
      "properties": {
        "channel_class": "drainage",
        "upstream_area_km2": 0.259,
        "source": "HydroSim D8 flow accumulation"
      },
      "geometry": {
        "type": "LineString",
        "coordinates": [
          [
            39.70866633957539,
            21.37842025464539
          ],
          [
            39.70809020178905,
            21.378964770836586
          ]
        ]
      }
    },
    {
      "type": "Feature",
      "properties": {
        "channel_class": "major",
        "upstream_area_km2": 24.805,
        "source": "HydroSim D8 flow accumulation"
      },
      "geometry": {
        "type": "LineString",
        "coordinates": [
          [
            39.66786091655075,
            21.377774491179235
          ],
          [
            39.666996479119184,
            21.378591060607953
          ],
          [
            39.66874011929335,
            21.380210382719387
          ],
          [
            39.6681687442912,
            21.381838920700414
          ]
        ]
      }
    },
    {
      "type": "Feature",
      "properties": {
        "channel_class": "drainage",
        "upstream_area_km2": 0.368,
        "source": "HydroSim D8 flow accumulation"
      },
      "geometry": {
        "type": "LineString",
        "coordinates": [
          [
            39.71936913755665,
            21.377561588716834
          ],
          [
            39.719078443478345,
            21.377291793042197
          ],
          [
            39.71763555834068,
            21.37811109460373
          ],
          [
            39.71792889515469,
            21.37892296465726
          ],
          [
            39.71706605724215,
            21.38001082049144
          ]
        ]
      }
    },
    {
      "type": "Feature",
      "properties": {
        "channel_class": "major",
        "upstream_area_km2": 6.882,
        "source": "HydroSim D8 flow accumulation"
      },
      "geometry": {
        "type": "LineString",
        "coordinates": [
          [
            39.666122220674865,
            21.37723931436563
          ],
          [
            39.66786091655075,
            21.377774491179235
          ]
        ]
      }
    },
    {
      "type": "Feature",
      "properties": {
        "channel_class": "drainage",
        "upstream_area_km2": 0.574,
        "source": "HydroSim D8 flow accumulation"
      },
      "geometry": {
        "type": "LineString",
        "coordinates": [
          [
            39.693900646340225,
            21.376855707380027
          ],
          [
            39.68838866513567,
            21.373896935974564
          ]
        ]
      }
    },
    {
      "type": "Feature",
      "properties": {
        "channel_class": "major",
        "upstream_area_km2": 17.841,
        "source": "HydroSim D8 flow accumulation"
      },
      "geometry": {
        "type": "LineString",
        "coordinates": [
          [
            39.669012253249726,
            21.37641468645973
          ],
          [
            39.66786091655075,
            21.377774491179235
          ]
        ]
      }
    },
    {
      "type": "Feature",
      "properties": {
        "channel_class": "major",
        "upstream_area_km2": 5.593,
        "source": "HydroSim D8 flow accumulation"
      },
      "geometry": {
        "type": "LineString",
        "coordinates": [
          [
            39.66640423256203,
            21.37561193164768
          ],
          [
            39.66698665537517,
            21.376422749390798
          ],
          [
            39.666122220674865,
            21.37723931436563
          ]
        ]
      }
    },
    {
      "type": "Feature",
      "properties": {
        "channel_class": "drainage",
        "upstream_area_km2": 3.788,
        "source": "HydroSim D8 flow accumulation"
      },
      "geometry": {
        "type": "LineString",
        "coordinates": [
          [
            39.643832157745415,
            21.375429000185225
          ],
          [
            39.644701456226734,
            21.375696707734573
          ],
          [
            39.647298645659816,
            21.37406044240476
          ],
          [
            39.64845492267185,
            21.373784934237012
          ],
          [
            39.649907739500485,
            21.375134537589435
          ],
          [
            39.651637959507354,
            21.37377260587457
          ],
          [
            39.65250966336053,
            21.374582352526406
          ],
          [
            39.65337416045374,
            21.373765855873067
          ],
          [
            39.65860458284531,
            21.378624207443107
          ],
          [
            39.659482424971486,
            21.38078911187719
          ]
        ]
      }
    },
    {
      "type": "Feature",
      "properties": {
        "channel_class": "drainage",
        "upstream_area_km2": 0.259,
        "source": "HydroSim D8 flow accumulation"
      },
      "geometry": {
        "type": "LineString",
        "coordinates": [
          [
            39.66582304189055,
            21.375072150687913
          ],
          [
            39.66640423256203,
            21.37561193164768
          ]
        ]
      }
    },
    {
      "type": "Feature",
      "properties": {
        "channel_class": "drainage",
        "upstream_area_km2": 0.367,
        "source": "HydroSim D8 flow accumulation"
      },
      "geometry": {
        "type": "LineString",
        "coordinates": [
          [
            39.68086642315245,
            21.37419866423528
          ],
          [
            39.67970395450791,
            21.373119202650354
          ],
          [
            39.67941584112242,
            21.373391412602967
          ]
        ]
      }
    },
    {
      "type": "Feature",
      "properties": {
        "channel_class": "drainage",
        "upstream_area_km2": 0.612,
        "source": "HydroSim D8 flow accumulation"
      },
      "geometry": {
        "type": "LineString",
        "coordinates": [
          [
            39.72600727230364,
            21.374009463524008
          ],
          [
            39.725148527731676,
            21.37591046585294
          ],
          [
            39.72313094857162,
            21.377545420269602
          ],
          [
            39.72226150893885,
            21.377278123214023
          ],
          [
            39.72082395110263,
            21.37918159470934
          ],
          [
            39.721115979876075,
            21.379722422822105
          ],
          [
            39.719962459291054,
            21.38054050059966
          ]
        ]
      }
    },
    {
      "type": "Feature",
      "properties": {
        "channel_class": "drainage",
        "upstream_area_km2": 1.504,
        "source": "HydroSim D8 flow accumulation"
      },
      "geometry": {
        "type": "LineString",
        "coordinates": [
          [
            39.68838866513567,
            21.373896935974564
          ],
          [
            39.687228675251625,
            21.37335960368451
          ],
          [
            39.68548239770357,
            21.371198399495448
          ]
        ]
      }
    },
    {
      "type": "Feature",
      "properties": {
        "channel_class": "drainage",
        "upstream_area_km2": 1.558,
        "source": "HydroSim D8 flow accumulation"
      },
      "geometry": {
        "type": "LineString",
        "coordinates": [
          [
            39.642088842179845,
            21.37380940988709
          ],
          [
            39.642672309146064,
            21.374891356107472
          ],
          [
            39.643832157745415,
            21.375429000185225
          ]
        ]
      }
    },
    {
      "type": "Feature",
      "properties": {
        "channel_class": "drainage",
        "upstream_area_km2": 0.66,
        "source": "HydroSim D8 flow accumulation"
      },
      "geometry": {
        "type": "LineString",
        "coordinates": [
          [
            39.70748540525586,
            21.373546479415285
          ],
          [
            39.70546895339558,
            21.375452263274852
          ],
          [
            39.704890219463046,
            21.375454695080013
          ],
          [
            39.70373793339989,
            21.37654370014782
          ],
          [
            39.702869825711375,
            21.37654733833019
          ],
          [
            39.69970222123365,
            21.379813084227003
          ]
        ]
      }
    },
    {
      "type": "Feature",
      "properties": {
        "channel_class": "drainage",
        "upstream_area_km2": 4.295,
        "source": "HydroSim D8 flow accumulation"
      },
      "geometry": {
        "type": "LineString",
        "coordinates": [
          [
            39.67941584112242,
            21.373391412602967
          ],
          [
            39.67883211420736,
            21.372309600789666
          ],
          [
            39.67796527475256,
            21.372584147932844
          ],
          [
            39.67680283987318,
            21.37150466514379
          ],
          [
            39.67535976394752,
            21.372323608616206
          ],
          [
            39.674779796661674,
            21.372054897630967
          ],
          [
            39.67449415887015,
            21.372869176636314
          ],
          [
            39.67362854730479,
            21.373414740325916
          ],
          [
            39.67130744950006,
            21.372068821468837
          ]
        ]
      }
    },
    {
      "type": "Feature",
      "properties": {
        "channel_class": "major",
        "upstream_area_km2": 16.9,
        "source": "HydroSim D8 flow accumulation"
      },
      "geometry": {
        "type": "LineString",
        "coordinates": [
          [
            39.67130744950006,
            21.372068821468837
          ],
          [
            39.67044183025093,
            21.372614368960612
          ],
          [
            39.66987296738277,
            21.374784990612273
          ],
          [
            39.67045417131963,
            21.37532475720549
          ],
          [
            39.670742305412304,
            21.37505256216372
          ],
          [
            39.67132474936312,
            21.37586336433661
          ],
          [
            39.669012253249726,
            21.37641468645973
          ]
        ]
      }
    },
    {
      "type": "Feature",
      "properties": {
        "channel_class": "drainage",
        "upstream_area_km2": 1.977,
        "source": "HydroSim D8 flow accumulation"
      },
      "geometry": {
        "type": "LineString",
        "coordinates": [
          [
            39.68548239770357,
            21.371198399495448
          ],
          [
            39.68461431815891,
            21.371201942404323
          ],
          [
            39.68403811627832,
            21.37174637813235
          ],
          [
            39.68229692705303,
            21.370669291702185
          ]
        ]
      }
    },
    {
      "type": "Feature",
      "properties": {
        "channel_class": "drainage",
        "upstream_area_km2": 0.257,
        "source": "HydroSim D8 flow accumulation"
      },
      "geometry": {
        "type": "LineString",
        "coordinates": [
          [
            39.63686732983997,
            21.370847808158185
          ],
          [
            39.63744488059309,
            21.370574570648824
          ]
        ]
      }
    },
    {
      "type": "Feature",
      "properties": {
        "channel_class": "drainage",
        "upstream_area_km2": 2.694,
        "source": "HydroSim D8 flow accumulation"
      },
      "geometry": {
        "type": "LineString",
        "coordinates": [
          [
            39.68229692705303,
            21.370669291702185
          ],
          [
            39.680263902262695,
            21.369051282435244
          ],
          [
            39.67939708469721,
            21.369325836498266
          ],
          [
            39.67359383704755,
            21.365825654250237
          ]
        ]
      }
    },
    {
      "type": "Feature",
      "properties": {
        "channel_class": "drainage",
        "upstream_area_km2": 0.824,
        "source": "HydroSim D8 flow accumulation"
      },
      "geometry": {
        "type": "LineString",
        "coordinates": [
          [
            39.70342007868999,
            21.370582100316412
          ],
          [
            39.70255588509908,
            21.371398847165068
          ],
          [
            39.701686516092785,
            21.37113144126895
          ],
          [
            39.70111037941493,
            21.371675933890955
          ],
          [
            39.698795500390595,
            21.371685587398996
          ],
          [
            39.696195104051,
            21.372509521715234
          ],
          [
            39.695327018743484,
            21.372513120234895
          ],
          [
            39.69358574130775,
            21.371436153490954
          ],
          [
            39.691857222568224,
            21.373069544727834
          ],
          [
            39.69041040678729,
            21.373075502523868
          ],
          [
            39.68925549116564,
            21.37362233534928
          ],
          [
            39.688964858644795,
            21.37335248565441
          ],
          [
            39.68838866513567,
            21.373896935974564
          ]
        ]
      }
    },
    {
      "type": "Feature",
      "properties": {
        "channel_class": "drainage",
        "upstream_area_km2": 1.625,
        "source": "HydroSim D8 flow accumulation"
      },
      "geometry": {
        "type": "LineString",
        "coordinates": [
          [
            39.71846664109576,
            21.37051837052393
          ],
          [
            39.71702777662317,
            21.372150774356513
          ],
          [
            39.71644773847774,
            21.371882209416924
          ],
          [
            39.71327134973596,
            21.37325094777658
          ],
          [
            39.7118310901766,
            21.37461227247119
          ],
          [
            39.71097084810889,
            21.37624217093063
          ],
          [
            39.709530538264964,
            21.37760347680522
          ],
          [
            39.70895179638549,
            21.377605922849998
          ],
          [
            39.70809020178905,
            21.378964770836586
          ]
        ]
      }
    },
    {
      "type": "Feature",
      "properties": {
        "channel_class": "drainage",
        "upstream_area_km2": 0.843,
        "source": "HydroSim D8 flow accumulation"
      },
      "geometry": {
        "type": "LineString",
        "coordinates": [
          [
            39.63744488059309,
            21.370574570648824
          ],
          [
            39.640924293755376,
            21.372187591293986
          ],
          [
            39.642088842179845,
            21.37380940988709
          ]
        ]
      }
    },
    {
      "type": "Feature",
      "properties": {
        "channel_class": "drainage",
        "upstream_area_km2": 0.265,
        "source": "HydroSim D8 flow accumulation"
      },
      "geometry": {
        "type": "LineString",
        "coordinates": [
          [
            39.63686264155269,
            21.369763645100637
          ],
          [
            39.63744488059309,
            21.370574570648824
          ]
        ]
      }
    },
    {
      "type": "Feature",
      "properties": {
        "channel_class": "drainage",
        "upstream_area_km2": 0.267,
        "source": "HydroSim D8 flow accumulation"
      },
      "geometry": {
        "type": "LineString",
        "coordinates": [
          [
            39.68749905914297,
            21.369292849365383
          ],
          [
            39.68548239770357,
            21.371198399495448
          ]
        ]
      }
    },
    {
      "type": "Feature",
      "properties": {
        "channel_class": "major",
        "upstream_area_km2": 12.362,
        "source": "HydroSim D8 flow accumulation"
      },
      "geometry": {
        "type": "LineString",
        "coordinates": [
          [
            39.67274064180456,
            21.36908160173281
          ],
          [
            39.67159063161155,
            21.37071246967266
          ],
          [
            39.67188370099506,
            21.371524428187723
          ],
          [
            39.67130744950006,
            21.372068821468837
          ]
        ]
      }
    },
    {
      "type": "Feature",
      "properties": {
        "channel_class": "drainage",
        "upstream_area_km2": 0.488,
        "source": "HydroSim D8 flow accumulation"
      },
      "geometry": {
        "type": "LineString",
        "coordinates": [
          [
            39.72192961675678,
            21.368606220193758
          ],
          [
            39.7204841800755,
            21.368883472081603
          ],
          [
            39.71846664109576,
            21.37051837052393
          ]
        ]
      }
    },
    {
      "type": "Feature",
      "properties": {
        "channel_class": "drainage",
        "upstream_area_km2": 0.26,
        "source": "HydroSim D8 flow accumulation"
      },
      "geometry": {
        "type": "LineString",
        "coordinates": [
          [
            39.672159455050135,
            21.368541842232016
          ],
          [
            39.67274064180456,
            21.36908160173281
          ]
        ]
      }
    },
    {
      "type": "Feature",
      "properties": {
        "channel_class": "drainage",
        "upstream_area_km2": 0.361,
        "source": "HydroSim D8 flow accumulation"
      },
      "geometry": {
        "type": "LineString",
        "coordinates": [
          [
            39.68489107366971,
            21.368490380483784
          ],
          [
            39.68402300997813,
            21.368493919908243
          ],
          [
            39.68229692705303,
            21.370669291702185
          ]
        ]
      }
    },
    {
      "type": "Feature",
      "properties": {
        "channel_class": "major",
        "upstream_area_km2": 5.305,
        "source": "HydroSim D8 flow accumulation"
      },
      "geometry": {
        "type": "LineString",
        "coordinates": [
          [
            39.66058157675053,
            21.3677746691805
          ],
          [
            39.66145450917404,
            21.368855409095573
          ],
          [
            39.66145816095985,
            21.369668527515483
          ],
          [
            39.662615593790555,
            21.369663962621363
          ],
          [
            39.663486110285476,
            21.37020261239459
          ],
          [
            39.66523695739557,
            21.37344821111991
          ],
          [
            39.66639932564764,
            21.37452777559398
          ],
          [
            39.66640423256203,
            21.37561193164768
          ]
        ]
      }
    },
    {
      "type": "Feature",
      "properties": {
        "channel_class": "drainage",
        "upstream_area_km2": 1.217,
        "source": "HydroSim D8 flow accumulation"
      },
      "geometry": {
        "type": "LineString",
        "coordinates": [
          [
            39.697328167397,
            21.367355005562626
          ],
          [
            39.69617332314224,
            21.367901884443775
          ],
          [
            39.6941478538332,
            21.36791027202492
          ],
          [
            39.691537315104945,
            21.36656583090667
          ],
          [
            39.69095607165688,
            21.366026137901994
          ],
          [
            39.691527136224714,
            21.36439752765209
          ],
          [
            39.69094590161382,
            21.363857834241408
          ],
          [
            39.69123397497223,
            21.363585605264436
          ],
          [
            39.6906527446993,
            21.3630459106713
          ],
          [
            39.690648933040976,
            21.362232796524133
          ],
          [
            39.68803346440649,
            21.359804143421663
          ],
          [
            39.688609605738094,
            21.35925969486427
          ],
          [
            39.68860327309926,
            21.357904503379714
          ],
          [
            39.68772768352121,
            21.356281829954703
          ],
          [
            39.68685590286253,
            21.355472266665043
          ],
          [
            39.684541271419604,
            21.355481716774708
          ],
          [
            39.684246909284425,
            21.354398741145747
          ],
          [
            39.68308457723081,
            21.35331929693174
          ],
          [
            39.68192727765787,
            21.353323999536144
          ],
          [
            39.68076497081866,
            21.352244538451068
          ]
        ]
      }
    },
    {
      "type": "Feature",
      "properties": {
        "channel_class": "drainage",
        "upstream_area_km2": 1.27,
        "source": "HydroSim D8 flow accumulation"
      },
      "geometry": {
        "type": "LineString",
        "coordinates": [
          [
            39.65305354457489,
            21.366719944743835
          ],
          [
            39.65363946700551,
            21.36834393229967
          ],
          [
            39.65480171120358,
            21.36942358097735
          ],
          [
            39.65566737236831,
            21.368878112927053
          ],
          [
            39.656536651568054,
            21.369145759819663
          ],
          [
            39.657700133335474,
            21.370496427269863
          ],
          [
            39.656552359798184,
            21.372669275774403
          ],
          [
            39.65713471724538,
            21.373480129695615
          ],
          [
            39.660904989402695,
            21.375362634354232
          ],
          [
            39.66090863937518,
            21.376175752234687
          ],
          [
            39.66148981700794,
            21.37671555049913
          ],
          [
            39.662066123481075,
            21.37617118980897
          ],
          [
            39.66438353696378,
            21.376704119173002
          ],
          [
            39.66525042787038,
            21.376429641017914
          ],
          [
            39.666122220674865,
            21.37723931436563
          ]
        ]
      }
    },
    {
      "type": "Feature",
      "properties": {
        "channel_class": "drainage",
        "upstream_area_km2": 0.594,
        "source": "HydroSim D8 flow accumulation"
      },
      "geometry": {
        "type": "LineString",
        "coordinates": [
          [
            39.71873483555897,
            21.366180552184282
          ],
          [
            39.71932147279827,
            21.367804291050792
          ],
          [
            39.7181719979236,
            21.369435464000624
          ],
          [
            39.71875335197962,
            21.36997505941461
          ],
          [
            39.71846664109576,
            21.37051837052393
          ]
        ]
      }
    },
    {
      "type": "Feature",
      "properties": {
        "channel_class": "drainage",
        "upstream_area_km2": 3.329,
        "source": "HydroSim D8 flow accumulation"
      },
      "geometry": {
        "type": "LineString",
        "coordinates": [
          [
            39.67359383704755,
            21.365825654250237
          ],
          [
            39.673013898745424,
            21.365556936196953
          ]
        ]
      }
    },
    {
      "type": "Feature",
      "properties": {
        "channel_class": "major",
        "upstream_area_km2": 11.954,
        "source": "HydroSim D8 flow accumulation"
      },
      "geometry": {
        "type": "LineString",
        "coordinates": [
          [
            39.673013898745424,
            21.365556936196953
          ],
          [
            39.67243891151062,
            21.366372371981132
          ],
          [
            39.67302256728366,
            21.3674542086512
          ],
          [
            39.67274064180456,
            21.36908160173281
          ]
        ]
      }
    },
    {
      "type": "Feature",
      "properties": {
        "channel_class": "drainage",
        "upstream_area_km2": 0.569,
        "source": "HydroSim D8 flow accumulation"
      },
      "geometry": {
        "type": "LineString",
        "coordinates": [
          [
            39.64349778306643,
            21.365130574421904
          ],
          [
            39.646381772144935,
            21.362951135381554
          ]
        ]
      }
    },
    {
      "type": "Feature",
      "properties": {
        "channel_class": "drainage",
        "upstream_area_km2": 0.917,
        "source": "HydroSim D8 flow accumulation"
      },
      "geometry": {
        "type": "LineString",
        "coordinates": [
          [
            39.66490598879353,
            21.364234021743748
          ],
          [
            39.665488356653725,
            21.365044847164057
          ],
          [
            39.66520023161097,
            21.365317033250754
          ],
          [
            39.66694369106276,
            21.36693638118308
          ],
          [
            39.66636743824724,
            21.367480757807662
          ],
          [
            39.666662925735935,
            21.36883480509274
          ],
          [
            39.66870072577417,
            21.37153713923044
          ],
          [
            39.66841628524684,
            21.37262244778102
          ],
          [
            39.669578669455205,
            21.373701989901306
          ],
          [
            39.66842858903737,
            21.375332837148562
          ],
          [
            39.669012253249726,
            21.37641468645973
          ]
        ]
      }
    },
    {
      "type": "Feature",
      "properties": {
        "channel_class": "drainage",
        "upstream_area_km2": 0.928,
        "source": "HydroSim D8 flow accumulation"
      },
      "geometry": {
        "type": "LineString",
        "coordinates": [
          [
            39.70743983905685,
            21.36406018879268
          ],
          [
            39.70627986236103,
            21.363522987318678
          ],
          [
            39.703387720796364,
            21.363806171205194
          ],
          [
            39.70164778274354,
            21.363000323173807
          ],
          [
            39.70049041169432,
            21.363005155758067
          ],
          [
            39.69875821105499,
            21.36382550234837
          ],
          [
            39.69817695305077,
            21.36328583459593
          ],
          [
            39.697020861220174,
            21.36356168097438
          ],
          [
            39.69527967980033,
            21.36248472811958
          ],
          [
            39.69296494233046,
            21.362494297303517
          ],
          [
            39.69064003987296,
            21.360335529872227
          ],
          [
            39.690636228815826,
            21.359522415460624
          ],
          [
            39.689761875631504,
            21.358170792058488
          ]
        ]
      }
    },
    {
      "type": "Feature",
      "properties": {
        "channel_class": "drainage",
        "upstream_area_km2": 0.598,
        "source": "HydroSim D8 flow accumulation"
      },
      "geometry": {
        "type": "LineString",
        "coordinates": [
          [
            39.679080238491835,
            21.363364158479765
          ],
          [
            39.67792285906888,
            21.363368835585206
          ],
          [
            39.67648235721595,
            21.364729864786508
          ],
          [
            39.675901174790404,
            21.36419011787129
          ],
          [
            39.67359383704755,
            21.365825654250237
          ]
        ]
      }
    },
    {
      "type": "Feature",
      "properties": {
        "channel_class": "major",
        "upstream_area_km2": 8.443,
        "source": "HydroSim D8 flow accumulation"
      },
      "geometry": {
        "type": "LineString",
        "coordinates": [
          [
            39.67416013351622,
            21.363112942124747
          ],
          [
            39.67387574790538,
            21.364198259522084
          ],
          [
            39.672723311497144,
            21.365287056907096
          ],
          [
            39.673013898745424,
            21.365556936196953
          ]
        ]
      }
    },
    {
      "type": "Feature",
      "properties": {
        "channel_class": "drainage",
        "upstream_area_km2": 1.799,
        "source": "HydroSim D8 flow accumulation"
      },
      "geometry": {
        "type": "LineString",
        "coordinates": [
          [
            39.646381772144935,
            21.362951135381554
          ],
          [
            39.648114270453995,
            21.362131321729702
          ],
          [
            39.64985392189219,
            21.36293773262063
          ],
          [
            39.650430220117,
            21.36239341127489
          ],
          [
            39.651589995748445,
            21.362931004318437
          ],
          [
            39.65216748711195,
            21.36265771737439
          ],
          [
            39.65361902179609,
            21.36373625222583
          ],
          [
            39.654196512305305,
            21.36346295834407
          ],
          [
            39.65506816716622,
            21.364272693896957
          ],
          [
            39.656223144478226,
            21.363726094288307
          ],
          [
            39.66058157675053,
            21.3677746691805
          ]
        ]
      }
    },
    {
      "type": "Feature",
      "properties": {
        "channel_class": "major",
        "upstream_area_km2": 7.151,
        "source": "HydroSim D8 flow accumulation"
      },
      "geometry": {
        "type": "LineString",
        "coordinates": [
          [
            39.67473137519499,
            21.361484383793183
          ],
          [
            39.675024441838254,
            21.362296337738332
          ],
          [
            39.67416013351622,
            21.363112942124747
          ]
        ]
      }
    },
    {
      "type": "Feature",
      "properties": {
        "channel_class": "drainage",
        "upstream_area_km2": 0.627,
        "source": "HydroSim D8 flow accumulation"
      },
      "geometry": {
        "type": "LineString",
        "coordinates": [
          [
            39.64087122805628,
            21.359990760396638
          ],
          [
            39.642617909140895,
            21.362423492615644
          ],
          [
            39.64377410510719,
            21.362148018397463
          ],
          [
            39.64435516480969,
            21.36268787989752
          ],
          [
            39.64522201431816,
            21.36241350588365
          ],
          [
            39.646381772144935,
            21.362951135381554
          ]
        ]
      }
    },
    {
      "type": "Feature",
      "properties": {
        "channel_class": "drainage",
        "upstream_area_km2": 0.552,
        "source": "HydroSim D8 flow accumulation"
      },
      "geometry": {
        "type": "LineString",
        "coordinates": [
          [
            39.70017917334752,
            21.358398724120583
          ],
          [
            39.69960050575239,
            21.358401135854397
          ],
          [
            39.698728648879815,
            21.35759163651815
          ],
          [
            39.69728455209136,
            21.358139725045298
          ],
          [
            39.694958380852555,
            21.35570997814492
          ],
          [
            39.692364607155554,
            21.357889038121357
          ]
        ]
      }
    },
    {
      "type": "Feature",
      "properties": {
        "channel_class": "drainage",
        "upstream_area_km2": 2.495,
        "source": "HydroSim D8 flow accumulation"
      },
      "geometry": {
        "type": "LineString",
        "coordinates": [
          [
            39.689761875631504,
            21.358170792058488
          ],
          [
            39.689471273566454,
            21.357900941950025
          ],
          [
            39.690044864052695,
            21.35681441215551
          ],
          [
            39.68626841131288,
            21.35357736225667
          ],
          [
            39.685689760939006,
            21.353579725550727
          ],
          [
            39.6827826983553,
            21.350610084917175
          ],
          [
            39.6819134859048,
            21.350342571693883
          ],
          [
            39.68076497081866,
            21.352244538451068
          ]
        ]
      }
    },
    {
      "type": "Feature",
      "properties": {
        "channel_class": "drainage",
        "upstream_area_km2": 0.256,
        "source": "HydroSim D8 flow accumulation"
      },
      "geometry": {
        "type": "LineString",
        "coordinates": [
          [
            39.69265521434052,
            21.358158883080183
          ],
          [
            39.692364607155554,
            21.357889038121357
          ]
        ]
      }
    },
    {
      "type": "Feature",
      "properties": {
        "channel_class": "drainage",
        "upstream_area_km2": 0.886,
        "source": "HydroSim D8 flow accumulation"
      },
      "geometry": {
        "type": "LineString",
        "coordinates": [
          [
            39.692364607155554,
            21.357889038121357
          ],
          [
            39.69120981653294,
            21.358435881956478
          ],
          [
            39.6903392738536,
            21.35789737603469
          ],
          [
            39.689761875631504,
            21.358170792058488
          ]
        ]
      }
    },
    {
      "type": "Feature",
      "properties": {
        "channel_class": "major",
        "upstream_area_km2": 5.701,
        "source": "HydroSim D8 flow accumulation"
      },
      "geometry": {
        "type": "LineString",
        "coordinates": [
          [
            39.67847284427507,
            21.35713260523532
          ],
          [
            39.67819099559397,
            21.358760007338404
          ],
          [
            39.67703863329791,
            21.359848833074068
          ],
          [
            39.676169375373995,
            21.359581291584696
          ],
          [
            39.675886253974504,
            21.36093765121236
          ],
          [
            39.675018233157246,
            21.36094114290019
          ],
          [
            39.67473137519499,
            21.361484383793183
          ]
        ]
      }
    },
    {
      "type": "Feature",
      "properties": {
        "channel_class": "drainage",
        "upstream_area_km2": 0.31,
        "source": "HydroSim D8 flow accumulation"
      },
      "geometry": {
        "type": "LineString",
        "coordinates": [
          [
            39.67934084203767,
            21.35712909628497
          ],
          [
            39.67847284427507,
            21.35713260523532
          ]
        ]
      }
    },
    {
      "type": "Feature",
      "properties": {
        "channel_class": "major",
        "upstream_area_km2": 5.176,
        "source": "HydroSim D8 flow accumulation"
      },
      "geometry": {
        "type": "LineString",
        "coordinates": [
          [
            39.67760110782009,
            21.35632299275891
          ],
          [
            39.67847284427507,
            21.35713260523532
          ]
        ]
      }
    },
    {
      "type": "Feature",
      "properties": {
        "channel_class": "drainage",
        "upstream_area_km2": 1.12,
        "source": "HydroSim D8 flow accumulation"
      },
      "geometry": {
        "type": "LineString",
        "coordinates": [
          [
            39.66052811069673,
            21.355848919604863
          ],
          [
            39.66285129264758,
            21.357737078868603
          ],
          [
            39.663719296756646,
            21.357733650562846
          ],
          [
            39.66430040963832,
            21.35827344189385
          ],
          [
            39.66487541247798,
            21.357458032849244
          ],
          [
            39.66836217161376,
            21.36069672409402
          ],
          [
            39.669518300782855,
            21.360421074129682
          ],
          [
            39.67126051197763,
            21.361769339262686
          ],
          [
            39.6718379603606,
            21.361495985688432
          ],
          [
            39.672709697511294,
            21.362305627618035
          ],
          [
            39.67357772678053,
            21.362302147652084
          ],
          [
            39.67416013351622,
            21.363112942124747
          ]
        ]
      }
    },
    {
      "type": "Feature",
      "properties": {
        "channel_class": "drainage",
        "upstream_area_km2": 0.668,
        "source": "HydroSim D8 flow accumulation"
      },
      "geometry": {
        "type": "LineString",
        "coordinates": [
          [
            39.63795670290156,
            21.355123038004525
          ],
          [
            39.64199198917971,
            21.35158406960096
          ],
          [
            39.64459471801428,
            21.351303056428655
          ],
          [
            39.64632709173261,
            21.350483263299193
          ]
        ]
      }
    },
    {
      "type": "Feature",
      "properties": {
        "channel_class": "drainage",
        "upstream_area_km2": 0.44,
        "source": "HydroSim D8 flow accumulation"
      },
      "geometry": {
        "type": "LineString",
        "coordinates": [
          [
            39.6451876000703,
            21.354553325522847
          ],
          [
            39.6457686340624,
            21.35509318324206
          ],
          [
            39.646636625573535,
            21.355089843620384
          ],
          [
            39.6472093357819,
            21.353732411085158
          ],
          [
            39.64807612735179,
            21.353458023515252
          ]
        ]
      }
    },
    {
      "type": "Feature",
      "properties": {
        "channel_class": "drainage",
        "upstream_area_km2": 3.143,
        "source": "HydroSim D8 flow accumulation"
      },
      "geometry": {
        "type": "LineString",
        "coordinates": [
          [
            39.64807612735179,
            21.353458023515252
          ],
          [
            39.64865716720171,
            21.353997871152337
          ],
          [
            39.649523957406785,
            21.353723476147582
          ],
          [
            39.65097538349794,
            21.354802037728643
          ],
          [
            39.65155164652326,
            21.354257712927016
          ],
          [
            39.65242323132203,
            21.355067464855356
          ],
          [
            39.653290020183064,
            21.35479305046648
          ],
          [
            39.656191761419265,
            21.356679052922907
          ],
          [
            39.65590845990975,
            21.358035383971817
          ],
          [
            39.65765415090555,
            21.360196914624265
          ],
          [
            39.65679096379566,
            21.36128447196884
          ],
          [
            39.65882241745744,
            21.362631736711304
          ],
          [
            39.65882726561793,
            21.36371589596677
          ],
          [
            39.659409598509015,
            21.364526743443218
          ],
          [
            39.65912146291112,
            21.36479891937847
          ],
          [
            39.660282502561735,
            21.36560749058763
          ],
          [
            39.65999558093565,
            21.366150707657436
          ],
          [
            39.66086849917295,
            21.36723145118749
          ],
          [
            39.66058157675053,
            21.3677746691805
          ]
        ]
      }
    },
    {
      "type": "Feature",
      "properties": {
        "channel_class": "drainage",
        "upstream_area_km2": 3.876,
        "source": "HydroSim D8 flow accumulation"
      },
      "geometry": {
        "type": "LineString",
        "coordinates": [
          [
            39.68076497081866,
            21.352244538451068
          ],
          [
            39.68047940151147,
            21.353058827647782
          ],
          [
            39.679324601589535,
            21.35360559023456
          ],
          [
            39.67904027051574,
            21.354690916103046
          ],
          [
            39.677885452350665,
            21.355237669170982
          ],
          [
            39.678176028410704,
            21.355507540121724
          ],
          [
            39.67760110782009,
            21.35632299275891
          ]
        ]
      }
    },
    {
      "type": "Feature",
      "properties": {
        "channel_class": "drainage",
        "upstream_area_km2": 1.427,
        "source": "HydroSim D8 flow accumulation"
      },
      "geometry": {
        "type": "LineString",
        "coordinates": [
          [
            39.65703318051449,
            21.350712774429432
          ],
          [
            39.65847857607866,
            21.350436069744994
          ],
          [
            39.65905479404588,
            21.349891720069188
          ],
          [
            39.65992517912567,
            21.350430392922814
          ],
          [
            39.66050139158345,
            21.34988603842278
          ],
          [
            39.661954073649,
            21.351235544567977
          ],
          [
            39.66339580484257,
            21.350145677751662
          ],
          [
            39.66513906057479,
            21.351765052514818
          ],
          [
            39.665145175507334,
            21.353120251579323
          ],
          [
            39.66746959810222,
            21.355279386758543
          ],
          [
            39.66920680621007,
            21.355543518170688
          ],
          [
            39.66978792975153,
            21.35608329035243
          ],
          [
            39.67151897620878,
            21.35499220062487
          ],
          [
            39.67325618691921,
            21.355256290056253
          ],
          [
            39.67413037321435,
            21.356608004363625
          ],
          [
            39.675287700447285,
            21.356603354799187
          ],
          [
            39.67500705876535,
            21.35850179163642
          ],
          [
            39.67385343479328,
            21.3593195570208
          ],
          [
            39.673858392715154,
            21.360403713378915
          ],
          [
            39.674439552514464,
            21.36094346819963
          ],
          [
            39.67415145226431,
            21.361215669135344
          ],
          [
            39.67473137519499,
            21.361484383793183
          ]
        ]
      }
    },
    {
      "type": "Feature",
      "properties": {
        "channel_class": "drainage",
        "upstream_area_km2": 1.577,
        "source": "HydroSim D8 flow accumulation"
      },
      "geometry": {
        "type": "LineString",
        "coordinates": [
          [
            39.64632709173261,
            21.350483263299193
          ],
          [
            39.64690692394558,
            21.350752076780882
          ],
          [
            39.64633303333361,
            21.351838467688804
          ],
          [
            39.64807612735179,
            21.353458023515252
          ]
        ]
      }
    },
    {
      "type": "Feature",
      "properties": {
        "channel_class": "drainage",
        "upstream_area_km2": 0.558,
        "source": "HydroSim D8 flow accumulation"
      },
      "geometry": {
        "type": "LineString",
        "coordinates": [
          [
            39.64486151680554,
            21.34615216627462
          ],
          [
            39.64573657763087,
            21.34777507894024
          ],
          [
            39.64574488724628,
            21.349672365856872
          ],
          [
            39.64632709173261,
            21.350483263299193
          ]
        ]
      }
    },
    {
      "type": "Feature",
      "properties": {
        "channel_class": "drainage",
        "upstream_area_km2": 1.135,
        "source": "HydroSim D8 flow accumulation"
      },
      "geometry": {
        "type": "LineString",
        "coordinates": [
          [
            39.65613506316311,
            21.34394015534856
          ],
          [
            39.65816747709852,
            21.345558477520473
          ],
          [
            39.65845557793725,
            21.34528630352813
          ],
          [
            39.66048924959768,
            21.347175636476628
          ],
          [
            39.6613559762492,
            21.34690118178964
          ],
          [
            39.66513050047963,
            21.349867773454648
          ],
          [
            39.66687009311318,
            21.350674010572575
          ],
          [
            39.66773805492069,
            21.350670562580405
          ],
          [
            39.67063742475732,
            21.352014234608994
          ],
          [
            39.67121360258094,
            21.3514698443335
          ],
          [
            39.672660212016964,
            21.351464057580124
          ],
          [
            39.67643383185647,
            21.35415934545662
          ],
          [
            39.67615196524888,
            21.355786745155548
          ],
          [
            39.67760110782009,
            21.35632299275891
          ]
        ]
      }
    }
  ]
}
